[2026-08-18 18:58:22] local.ERROR: The D:\DS-TI\CRM-DIMSUM\opm-digemid\bootstrap\cache directory must be present and writable. {"exception":"[object] (Exception(code: 0): The D:\\DS-TI\\CRM-DIMSUM\\opm-digemid\\bootstrap\\cache directory must be present and writable. at D:/DS-TI/CRM-DIMSUM/opm-digemid/vendor/laravel/framework/src/Illuminate/Foundation/PackageManifest.php:179)
[stacktrace]
#0 D:/DS-TI/CRM-DIMSUM/opm-digemid/vendor/laravel/framework/src/Illuminate/Foundation/PackageManifest.php(132): Illuminate/Foundation/PackageManifest->write(Array)
#1 D:/DS-TI/CRM-DIMSUM/opm-digemid/vendor/laravel/framework/src/Illuminate/Foundation/PackageManifest.php(108): Illuminate/Foundation/PackageManifest->build()
#2 D:/DS-TI/CRM-DIMSUM/opm-digemid/vendor/laravel/framework/src/Illuminate/Foundation/PackageManifest.php(91): Illuminate/Foundation/PackageManifest->getManifest()
#3 D:/DS-TI/CRM-DIMSUM/opm-digemid/vendor/laravel/framework/src/Illuminate/Foundation/PackageManifest.php(80): Illuminate/Foundation/PackageManifest->config('aliases')
#4 D:/DS-TI/CRM-DIMSUM/opm-digemid/vendor/laravel/framework/src/Illuminate/Foundation/Bootstrap/RegisterFacades.php(26): Illuminate/Foundation/PackageManifest->aliases()
#5 D:/DS-TI/CRM-DIMSUM/opm-digemid/vendor/laravel/framework/src/Illuminate/Foundation/Application.php(342): Illuminate/Foundation/Bootstrap/RegisterFacades->bootstrap(Object(Illuminate/Foundation/Application))
#6 D:/DS-TI/CRM-DIMSUM/opm-digemid/vendor/laravel/framework/src/Illuminate/Foundation/Console/Kernel.php(474): Illuminate/Foundation/Application->bootstrapWith(Array)
#7 D:/DS-TI/CRM-DIMSUM/opm-digemid/vendor/laravel/framework/src/Illuminate/Foundation/Console/Kernel.php(196): Illuminate/Foundation/Console/Kernel->bootstrap()
#8 D:/DS-TI/CRM-DIMSUM/opm-digemid/vendor/laravel/framework/src/Illuminate/Foundation/Application.php(1235): Illuminate/Foundation/Console/Kernel->handle(Object(Symfony/Component/Console/Input/ArgvInput), Object(Symfony/Component/Console/Output/ConsoleOutput))
#9 D:/DS-TI/CRM-DIMSUM/opm-digemid/artisan(13): Illuminate/Foundation/Application->handleCommand(Object(Symfony/Component/Console/Input/ArgvInput))
#10 {main}
"} 
[2026-08-18 18:58:28] local.ERROR: The D:\DS-TI\CRM-DIMSUM\opm-digemid\bootstrap\cache directory must be present and writable. {"exception":"[object] (Exception(code: 0): The D:\\DS-TI\\CRM-DIMSUM\\opm-digemid\\bootstrap\\cache directory must be present and writable. at D:/DS-TI/CRM-DIMSUM/opm-digemid/vendor/laravel/framework/src/Illuminate/Foundation/PackageManifest.php:179)
[stacktrace]
#0 D:/DS-TI/CRM-DIMSUM/opm-digemid/vendor/laravel/framework/src/Illuminate/Foundation/PackageManifest.php(132): Illuminate/Foundation/PackageManifest->write(Array)
#1 D:/DS-TI/CRM-DIMSUM/opm-digemid/vendor/laravel/framework/src/Illuminate/Foundation/PackageManifest.php(108): Illuminate/Foundation/PackageManifest->build()
#2 D:/DS-TI/CRM-DIMSUM/opm-digemid/vendor/laravel/framework/src/Illuminate/Foundation/PackageManifest.php(91): Illuminate/Foundation/PackageManifest->getManifest()
#3 D:/DS-TI/CRM-DIMSUM/opm-digemid/vendor/laravel/framework/src/Illuminate/Foundation/PackageManifest.php(80): Illuminate/Foundation/PackageManifest->config('aliases')
#4 D:/DS-TI/CRM-DIMSUM/opm-digemid/vendor/laravel/framework/src/Illuminate/Foundation/Bootstrap/RegisterFacades.php(26): Illuminate/Foundation/PackageManifest->aliases()
#5 D:/DS-TI/CRM-DIMSUM/opm-digemid/vendor/laravel/framework/src/Illuminate/Foundation/Application.php(342): Illuminate/Foundation/Bootstrap/RegisterFacades->bootstrap(Object(Illuminate/Foundation/Application))
#6 D:/DS-TI/CRM-DIMSUM/opm-digemid/vendor/laravel/framework/src/Illuminate/Foundation/Console/Kernel.php(474): Illuminate/Foundation/Application->bootstrapWith(Array)
#7 D:/DS-TI/CRM-DIMSUM/opm-digemid/vendor/laravel/framework/src/Illuminate/Foundation/Console/Kernel.php(196): Illuminate/Foundation/Console/Kernel->bootstrap()
#8 D:/DS-TI/CRM-DIMSUM/opm-digemid/vendor/laravel/framework/src/Illuminate/Foundation/Application.php(1235): Illuminate/Foundation/Console/Kernel->handle(Object(Symfony/Component/Console/Input/ArgvInput), Object(Symfony/Component/Console/Output/ConsoleOutput))
#9 D:/DS-TI/CRM-DIMSUM/opm-digemid/artisan(13): Illuminate/Foundation/Application->handleCommand(Object(Symfony/Component/Console/Input/ArgvInput))
#10 {main}
"} 
[2026-08-18 18:58:34] local.ERROR: Please provide a valid cache path. {"exception":"[object] (InvalidArgumentException(code: 0): Please provide a valid cache path. at D:/DS-TI/CRM-DIMSUM/opm-digemid/vendor/laravel/framework/src/Illuminate/View/Compilers/Compiler.php:67)
[stacktrace]
#0 D:/DS-TI/CRM-DIMSUM/opm-digemid/vendor/laravel/framework/src/Illuminate/View/ViewServiceProvider.php(97): Illuminate/View/Compilers/Compiler->__construct(Object(Illuminate/Filesystem/Filesystem), false, '', true, 'php')
#1 D:/DS-TI/CRM-DIMSUM/opm-digemid/vendor/laravel/framework/src/Illuminate/Container/Container.php(952): Illuminate/View/ViewServiceProvider->Illuminate/View/{closure}(Object(Illuminate/Foundation/Application), Array)
#2 D:/DS-TI/CRM-DIMSUM/opm-digemid/vendor/laravel/framework/src/Illuminate/Container/Container.php(832): Illuminate/Container/Container->build(Object(Closure))
#3 D:/DS-TI/CRM-DIMSUM/opm-digemid/vendor/laravel/framework/src/Illuminate/Foundation/Application.php(1078): Illuminate/Container/Container->resolve('blade.compiler', Array, true)
#4 D:/DS-TI/CRM-DIMSUM/opm-digemid/vendor/laravel/framework/src/Illuminate/Container/Container.php(763): Illuminate/Foundation/Application->resolve('blade.compiler', Array)
#5 D:/DS-TI/CRM-DIMSUM/opm-digemid/vendor/laravel/framework/src/Illuminate/Foundation/Application.php(1058): Illuminate/Container/Container->make('blade.compiler', Array)
#6 D:/DS-TI/CRM-DIMSUM/opm-digemid/vendor/laravel/framework/src/Illuminate/Container/Container.php(1580): Illuminate/Foundation/Application->make('blade.compiler')
#7 D:/DS-TI/CRM-DIMSUM/opm-digemid/vendor/laravel/framework/src/Illuminate/Support/Facades/Facade.php(239): Illuminate/Container/Container->offsetGet('blade.compiler')
#8 D:/DS-TI/CRM-DIMSUM/opm-digemid/vendor/laravel/framework/src/Illuminate/Support/Facades/Facade.php(210): Illuminate/Support/Facades/Facade::resolveFacadeInstance('blade.compiler')
#9 D:/DS-TI/CRM-DIMSUM/opm-digemid/vendor/laravel/framework/src/Illuminate/Support/Facades/Facade.php(355): Illuminate/Support/Facades/Facade::getFacadeRoot()
#10 D:/DS-TI/CRM-DIMSUM/opm-digemid/vendor/blade-ui-kit/blade-icons/src/BladeIconsServiceProvider.php(122): Illuminate/Support/Facades/Facade::__callStatic('directive', Array)
#11 D:/DS-TI/CRM-DIMSUM/opm-digemid/vendor/blade-ui-kit/blade-icons/src/BladeIconsServiceProvider.php(27): BladeUI/Icons/BladeIconsServiceProvider->bootDirectives()
#12 D:/DS-TI/CRM-DIMSUM/opm-digemid/vendor/laravel/framework/src/Illuminate/Container/BoundMethod.php(36): BladeUI/Icons/BladeIconsServiceProvider->boot()
#13 D:/DS-TI/CRM-DIMSUM/opm-digemid/vendor/laravel/framework/src/Illuminate/Container/Util.php(43): Illuminate/Container/BoundMethod::Illuminate/Container/{closure}()
#14 D:/DS-TI/CRM-DIMSUM/opm-digemid/vendor/laravel/framework/src/Illuminate/Container/BoundMethod.php(95): Illuminate/Container/Util::unwrapIfClosure(Object(Closure))
#15 D:/DS-TI/CRM-DIMSUM/opm-digemid/vendor/laravel/framework/src/Illuminate/Container/BoundMethod.php(35): Illuminate/Container/BoundMethod::callBoundMethod(Object(Illuminate/Foundation/Application), Array, Object(Closure))
#16 D:/DS-TI/CRM-DIMSUM/opm-digemid/vendor/laravel/framework/src/Illuminate/Container/Container.php(696): Illuminate/Container/BoundMethod::call(Object(Illuminate/Foundation/Application), Array, Array, NULL)
#17 D:/DS-TI/CRM-DIMSUM/opm-digemid/vendor/laravel/framework/src/Illuminate/Foundation/Application.php(1151): Illuminate/Container/Container->call(Array)
#18 D:/DS-TI/CRM-DIMSUM/opm-digemid/vendor/laravel/framework/src/Illuminate/Foundation/Application.php(1132): Illuminate/Foundation/Application->bootProvider(Object(BladeUI/Icons/BladeIconsServiceProvider))
#19 [internal function]: Illuminate/Foundation/Application->Illuminate/Foundation/{closure}(Object(BladeUI/Icons/BladeIconsServiceProvider), 'BladeUI//Icons//B...')
#20 D:/DS-TI/CRM-DIMSUM/opm-digemid/vendor/laravel/framework/src/Illuminate/Foundation/Application.php(1131): array_walk(Array, Object(Closure))
#21 D:/DS-TI/CRM-DIMSUM/opm-digemid/vendor/laravel/framework/src/Illuminate/Foundation/Bootstrap/BootProviders.php(17): Illuminate/Foundation/Application->boot()
#22 D:/DS-TI/CRM-DIMSUM/opm-digemid/vendor/laravel/framework/src/Illuminate/Foundation/Application.php(342): Illuminate/Foundation/Bootstrap/BootProviders->bootstrap(Object(Illuminate/Foundation/Application))
#23 D:/DS-TI/CRM-DIMSUM/opm-digemid/vendor/laravel/framework/src/Illuminate/Foundation/Console/Kernel.php(474): Illuminate/Foundation/Application->bootstrapWith(Array)
#24 D:/DS-TI/CRM-DIMSUM/opm-digemid/vendor/laravel/framework/src/Illuminate/Foundation/Console/Kernel.php(196): Illuminate/Foundation/Console/Kernel->bootstrap()
#25 D:/DS-TI/CRM-DIMSUM/opm-digemid/vendor/laravel/framework/src/Illuminate/Foundation/Application.php(1235): Illuminate/Foundation/Console/Kernel->handle(Object(Symfony/Component/Console/Input/ArgvInput), Object(Symfony/Component/Console/Output/ConsoleOutput))
#26 D:/DS-TI/CRM-DIMSUM/opm-digemid/artisan(13): Illuminate/Foundation/Application->handleCommand(Object(Symfony/Component/Console/Input/ArgvInput))
#27 {main}
"} 
[2026-08-18 18:58:43] local.ERROR: SQLSTATE[HY000]: General error: 1 near "TRUNCATE": syntax error (Connection: sqlite, SQL: TRUNCATE TABLE opm_detalles CASCADE) {"exception":"[object] (Illuminate\\Database\\QueryException(code: HY000): SQLSTATE[HY000]: General error: 1 near \"TRUNCATE\": syntax error (Connection: sqlite, SQL: TRUNCATE TABLE opm_detalles CASCADE) at D:/DS-TI/CRM-DIMSUM/opm-digemid/vendor/laravel/framework/src/Illuminate/Database/Connection.php:825)
[stacktrace]
#0 D:/DS-TI/CRM-DIMSUM/opm-digemid/vendor/laravel/framework/src/Illuminate/Database/Connection.php(779): Illuminate/Database/Connection->runQueryCallback('TRUNCATE TABLE ...', Array, Object(Closure))
#1 D:/DS-TI/CRM-DIMSUM/opm-digemid/vendor/laravel/framework/src/Illuminate/Database/Connection.php(560): Illuminate/Database/Connection->run('TRUNCATE TABLE ...', Array, Object(Closure))
#2 D:/DS-TI/CRM-DIMSUM/opm-digemid/vendor/laravel/framework/src/Illuminate/Database/DatabaseManager.php(495): Illuminate/Database/Connection->statement('TRUNCATE TABLE ...')
#3 D:/DS-TI/CRM-DIMSUM/opm-digemid/vendor/laravel/framework/src/Illuminate/Support/Facades/Facade.php(361): Illuminate/Database/DatabaseManager->__call('statement', Array)
#4 D:/DS-TI/CRM-DIMSUM/opm-digemid/database/migrations/2026_07_24_013224_fix_pk_include_parametro_id_in_opm_tables.php(18): Illuminate/Support/Facades/Facade::__callStatic('statement', Array)
#5 D:/DS-TI/CRM-DIMSUM/opm-digemid/vendor/laravel/framework/src/Illuminate/Database/Migrations/Migrator.php(507): Illuminate/Database/Migrations/Migration@anonymous->up()
#6 D:/DS-TI/CRM-DIMSUM/opm-digemid/vendor/laravel/framework/src/Illuminate/Database/Migrations/Migrator.php(432): Illuminate/Database/Migrations/Migrator->runMethod(Object(Illuminate/Database/SQLiteConnection), Object(Illuminate/Database/Migrations/Migration@anonymous), 'up')
#7 D:/DS-TI/CRM-DIMSUM/opm-digemid/vendor/laravel/framework/src/Illuminate/Database/Migrations/Migrator.php(441): Illuminate/Database/Migrations/Migrator->Illuminate/Database/Migrations/{closure}()
#8 D:/DS-TI/CRM-DIMSUM/opm-digemid/vendor/laravel/framework/src/Illuminate/Database/Migrations/Migrator.php(244): Illuminate/Database/Migrations/Migrator->runMigration(Object(Illuminate/Database/Migrations/Migration@anonymous), 'up')
#9 D:/DS-TI/CRM-DIMSUM/opm-digemid/vendor/laravel/framework/src/Illuminate/Console/View/Components/Task.php(40): Illuminate/Database/Migrations/Migrator->Illuminate/Database/Migrations/{closure}()
#10 D:/DS-TI/CRM-DIMSUM/opm-digemid/vendor/laravel/framework/src/Illuminate/Database/Migrations/Migrator.php(798): Illuminate/Console/View/Components/Task->render('2026_07_24_0132...', Object(Closure))
#11 D:/DS-TI/CRM-DIMSUM/opm-digemid/vendor/laravel/framework/src/Illuminate/Database/Migrations/Migrator.php(244): Illuminate/Database/Migrations/Migrator->write('Illuminate//Cons...', '2026_07_24_0132...', Object(Closure))
#12 D:/DS-TI/CRM-DIMSUM/opm-digemid/vendor/laravel/framework/src/Illuminate/Database/Migrations/Migrator.php(211): Illuminate/Database/Migrations/Migrator->runUp('D://DS-TI//CRM-DI...', 2, false)
#13 D:/DS-TI/CRM-DIMSUM/opm-digemid/vendor/laravel/framework/src/Illuminate/Database/Migrations/Migrator.php(138): Illuminate/Database/Migrations/Migrator->runPending(Array, Array)
#14 D:/DS-TI/CRM-DIMSUM/opm-digemid/vendor/laravel/framework/src/Illuminate/Database/Console/Migrations/MigrateCommand.php(117): Illuminate/Database/Migrations/Migrator->run(Array, Array)
#15 D:/DS-TI/CRM-DIMSUM/opm-digemid/vendor/laravel/framework/src/Illuminate/Database/Migrations/Migrator.php(658): Illuminate/Database/Console/Migrations/MigrateCommand->Illuminate/Database/Console/Migrations/{closure}()
#16 D:/DS-TI/CRM-DIMSUM/opm-digemid/vendor/laravel/framework/src/Illuminate/Database/Console/Migrations/MigrateCommand.php(110): Illuminate/Database/Migrations/Migrator->usingConnection(NULL, Object(Closure))
#17 D:/DS-TI/CRM-DIMSUM/opm-digemid/vendor/laravel/framework/src/Illuminate/Database/Console/Migrations/MigrateCommand.php(89): Illuminate/Database/Console/Migrations/MigrateCommand->runMigrations()
#18 D:/DS-TI/CRM-DIMSUM/opm-digemid/vendor/laravel/framework/src/Illuminate/Container/BoundMethod.php(36): Illuminate/Database/Console/Migrations/MigrateCommand->handle()
#19 D:/DS-TI/CRM-DIMSUM/opm-digemid/vendor/laravel/framework/src/Illuminate/Container/Util.php(43): Illuminate/Container/BoundMethod::Illuminate/Container/{closure}()
#20 D:/DS-TI/CRM-DIMSUM/opm-digemid/vendor/laravel/framework/src/Illuminate/Container/BoundMethod.php(95): Illuminate/Container/Util::unwrapIfClosure(Object(Closure))
#21 D:/DS-TI/CRM-DIMSUM/opm-digemid/vendor/laravel/framework/src/Illuminate/Container/BoundMethod.php(35): Illuminate/Container/BoundMethod::callBoundMethod(Object(Illuminate/Foundation/Application), Array, Object(Closure))
#22 D:/DS-TI/CRM-DIMSUM/opm-digemid/vendor/laravel/framework/src/Illuminate/Container/Container.php(696): Illuminate/Container/BoundMethod::call(Object(Illuminate/Foundation/Application), Array, Array, NULL)
#23 D:/DS-TI/CRM-DIMSUM/opm-digemid/vendor/laravel/framework/src/Illuminate/Console/Command.php(213): Illuminate/Container/Container->call(Array)
#24 D:/DS-TI/CRM-DIMSUM/opm-digemid/vendor/symfony/console/Command/Command.php(341): Illuminate/Console/Command->execute(Object(Symfony/Component/Console/Input/ArgvInput), Object(Illuminate/Console/OutputStyle))
#25 D:/DS-TI/CRM-DIMSUM/opm-digemid/vendor/laravel/framework/src/Illuminate/Console/Command.php(182): Symfony/Component/Console/Command/Command->run(Object(Symfony/Component/Console/Input/ArgvInput), Object(Illuminate/Console/OutputStyle))
#26 D:/DS-TI/CRM-DIMSUM/opm-digemid/vendor/symfony/console/Application.php(1117): Illuminate/Console/Command->run(Object(Symfony/Component/Console/Input/ArgvInput), Object(Symfony/Component/Console/Output/ConsoleOutput))
#27 D:/DS-TI/CRM-DIMSUM/opm-digemid/vendor/symfony/console/Application.php(356): Symfony/Component/Console/Application->doRunCommand(Object(Illuminate/Database/Console/Migrations/MigrateCommand), Object(Symfony/Component/Console/Input/ArgvInput), Object(Symfony/Component/Console/Output/ConsoleOutput))
#28 D:/DS-TI/CRM-DIMSUM/opm-digemid/vendor/symfony/console/Application.php(195): Symfony/Component/Console/Application->doRun(Object(Symfony/Component/Console/Input/ArgvInput), Object(Symfony/Component/Console/Output/ConsoleOutput))
#29 D:/DS-TI/CRM-DIMSUM/opm-digemid/vendor/laravel/framework/src/Illuminate/Foundation/Console/Kernel.php(198): Symfony/Component/Console/Application->run(Object(Symfony/Component/Console/Input/ArgvInput), Object(Symfony/Component/Console/Output/ConsoleOutput))
#30 D:/DS-TI/CRM-DIMSUM/opm-digemid/vendor/laravel/framework/src/Illuminate/Foundation/Application.php(1235): Illuminate/Foundation/Console/Kernel->handle(Object(Symfony/Component/Console/Input/ArgvInput), Object(Symfony/Component/Console/Output/ConsoleOutput))
#31 D:/DS-TI/CRM-DIMSUM/opm-digemid/artisan(13): Illuminate/Foundation/Application->handleCommand(Object(Symfony/Component/Console/Input/ArgvInput))
#32 {main}

[previous exception] [object] (PDOException(code: HY000): SQLSTATE[HY000]: General error: 1 near \"TRUNCATE\": syntax error at D:/DS-TI/CRM-DIMSUM/opm-digemid/vendor/laravel/framework/src/Illuminate/Database/Connection.php:565)
[stacktrace]
#0 D:/DS-TI/CRM-DIMSUM/opm-digemid/vendor/laravel/framework/src/Illuminate/Database/Connection.php(565): PDO->prepare('TRUNCATE TABLE ...')
#1 D:/DS-TI/CRM-DIMSUM/opm-digemid/vendor/laravel/framework/src/Illuminate/Database/Connection.php(812): Illuminate/Database/Connection->Illuminate/Database/{closure}('TRUNCATE TABLE ...', Array)
#2 D:/DS-TI/CRM-DIMSUM/opm-digemid/vendor/laravel/framework/src/Illuminate/Database/Connection.php(779): Illuminate/Database/Connection->runQueryCallback('TRUNCATE TABLE ...', Array, Object(Closure))
#3 D:/DS-TI/CRM-DIMSUM/opm-digemid/vendor/laravel/framework/src/Illuminate/Database/Connection.php(560): Illuminate/Database/Connection->run('TRUNCATE TABLE ...', Array, Object(Closure))
#4 D:/DS-TI/CRM-DIMSUM/opm-digemid/vendor/laravel/framework/src/Illuminate/Database/DatabaseManager.php(495): Illuminate/Database/Connection->statement('TRUNCATE TABLE ...')
#5 D:/DS-TI/CRM-DIMSUM/opm-digemid/vendor/laravel/framework/src/Illuminate/Support/Facades/Facade.php(361): Illuminate/Database/DatabaseManager->__call('statement', Array)
#6 D:/DS-TI/CRM-DIMSUM/opm-digemid/database/migrations/2026_07_24_013224_fix_pk_include_parametro_id_in_opm_tables.php(18): Illuminate/Support/Facades/Facade::__callStatic('statement', Array)
#7 D:/DS-TI/CRM-DIMSUM/opm-digemid/vendor/laravel/framework/src/Illuminate/Database/Migrations/Migrator.php(507): Illuminate/Database/Migrations/Migration@anonymous->up()
#8 D:/DS-TI/CRM-DIMSUM/opm-digemid/vendor/laravel/framework/src/Illuminate/Database/Migrations/Migrator.php(432): Illuminate/Database/Migrations/Migrator->runMethod(Object(Illuminate/Database/SQLiteConnection), Object(Illuminate/Database/Migrations/Migration@anonymous), 'up')
#9 D:/DS-TI/CRM-DIMSUM/opm-digemid/vendor/laravel/framework/src/Illuminate/Database/Migrations/Migrator.php(441): Illuminate/Database/Migrations/Migrator->Illuminate/Database/Migrations/{closure}()
#10 D:/DS-TI/CRM-DIMSUM/opm-digemid/vendor/laravel/framework/src/Illuminate/Database/Migrations/Migrator.php(244): Illuminate/Database/Migrations/Migrator->runMigration(Object(Illuminate/Database/Migrations/Migration@anonymous), 'up')
#11 D:/DS-TI/CRM-DIMSUM/opm-digemid/vendor/laravel/framework/src/Illuminate/Console/View/Components/Task.php(40): Illuminate/Database/Migrations/Migrator->Illuminate/Database/Migrations/{closure}()
#12 D:/DS-TI/CRM-DIMSUM/opm-digemid/vendor/laravel/framework/src/Illuminate/Database/Migrations/Migrator.php(798): Illuminate/Console/View/Components/Task->render('2026_07_24_0132...', Object(Closure))
#13 D:/DS-TI/CRM-DIMSUM/opm-digemid/vendor/laravel/framework/src/Illuminate/Database/Migrations/Migrator.php(244): Illuminate/Database/Migrations/Migrator->write('Illuminate//Cons...', '2026_07_24_0132...', Object(Closure))
#14 D:/DS-TI/CRM-DIMSUM/opm-digemid/vendor/laravel/framework/src/Illuminate/Database/Migrations/Migrator.php(211): Illuminate/Database/Migrations/Migrator->runUp('D://DS-TI//CRM-DI...', 2, false)
#15 D:/DS-TI/CRM-DIMSUM/opm-digemid/vendor/laravel/framework/src/Illuminate/Database/Migrations/Migrator.php(138): Illuminate/Database/Migrations/Migrator->runPending(Array, Array)
#16 D:/DS-TI/CRM-DIMSUM/opm-digemid/vendor/laravel/framework/src/Illuminate/Database/Console/Migrations/MigrateCommand.php(117): Illuminate/Database/Migrations/Migrator->run(Array, Array)
#17 D:/DS-TI/CRM-DIMSUM/opm-digemid/vendor/laravel/framework/src/Illuminate/Database/Migrations/Migrator.php(658): Illuminate/Database/Console/Migrations/MigrateCommand->Illuminate/Database/Console/Migrations/{closure}()
#18 D:/DS-TI/CRM-DIMSUM/opm-digemid/vendor/laravel/framework/src/Illuminate/Database/Console/Migrations/MigrateCommand.php(110): Illuminate/Database/Migrations/Migrator->usingConnection(NULL, Object(Closure))
#19 D:/DS-TI/CRM-DIMSUM/opm-digemid/vendor/laravel/framework/src/Illuminate/Database/Console/Migrations/MigrateCommand.php(89): Illuminate/Database/Console/Migrations/MigrateCommand->runMigrations()
#20 D:/DS-TI/CRM-DIMSUM/opm-digemid/vendor/laravel/framework/src/Illuminate/Container/BoundMethod.php(36): Illuminate/Database/Console/Migrations/MigrateCommand->handle()
#21 D:/DS-TI/CRM-DIMSUM/opm-digemid/vendor/laravel/framework/src/Illuminate/Container/Util.php(43): Illuminate/Container/BoundMethod::Illuminate/Container/{closure}()
#22 D:/DS-TI/CRM-DIMSUM/opm-digemid/vendor/laravel/framework/src/Illuminate/Container/BoundMethod.php(95): Illuminate/Container/Util::unwrapIfClosure(Object(Closure))
#23 D:/DS-TI/CRM-DIMSUM/opm-digemid/vendor/laravel/framework/src/Illuminate/Container/BoundMethod.php(35): Illuminate/Container/BoundMethod::callBoundMethod(Object(Illuminate/Foundation/Application), Array, Object(Closure))
#24 D:/DS-TI/CRM-DIMSUM/opm-digemid/vendor/laravel/framework/src/Illuminate/Container/Container.php(696): Illuminate/Container/BoundMethod::call(Object(Illuminate/Foundation/Application), Array, Array, NULL)
#25 D:/DS-TI/CRM-DIMSUM/opm-digemid/vendor/laravel/framework/src/Illuminate/Console/Command.php(213): Illuminate/Container/Container->call(Array)
#26 D:/DS-TI/CRM-DIMSUM/opm-digemid/vendor/symfony/console/Command/Command.php(341): Illuminate/Console/Command->execute(Object(Symfony/Component/Console/Input/ArgvInput), Object(Illuminate/Console/OutputStyle))
#27 D:/DS-TI/CRM-DIMSUM/opm-digemid/vendor/laravel/framework/src/Illuminate/Console/Command.php(182): Symfony/Component/Console/Command/Command->run(Object(Symfony/Component/Console/Input/ArgvInput), Object(Illuminate/Console/OutputStyle))
#28 D:/DS-TI/CRM-DIMSUM/opm-digemid/vendor/symfony/console/Application.php(1117): Illuminate/Console/Command->run(Object(Symfony/Component/Console/Input/ArgvInput), Object(Symfony/Component/Console/Output/ConsoleOutput))
#29 D:/DS-TI/CRM-DIMSUM/opm-digemid/vendor/symfony/console/Application.php(356): Symfony/Component/Console/Application->doRunCommand(Object(Illuminate/Database/Console/Migrations/MigrateCommand), Object(Symfony/Component/Console/Input/ArgvInput), Object(Symfony/Component/Console/Output/ConsoleOutput))
#30 D:/DS-TI/CRM-DIMSUM/opm-digemid/vendor/symfony/console/Application.php(195): Symfony/Component/Console/Application->doRun(Object(Symfony/Component/Console/Input/ArgvInput), Object(Symfony/Component/Console/Output/ConsoleOutput))
#31 D:/DS-TI/CRM-DIMSUM/opm-digemid/vendor/laravel/framework/src/Illuminate/Foundation/Console/Kernel.php(198): Symfony/Component/Console/Application->run(Object(Symfony/Component/Console/Input/ArgvInput), Object(Symfony/Component/Console/Output/ConsoleOutput))
#32 D:/DS-TI/CRM-DIMSUM/opm-digemid/vendor/laravel/framework/src/Illuminate/Foundation/Application.php(1235): Illuminate/Foundation/Console/Kernel->handle(Object(Symfony/Component/Console/Input/ArgvInput), Object(Symfony/Component/Console/Output/ConsoleOutput))
#33 D:/DS-TI/CRM-DIMSUM/opm-digemid/artisan(13): Illuminate/Foundation/Application->handleCommand(Object(Symfony/Component/Console/Input/ArgvInput))
#34 {main}
"} 
[2026-08-18 16:34:36] local.ERROR: Livewire request payload is too large (1404KB). Maximum allowed size is 1024KB. You can configure this limit in config/livewire.php under 'payload.max_size'. {"userId":1,"exception":"[object] (Livewire\\Exceptions\\PayloadTooLargeException(code: 0): Livewire request payload is too large (1404KB). Maximum allowed size is 1024KB. You can configure this limit in config/livewire.php under 'payload.max_size'. at D:/DS-TI/CRM-DIMSUM/opm-digemid/vendor/livewire/livewire/src/Mechanisms/HandleRequests/HandleRequests.php:155)
[stacktrace]
#0 D:/DS-TI/CRM-DIMSUM/opm-digemid/vendor/laravel/framework/src/Illuminate/Routing/ControllerDispatcher.php(47): Livewire/Mechanisms/HandleRequests/HandleRequests->handleUpdate()
#1 D:/DS-TI/CRM-DIMSUM/opm-digemid/vendor/laravel/framework/src/Illuminate/Routing/Route.php(266): Illuminate/Routing/ControllerDispatcher->dispatch(Object(Illuminate/Routing/Route), Object(Livewire/Mechanisms/HandleRequests/HandleRequests), 'handleUpdate')
#2 D:/DS-TI/CRM-DIMSUM/opm-digemid/vendor/laravel/framework/src/Illuminate/Routing/Route.php(212): Illuminate/Routing/Route->runController()
#3 D:/DS-TI/CRM-DIMSUM/opm-digemid/vendor/laravel/framework/src/Illuminate/Routing/Router.php(808): Illuminate/Routing/Route->run()
#4 D:/DS-TI/CRM-DIMSUM/opm-digemid/vendor/laravel/framework/src/Illuminate/Pipeline/Pipeline.php(170): Illuminate/Routing/Router->Illuminate/Routing/{closure}(Object(Illuminate/Http/Request))
#5 D:/DS-TI/CRM-DIMSUM/opm-digemid/vendor/livewire/livewire/src/Mechanisms/HandleRequests/RequireLivewireHeaders.php(19): Illuminate/Pipeline/Pipeline->Illuminate/Pipeline/{closure}(Object(Illuminate/Http/Request))
#6 D:/DS-TI/CRM-DIMSUM/opm-digemid/vendor/laravel/framework/src/Illuminate/Pipeline/Pipeline.php(209): Livewire/Mechanisms/HandleRequests/RequireLivewireHeaders->handle(Object(Illuminate/Http/Request), Object(Closure))
#7 D:/DS-TI/CRM-DIMSUM/opm-digemid/vendor/laravel/framework/src/Illuminate/Routing/Middleware/SubstituteBindings.php(51): Illuminate/Pipeline/Pipeline->Illuminate/Pipeline/{closure}(Object(Illuminate/Http/Request))
#8 D:/DS-TI/CRM-DIMSUM/opm-digemid/vendor/laravel/framework/src/Illuminate/Pipeline/Pipeline.php(209): Illuminate/Routing/Middleware/SubstituteBindings->handle(Object(Illuminate/Http/Request), Object(Closure))
#9 D:/DS-TI/CRM-DIMSUM/opm-digemid/vendor/laravel/framework/src/Illuminate/Foundation/Http/Middleware/VerifyCsrfToken.php(88): Illuminate/Pipeline/Pipeline->Illuminate/Pipeline/{closure}(Object(Illuminate/Http/Request))
#10 D:/DS-TI/CRM-DIMSUM/opm-digemid/vendor/laravel/framework/src/Illuminate/Pipeline/Pipeline.php(209): Illuminate/Foundation/Http/Middleware/VerifyCsrfToken->handle(Object(Illuminate/Http/Request), Object(Closure))
#11 D:/DS-TI/CRM-DIMSUM/opm-digemid/vendor/laravel/framework/src/Illuminate/View/Middleware/ShareErrorsFromSession.php(49): Illuminate/Pipeline/Pipeline->Illuminate/Pipeline/{closure}(Object(Illuminate/Http/Request))
#12 D:/DS-TI/CRM-DIMSUM/opm-digemid/vendor/laravel/framework/src/Illuminate/Pipeline/Pipeline.php(209): Illuminate/View/Middleware/ShareErrorsFromSession->handle(Object(Illuminate/Http/Request), Object(Closure))
#13 D:/DS-TI/CRM-DIMSUM/opm-digemid/vendor/laravel/framework/src/Illuminate/Session/Middleware/StartSession.php(121): Illuminate/Pipeline/Pipeline->Illuminate/Pipeline/{closure}(Object(Illuminate/Http/Request))
#14 D:/DS-TI/CRM-DIMSUM/opm-digemid/vendor/laravel/framework/src/Illuminate/Session/Middleware/StartSession.php(64): Illuminate/Session/Middleware/StartSession->handleStatefulRequest(Object(Illuminate/Http/Request), Object(Illuminate/Session/Store), Object(Closure))
#15 D:/DS-TI/CRM-DIMSUM/opm-digemid/vendor/laravel/framework/src/Illuminate/Pipeline/Pipeline.php(209): Illuminate/Session/Middleware/StartSession->handle(Object(Illuminate/Http/Request), Object(Closure))
#16 D:/DS-TI/CRM-DIMSUM/opm-digemid/vendor/laravel/framework/src/Illuminate/Cookie/Middleware/AddQueuedCookiesToResponse.php(37): Illuminate/Pipeline/Pipeline->Illuminate/Pipeline/{closure}(Object(Illuminate/Http/Request))
#17 D:/DS-TI/CRM-DIMSUM/opm-digemid/vendor/laravel/framework/src/Illuminate/Pipeline/Pipeline.php(209): Illuminate/Cookie/Middleware/AddQueuedCookiesToResponse->handle(Object(Illuminate/Http/Request), Object(Closure))
#18 D:/DS-TI/CRM-DIMSUM/opm-digemid/vendor/laravel/framework/src/Illuminate/Cookie/Middleware/EncryptCookies.php(75): Illuminate/Pipeline/Pipeline->Illuminate/Pipeline/{closure}(Object(Illuminate/Http/Request))
#19 D:/DS-TI/CRM-DIMSUM/opm-digemid/vendor/laravel/framework/src/Illuminate/Pipeline/Pipeline.php(209): Illuminate/Cookie/Middleware/EncryptCookies->handle(Object(Illuminate/Http/Request), Object(Closure))
#20 D:/DS-TI/CRM-DIMSUM/opm-digemid/vendor/laravel/framework/src/Illuminate/Pipeline/Pipeline.php(127): Illuminate/Pipeline/Pipeline->Illuminate/Pipeline/{closure}(Object(Illuminate/Http/Request))
#21 D:/DS-TI/CRM-DIMSUM/opm-digemid/vendor/laravel/framework/src/Illuminate/Routing/Router.php(807): Illuminate/Pipeline/Pipeline->then(Object(Closure))
#22 D:/DS-TI/CRM-DIMSUM/opm-digemid/vendor/laravel/framework/src/Illuminate/Routing/Router.php(786): Illuminate/Routing/Router->runRouteWithinStack(Object(Illuminate/Routing/Route), Object(Illuminate/Http/Request))
#23 D:/DS-TI/CRM-DIMSUM/opm-digemid/vendor/laravel/framework/src/Illuminate/Routing/Router.php(750): Illuminate/Routing/Router->runRoute(Object(Illuminate/Http/Request), Object(Illuminate/Routing/Route))
#24 D:/DS-TI/CRM-DIMSUM/opm-digemid/vendor/laravel/framework/src/Illuminate/Routing/Router.php(739): Illuminate/Routing/Router->dispatchToRoute(Object(Illuminate/Http/Request))
#25 D:/DS-TI/CRM-DIMSUM/opm-digemid/vendor/laravel/framework/src/Illuminate/Foundation/Http/Kernel.php(201): Illuminate/Routing/Router->dispatch(Object(Illuminate/Http/Request))
#26 D:/DS-TI/CRM-DIMSUM/opm-digemid/vendor/laravel/framework/src/Illuminate/Pipeline/Pipeline.php(170): Illuminate/Foundation/Http/Kernel->Illuminate/Foundation/Http/{closure}(Object(Illuminate/Http/Request))
#27 D:/DS-TI/CRM-DIMSUM/opm-digemid/vendor/livewire/livewire/src/Features/SupportDisablingBackButtonCache/DisableBackButtonCacheMiddleware.php(19): Illuminate/Pipeline/Pipeline->Illuminate/Pipeline/{closure}(Object(Illuminate/Http/Request))
#28 D:/DS-TI/CRM-DIMSUM/opm-digemid/vendor/laravel/framework/src/Illuminate/Pipeline/Pipeline.php(209): Livewire/Features/SupportDisablingBackButtonCache/DisableBackButtonCacheMiddleware->handle(Object(Illuminate/Http/Request), Object(Closure))
#29 D:/DS-TI/CRM-DIMSUM/opm-digemid/app/Http/Middleware/SecurityHeaders.php(13): Illuminate/Pipeline/Pipeline->Illuminate/Pipeline/{closure}(Object(Illuminate/Http/Request))
#30 D:/DS-TI/CRM-DIMSUM/opm-digemid/vendor/laravel/framework/src/Illuminate/Pipeline/Pipeline.php(209): App/Http/Middleware/SecurityHeaders->handle(Object(Illuminate/Http/Request), Object(Closure))
#31 D:/DS-TI/CRM-DIMSUM/opm-digemid/vendor/laravel/framework/src/Illuminate/Foundation/Http/Middleware/ConvertEmptyStringsToNull.php(27): Illuminate/Pipeline/Pipeline->Illuminate/Pipeline/{closure}(Object(Illuminate/Http/Request))
#32 D:/DS-TI/CRM-DIMSUM/opm-digemid/vendor/laravel/framework/src/Illuminate/Pipeline/Pipeline.php(209): Illuminate/Foundation/Http/Middleware/ConvertEmptyStringsToNull->handle(Object(Illuminate/Http/Request), Object(Closure))
#33 D:/DS-TI/CRM-DIMSUM/opm-digemid/vendor/laravel/framework/src/Illuminate/Foundation/Http/Middleware/TrimStrings.php(47): Illuminate/Pipeline/Pipeline->Illuminate/Pipeline/{closure}(Object(Illuminate/Http/Request))
#34 D:/DS-TI/CRM-DIMSUM/opm-digemid/vendor/laravel/framework/src/Illuminate/Pipeline/Pipeline.php(209): Illuminate/Foundation/Http/Middleware/TrimStrings->handle(Object(Illuminate/Http/Request), Object(Closure))
#35 D:/DS-TI/CRM-DIMSUM/opm-digemid/vendor/laravel/framework/src/Illuminate/Http/Middleware/ValidatePostSize.php(27): Illuminate/Pipeline/Pipeline->Illuminate/Pipeline/{closure}(Object(Illuminate/Http/Request))
#36 D:/DS-TI/CRM-DIMSUM/opm-digemid/vendor/laravel/framework/src/Illuminate/Pipeline/Pipeline.php(209): Illuminate/Http/Middleware/ValidatePostSize->handle(Object(Illuminate/Http/Request), Object(Closure))
#37 D:/DS-TI/CRM-DIMSUM/opm-digemid/vendor/laravel/framework/src/Illuminate/Foundation/Http/Middleware/PreventRequestsDuringMaintenance.php(110): Illuminate/Pipeline/Pipeline->Illuminate/Pipeline/{closure}(Object(Illuminate/Http/Request))
#38 D:/DS-TI/CRM-DIMSUM/opm-digemid/vendor/laravel/framework/src/Illuminate/Pipeline/Pipeline.php(209): Illuminate/Foundation/Http/Middleware/PreventRequestsDuringMaintenance->handle(Object(Illuminate/Http/Request), Object(Closure))
#39 D:/DS-TI/CRM-DIMSUM/opm-digemid/vendor/laravel/framework/src/Illuminate/Http/Middleware/HandleCors.php(49): Illuminate/Pipeline/Pipeline->Illuminate/Pipeline/{closure}(Object(Illuminate/Http/Request))
#40 D:/DS-TI/CRM-DIMSUM/opm-digemid/vendor/laravel/framework/src/Illuminate/Pipeline/Pipeline.php(209): Illuminate/Http/Middleware/HandleCors->handle(Object(Illuminate/Http/Request), Object(Closure))
#41 D:/DS-TI/CRM-DIMSUM/opm-digemid/vendor/laravel/framework/src/Illuminate/Http/Middleware/TrustProxies.php(58): Illuminate/Pipeline/Pipeline->Illuminate/Pipeline/{closure}(Object(Illuminate/Http/Request))
#42 D:/DS-TI/CRM-DIMSUM/opm-digemid/vendor/laravel/framework/src/Illuminate/Pipeline/Pipeline.php(209): Illuminate/Http/Middleware/TrustProxies->handle(Object(Illuminate/Http/Request), Object(Closure))
#43 D:/DS-TI/CRM-DIMSUM/opm-digemid/vendor/laravel/framework/src/Illuminate/Foundation/Http/Middleware/InvokeDeferredCallbacks.php(22): Illuminate/Pipeline/Pipeline->Illuminate/Pipeline/{closure}(Object(Illuminate/Http/Request))
#44 D:/DS-TI/CRM-DIMSUM/opm-digemid/vendor/laravel/framework/src/Illuminate/Pipeline/Pipeline.php(209): Illuminate/Foundation/Http/Middleware/InvokeDeferredCallbacks->handle(Object(Illuminate/Http/Request), Object(Closure))
#45 D:/DS-TI/CRM-DIMSUM/opm-digemid/vendor/laravel/framework/src/Illuminate/Pipeline/Pipeline.php(127): Illuminate/Pipeline/Pipeline->Illuminate/Pipeline/{closure}(Object(Illuminate/Http/Request))
#46 D:/DS-TI/CRM-DIMSUM/opm-digemid/vendor/laravel/framework/src/Illuminate/Foundation/Http/Kernel.php(176): Illuminate/Pipeline/Pipeline->then(Object(Closure))
#47 D:/DS-TI/CRM-DIMSUM/opm-digemid/vendor/laravel/framework/src/Illuminate/Foundation/Http/Kernel.php(145): Illuminate/Foundation/Http/Kernel->sendRequestThroughRouter(Object(Illuminate/Http/Request))
#48 D:/DS-TI/CRM-DIMSUM/opm-digemid/vendor/laravel/framework/src/Illuminate/Foundation/Application.php(1220): Illuminate/Foundation/Http/Kernel->handle(Object(Illuminate/Http/Request))
#49 D:/DS-TI/CRM-DIMSUM/opm-digemid/public/index.php(17): Illuminate/Foundation/Application->handleRequest(Object(Illuminate/Http/Request))
#50 D:/DS-TI/CRM-DIMSUM/opm-digemid/vendor/laravel/framework/src/Illuminate/Foundation/resources/server.php(23): require_once('D://DS-TI//CRM-DI...')
#51 {main}
"} 
[2026-08-18 16:35:15] local.ERROR: Livewire request payload is too large (1404KB). Maximum allowed size is 1024KB. You can configure this limit in config/livewire.php under 'payload.max_size'. {"userId":1,"exception":"[object] (Livewire\\Exceptions\\PayloadTooLargeException(code: 0): Livewire request payload is too large (1404KB). Maximum allowed size is 1024KB. You can configure this limit in config/livewire.php under 'payload.max_size'. at D:/DS-TI/CRM-DIMSUM/opm-digemid/vendor/livewire/livewire/src/Mechanisms/HandleRequests/HandleRequests.php:155)
[stacktrace]
#0 D:/DS-TI/CRM-DIMSUM/opm-digemid/vendor/laravel/framework/src/Illuminate/Routing/ControllerDispatcher.php(47): Livewire/Mechanisms/HandleRequests/HandleRequests->handleUpdate()
#1 D:/DS-TI/CRM-DIMSUM/opm-digemid/vendor/laravel/framework/src/Illuminate/Routing/Route.php(266): Illuminate/Routing/ControllerDispatcher->dispatch(Object(Illuminate/Routing/Route), Object(Livewire/Mechanisms/HandleRequests/HandleRequests), 'handleUpdate')
#2 D:/DS-TI/CRM-DIMSUM/opm-digemid/vendor/laravel/framework/src/Illuminate/Routing/Route.php(212): Illuminate/Routing/Route->runController()
#3 D:/DS-TI/CRM-DIMSUM/opm-digemid/vendor/laravel/framework/src/Illuminate/Routing/Router.php(808): Illuminate/Routing/Route->run()
#4 D:/DS-TI/CRM-DIMSUM/opm-digemid/vendor/laravel/framework/src/Illuminate/Pipeline/Pipeline.php(170): Illuminate/Routing/Router->Illuminate/Routing/{closure}(Object(Illuminate/Http/Request))
#5 D:/DS-TI/CRM-DIMSUM/opm-digemid/vendor/livewire/livewire/src/Mechanisms/HandleRequests/RequireLivewireHeaders.php(19): Illuminate/Pipeline/Pipeline->Illuminate/Pipeline/{closure}(Object(Illuminate/Http/Request))
#6 D:/DS-TI/CRM-DIMSUM/opm-digemid/vendor/laravel/framework/src/Illuminate/Pipeline/Pipeline.php(209): Livewire/Mechanisms/HandleRequests/RequireLivewireHeaders->handle(Object(Illuminate/Http/Request), Object(Closure))
#7 D:/DS-TI/CRM-DIMSUM/opm-digemid/vendor/laravel/framework/src/Illuminate/Routing/Middleware/SubstituteBindings.php(51): Illuminate/Pipeline/Pipeline->Illuminate/Pipeline/{closure}(Object(Illuminate/Http/Request))
#8 D:/DS-TI/CRM-DIMSUM/opm-digemid/vendor/laravel/framework/src/Illuminate/Pipeline/Pipeline.php(209): Illuminate/Routing/Middleware/SubstituteBindings->handle(Object(Illuminate/Http/Request), Object(Closure))
#9 D:/DS-TI/CRM-DIMSUM/opm-digemid/vendor/laravel/framework/src/Illuminate/Foundation/Http/Middleware/VerifyCsrfToken.php(88): Illuminate/Pipeline/Pipeline->Illuminate/Pipeline/{closure}(Object(Illuminate/Http/Request))
#10 D:/DS-TI/CRM-DIMSUM/opm-digemid/vendor/laravel/framework/src/Illuminate/Pipeline/Pipeline.php(209): Illuminate/Foundation/Http/Middleware/VerifyCsrfToken->handle(Object(Illuminate/Http/Request), Object(Closure))
#11 D:/DS-TI/CRM-DIMSUM/opm-digemid/vendor/laravel/framework/src/Illuminate/View/Middleware/ShareErrorsFromSession.php(49): Illuminate/Pipeline/Pipeline->Illuminate/Pipeline/{closure}(Object(Illuminate/Http/Request))
#12 D:/DS-TI/CRM-DIMSUM/opm-digemid/vendor/laravel/framework/src/Illuminate/Pipeline/Pipeline.php(209): Illuminate/View/Middleware/ShareErrorsFromSession->handle(Object(Illuminate/Http/Request), Object(Closure))
#13 D:/DS-TI/CRM-DIMSUM/opm-digemid/vendor/laravel/framework/src/Illuminate/Session/Middleware/StartSession.php(121): Illuminate/Pipeline/Pipeline->Illuminate/Pipeline/{closure}(Object(Illuminate/Http/Request))
#14 D:/DS-TI/CRM-DIMSUM/opm-digemid/vendor/laravel/framework/src/Illuminate/Session/Middleware/StartSession.php(64): Illuminate/Session/Middleware/StartSession->handleStatefulRequest(Object(Illuminate/Http/Request), Object(Illuminate/Session/Store), Object(Closure))
#15 D:/DS-TI/CRM-DIMSUM/opm-digemid/vendor/laravel/framework/src/Illuminate/Pipeline/Pipeline.php(209): Illuminate/Session/Middleware/StartSession->handle(Object(Illuminate/Http/Request), Object(Closure))
#16 D:/DS-TI/CRM-DIMSUM/opm-digemid/vendor/laravel/framework/src/Illuminate/Cookie/Middleware/AddQueuedCookiesToResponse.php(37): Illuminate/Pipeline/Pipeline->Illuminate/Pipeline/{closure}(Object(Illuminate/Http/Request))
#17 D:/DS-TI/CRM-DIMSUM/opm-digemid/vendor/laravel/framework/src/Illuminate/Pipeline/Pipeline.php(209): Illuminate/Cookie/Middleware/AddQueuedCookiesToResponse->handle(Object(Illuminate/Http/Request), Object(Closure))
#18 D:/DS-TI/CRM-DIMSUM/opm-digemid/vendor/laravel/framework/src/Illuminate/Cookie/Middleware/EncryptCookies.php(75): Illuminate/Pipeline/Pipeline->Illuminate/Pipeline/{closure}(Object(Illuminate/Http/Request))
#19 D:/DS-TI/CRM-DIMSUM/opm-digemid/vendor/laravel/framework/src/Illuminate/Pipeline/Pipeline.php(209): Illuminate/Cookie/Middleware/EncryptCookies->handle(Object(Illuminate/Http/Request), Object(Closure))
#20 D:/DS-TI/CRM-DIMSUM/opm-digemid/vendor/laravel/framework/src/Illuminate/Pipeline/Pipeline.php(127): Illuminate/Pipeline/Pipeline->Illuminate/Pipeline/{closure}(Object(Illuminate/Http/Request))
#21 D:/DS-TI/CRM-DIMSUM/opm-digemid/vendor/laravel/framework/src/Illuminate/Routing/Router.php(807): Illuminate/Pipeline/Pipeline->then(Object(Closure))
#22 D:/DS-TI/CRM-DIMSUM/opm-digemid/vendor/laravel/framework/src/Illuminate/Routing/Router.php(786): Illuminate/Routing/Router->runRouteWithinStack(Object(Illuminate/Routing/Route), Object(Illuminate/Http/Request))
#23 D:/DS-TI/CRM-DIMSUM/opm-digemid/vendor/laravel/framework/src/Illuminate/Routing/Router.php(750): Illuminate/Routing/Router->runRoute(Object(Illuminate/Http/Request), Object(Illuminate/Routing/Route))
#24 D:/DS-TI/CRM-DIMSUM/opm-digemid/vendor/laravel/framework/src/Illuminate/Routing/Router.php(739): Illuminate/Routing/Router->dispatchToRoute(Object(Illuminate/Http/Request))
#25 D:/DS-TI/CRM-DIMSUM/opm-digemid/vendor/laravel/framework/src/Illuminate/Foundation/Http/Kernel.php(201): Illuminate/Routing/Router->dispatch(Object(Illuminate/Http/Request))
#26 D:/DS-TI/CRM-DIMSUM/opm-digemid/vendor/laravel/framework/src/Illuminate/Pipeline/Pipeline.php(170): Illuminate/Foundation/Http/Kernel->Illuminate/Foundation/Http/{closure}(Object(Illuminate/Http/Request))
#27 D:/DS-TI/CRM-DIMSUM/opm-digemid/vendor/livewire/livewire/src/Features/SupportDisablingBackButtonCache/DisableBackButtonCacheMiddleware.php(19): Illuminate/Pipeline/Pipeline->Illuminate/Pipeline/{closure}(Object(Illuminate/Http/Request))
#28 D:/DS-TI/CRM-DIMSUM/opm-digemid/vendor/laravel/framework/src/Illuminate/Pipeline/Pipeline.php(209): Livewire/Features/SupportDisablingBackButtonCache/DisableBackButtonCacheMiddleware->handle(Object(Illuminate/Http/Request), Object(Closure))
#29 D:/DS-TI/CRM-DIMSUM/opm-digemid/app/Http/Middleware/SecurityHeaders.php(13): Illuminate/Pipeline/Pipeline->Illuminate/Pipeline/{closure}(Object(Illuminate/Http/Request))
#30 D:/DS-TI/CRM-DIMSUM/opm-digemid/vendor/laravel/framework/src/Illuminate/Pipeline/Pipeline.php(209): App/Http/Middleware/SecurityHeaders->handle(Object(Illuminate/Http/Request), Object(Closure))
#31 D:/DS-TI/CRM-DIMSUM/opm-digemid/vendor/laravel/framework/src/Illuminate/Foundation/Http/Middleware/ConvertEmptyStringsToNull.php(27): Illuminate/Pipeline/Pipeline->Illuminate/Pipeline/{closure}(Object(Illuminate/Http/Request))
#32 D:/DS-TI/CRM-DIMSUM/opm-digemid/vendor/laravel/framework/src/Illuminate/Pipeline/Pipeline.php(209): Illuminate/Foundation/Http/Middleware/ConvertEmptyStringsToNull->handle(Object(Illuminate/Http/Request), Object(Closure))
#33 D:/DS-TI/CRM-DIMSUM/opm-digemid/vendor/laravel/framework/src/Illuminate/Foundation/Http/Middleware/TrimStrings.php(47): Illuminate/Pipeline/Pipeline->Illuminate/Pipeline/{closure}(Object(Illuminate/Http/Request))
#34 D:/DS-TI/CRM-DIMSUM/opm-digemid/vendor/laravel/framework/src/Illuminate/Pipeline/Pipeline.php(209): Illuminate/Foundation/Http/Middleware/TrimStrings->handle(Object(Illuminate/Http/Request), Object(Closure))
#35 D:/DS-TI/CRM-DIMSUM/opm-digemid/vendor/laravel/framework/src/Illuminate/Http/Middleware/ValidatePostSize.php(27): Illuminate/Pipeline/Pipeline->Illuminate/Pipeline/{closure}(Object(Illuminate/Http/Request))
#36 D:/DS-TI/CRM-DIMSUM/opm-digemid/vendor/laravel/framework/src/Illuminate/Pipeline/Pipeline.php(209): Illuminate/Http/Middleware/ValidatePostSize->handle(Object(Illuminate/Http/Request), Object(Closure))
#37 D:/DS-TI/CRM-DIMSUM/opm-digemid/vendor/laravel/framework/src/Illuminate/Foundation/Http/Middleware/PreventRequestsDuringMaintenance.php(110): Illuminate/Pipeline/Pipeline->Illuminate/Pipeline/{closure}(Object(Illuminate/Http/Request))
#38 D:/DS-TI/CRM-DIMSUM/opm-digemid/vendor/laravel/framework/src/Illuminate/Pipeline/Pipeline.php(209): Illuminate/Foundation/Http/Middleware/PreventRequestsDuringMaintenance->handle(Object(Illuminate/Http/Request), Object(Closure))
#39 D:/DS-TI/CRM-DIMSUM/opm-digemid/vendor/laravel/framework/src/Illuminate/Http/Middleware/HandleCors.php(49): Illuminate/Pipeline/Pipeline->Illuminate/Pipeline/{closure}(Object(Illuminate/Http/Request))
#40 D:/DS-TI/CRM-DIMSUM/opm-digemid/vendor/laravel/framework/src/Illuminate/Pipeline/Pipeline.php(209): Illuminate/Http/Middleware/HandleCors->handle(Object(Illuminate/Http/Request), Object(Closure))
#41 D:/DS-TI/CRM-DIMSUM/opm-digemid/vendor/laravel/framework/src/Illuminate/Http/Middleware/TrustProxies.php(58): Illuminate/Pipeline/Pipeline->Illuminate/Pipeline/{closure}(Object(Illuminate/Http/Request))
#42 D:/DS-TI/CRM-DIMSUM/opm-digemid/vendor/laravel/framework/src/Illuminate/Pipeline/Pipeline.php(209): Illuminate/Http/Middleware/TrustProxies->handle(Object(Illuminate/Http/Request), Object(Closure))
#43 D:/DS-TI/CRM-DIMSUM/opm-digemid/vendor/laravel/framework/src/Illuminate/Foundation/Http/Middleware/InvokeDeferredCallbacks.php(22): Illuminate/Pipeline/Pipeline->Illuminate/Pipeline/{closure}(Object(Illuminate/Http/Request))
#44 D:/DS-TI/CRM-DIMSUM/opm-digemid/vendor/laravel/framework/src/Illuminate/Pipeline/Pipeline.php(209): Illuminate/Foundation/Http/Middleware/InvokeDeferredCallbacks->handle(Object(Illuminate/Http/Request), Object(Closure))
#45 D:/DS-TI/CRM-DIMSUM/opm-digemid/vendor/laravel/framework/src/Illuminate/Pipeline/Pipeline.php(127): Illuminate/Pipeline/Pipeline->Illuminate/Pipeline/{closure}(Object(Illuminate/Http/Request))
#46 D:/DS-TI/CRM-DIMSUM/opm-digemid/vendor/laravel/framework/src/Illuminate/Foundation/Http/Kernel.php(176): Illuminate/Pipeline/Pipeline->then(Object(Closure))
#47 D:/DS-TI/CRM-DIMSUM/opm-digemid/vendor/laravel/framework/src/Illuminate/Foundation/Http/Kernel.php(145): Illuminate/Foundation/Http/Kernel->sendRequestThroughRouter(Object(Illuminate/Http/Request))
#48 D:/DS-TI/CRM-DIMSUM/opm-digemid/vendor/laravel/framework/src/Illuminate/Foundation/Application.php(1220): Illuminate/Foundation/Http/Kernel->handle(Object(Illuminate/Http/Request))
#49 D:/DS-TI/CRM-DIMSUM/opm-digemid/public/index.php(17): Illuminate/Foundation/Application->handleRequest(Object(Illuminate/Http/Request))
#50 D:/DS-TI/CRM-DIMSUM/opm-digemid/vendor/laravel/framework/src/Illuminate/Foundation/resources/server.php(23): require_once('D://DS-TI//CRM-DI...')
#51 {main}
"} 
[2026-08-18 16:49:45] local.ERROR: Unable to locate a class or view for component [slot:deleteButton]. {"userId":1,"exception":"[object] (Spatie\\LaravelIgnition\\Exceptions\\ViewException(code: 0): Unable to locate a class or view for component [slot:deleteButton]. at D:/DS-TI/CRM-DIMSUM/opm-digemid/vendor/laravel/framework/src/Illuminate/View/Compilers/ComponentTagCompiler.php:316)
[stacktrace]
#0 D:/DS-TI/CRM-DIMSUM/opm-digemid/vendor/laravel/framework/src/Illuminate/View/Compilers/ComponentTagCompiler.php(236): Illuminate/View/Compilers/ComponentTagCompiler->componentClass('slot:deleteButt...')
#1 D:/DS-TI/CRM-DIMSUM/opm-digemid/vendor/laravel/framework/src/Illuminate/View/Compilers/ComponentTagCompiler.php(221): Illuminate/View/Compilers/ComponentTagCompiler->componentString('slot:deleteButt...', Array)
#2 [internal function]: Illuminate/View/Compilers/ComponentTagCompiler->Illuminate/View/Compilers/{closure}(Array)
#3 D:/DS-TI/CRM-DIMSUM/opm-digemid/vendor/laravel/framework/src/Illuminate/View/Compilers/ComponentTagCompiler.php(216): preg_replace_callback('//n            <...', Object(Closure), '@if ($gatewayUn...')
#4 D:/DS-TI/CRM-DIMSUM/opm-digemid/vendor/laravel/framework/src/Illuminate/View/Compilers/ComponentTagCompiler.php(90): Illuminate/View/Compilers/ComponentTagCompiler->compileSelfClosingTags('@if ($gatewayUn...')
#5 D:/DS-TI/CRM-DIMSUM/opm-digemid/vendor/laravel/framework/src/Illuminate/View/Compilers/ComponentTagCompiler.php(77): Illuminate/View/Compilers/ComponentTagCompiler->compileTags('@if ($gatewayUn...')
#6 D:/DS-TI/CRM-DIMSUM/opm-digemid/vendor/laravel/framework/src/Illuminate/View/Compilers/BladeCompiler.php(440): Illuminate/View/Compilers/ComponentTagCompiler->compile('@if ($gatewayUn...')
#7 D:/DS-TI/CRM-DIMSUM/opm-digemid/vendor/laravel/framework/src/Illuminate/View/Compilers/BladeCompiler.php(272): Illuminate/View/Compilers/BladeCompiler->compileComponentTags('@if ($gatewayUn...')
#8 D:/DS-TI/CRM-DIMSUM/opm-digemid/vendor/laravel/framework/src/Illuminate/View/Compilers/BladeCompiler.php(186): Illuminate/View/Compilers/BladeCompiler->compileString('@if ($gatewayUn...')
#9 D:/DS-TI/CRM-DIMSUM/opm-digemid/vendor/laravel/framework/src/Illuminate/View/Engines/CompilerEngine.php(67): Illuminate/View/Compilers/BladeCompiler->compile('D://DS-TI//CRM-DI...')
#10 D:/DS-TI/CRM-DIMSUM/opm-digemid/vendor/livewire/livewire/src/Mechanisms/ExtendBlade/ExtendedCompilerEngine.php(16): Illuminate/View/Engines/CompilerEngine->get('D://DS-TI//CRM-DI...', Array)
#11 D:/DS-TI/CRM-DIMSUM/opm-digemid/vendor/laravel/framework/src/Illuminate/View/View.php(209): Livewire/Mechanisms/ExtendBlade/ExtendedCompilerEngine->get('D://DS-TI//CRM-DI...', Array)
#12 D:/DS-TI/CRM-DIMSUM/opm-digemid/vendor/laravel/framework/src/Illuminate/View/View.php(192): Illuminate/View/View->getContents()
#13 D:/DS-TI/CRM-DIMSUM/opm-digemid/vendor/laravel/framework/src/Illuminate/View/View.php(161): Illuminate/View/View->renderContents()
#14 D:/DS-TI/CRM-DIMSUM/opm-digemid/resources/views/filament/pages/stock/actual.blade.php(3): Illuminate/View/View->render()
#15 D:/DS-TI/CRM-DIMSUM/opm-digemid/vendor/livewire/livewire/src/Mechanisms/ExtendBlade/ExtendedCompilerEngine.php(37): include('D://DS-TI//CRM-DI...')
#16 D:/DS-TI/CRM-DIMSUM/opm-digemid/vendor/livewire/livewire/src/Mechanisms/ExtendBlade/ExtendedCompilerEngine.php(38): App/Filament/Pages/Stock/StockActual->Livewire/Mechanisms/ExtendBlade/{closure}()
#17 D:/DS-TI/CRM-DIMSUM/opm-digemid/vendor/laravel/framework/src/Illuminate/View/Engines/CompilerEngine.php(75): Livewire/Mechanisms/ExtendBlade/ExtendedCompilerEngine->evaluatePath('D://DS-TI//CRM-DI...', Array)
#18 D:/DS-TI/CRM-DIMSUM/opm-digemid/vendor/livewire/livewire/src/Mechanisms/ExtendBlade/ExtendedCompilerEngine.php(16): Illuminate/View/Engines/CompilerEngine->get('D://DS-TI//CRM-DI...', Array)
#19 D:/DS-TI/CRM-DIMSUM/opm-digemid/vendor/laravel/framework/src/Illuminate/View/View.php(209): Livewire/Mechanisms/ExtendBlade/ExtendedCompilerEngine->get('D://DS-TI//CRM-DI...', Array)
#20 D:/DS-TI/CRM-DIMSUM/opm-digemid/vendor/laravel/framework/src/Illuminate/View/View.php(192): Illuminate/View/View->getContents()
#21 D:/DS-TI/CRM-DIMSUM/opm-digemid/vendor/laravel/framework/src/Illuminate/View/View.php(161): Illuminate/View/View->renderContents()
#22 D:/DS-TI/CRM-DIMSUM/opm-digemid/vendor/livewire/livewire/src/Mechanisms/HandleComponents/HandleComponents.php(417): Illuminate/View/View->render(Object(Closure))
#23 D:/DS-TI/CRM-DIMSUM/opm-digemid/vendor/livewire/livewire/src/Mechanisms/HandleComponents/HandleComponents.php(468): Livewire/Mechanisms/HandleComponents/HandleComponents->Livewire/Mechanisms/HandleComponents/{closure}()
#24 D:/DS-TI/CRM-DIMSUM/opm-digemid/vendor/livewire/livewire/src/Mechanisms/HandleComponents/HandleComponents.php(409): Livewire/Mechanisms/HandleComponents/HandleComponents->trackInRenderStack(Object(App/Filament/Pages/Stock/StockActual), Object(Closure))
#25 D:/DS-TI/CRM-DIMSUM/opm-digemid/vendor/livewire/livewire/src/Mechanisms/HandleComponents/HandleComponents.php(83): Livewire/Mechanisms/HandleComponents/HandleComponents->render(Object(App/Filament/Pages/Stock/StockActual), '<div></div>')
#26 D:/DS-TI/CRM-DIMSUM/opm-digemid/vendor/livewire/livewire/src/LivewireManager.php(102): Livewire/Mechanisms/HandleComponents/HandleComponents->mount('App//Filament//Pa...', Array, NULL, Array)
#27 D:/DS-TI/CRM-DIMSUM/opm-digemid/vendor/livewire/livewire/src/Features/SupportPageComponents/HandlesPageComponents.php(19): Livewire/LivewireManager->mount('App//Filament//Pa...', Array)
#28 D:/DS-TI/CRM-DIMSUM/opm-digemid/vendor/livewire/livewire/src/Features/SupportPageComponents/SupportPageComponents.php(118): Livewire/Component->Livewire/Features/SupportPageComponents/{closure}()
#29 D:/DS-TI/CRM-DIMSUM/opm-digemid/vendor/livewire/livewire/src/Features/SupportPageComponents/HandlesPageComponents.php(14): Livewire/Features/SupportPageComponents/SupportPageComponents::interceptTheRenderOfTheComponentAndRetreiveTheLayoutConfiguration(Object(Closure))
#30 D:/DS-TI/CRM-DIMSUM/opm-digemid/vendor/laravel/framework/src/Illuminate/Routing/ControllerDispatcher.php(47): Livewire/Component->__invoke()
#31 D:/DS-TI/CRM-DIMSUM/opm-digemid/vendor/laravel/framework/src/Illuminate/Routing/Route.php(266): Illuminate/Routing/ControllerDispatcher->dispatch(Object(Illuminate/Routing/Route), Object(App/Filament/Pages/Stock/StockActual), '__invoke')
#32 D:/DS-TI/CRM-DIMSUM/opm-digemid/vendor/laravel/framework/src/Illuminate/Routing/Route.php(212): Illuminate/Routing/Route->runController()
#33 D:/DS-TI/CRM-DIMSUM/opm-digemid/vendor/laravel/framework/src/Illuminate/Routing/Router.php(808): Illuminate/Routing/Route->run()
#34 D:/DS-TI/CRM-DIMSUM/opm-digemid/vendor/laravel/framework/src/Illuminate/Pipeline/Pipeline.php(170): Illuminate/Routing/Router->Illuminate/Routing/{closure}(Object(Illuminate/Http/Request))
#35 D:/DS-TI/CRM-DIMSUM/opm-digemid/vendor/filament/filament/src/Http/Middleware/DispatchServingFilamentEvent.php(15): Illuminate/Pipeline/Pipeline->Illuminate/Pipeline/{closure}(Object(Illuminate/Http/Request))
#36 D:/DS-TI/CRM-DIMSUM/opm-digemid/vendor/laravel/framework/src/Illuminate/Pipeline/Pipeline.php(209): Filament/Http/Middleware/DispatchServingFilamentEvent->handle(Object(Illuminate/Http/Request), Object(Closure))
#37 D:/DS-TI/CRM-DIMSUM/opm-digemid/vendor/filament/filament/src/Http/Middleware/DisableBladeIconComponents.php(14): Illuminate/Pipeline/Pipeline->Illuminate/Pipeline/{closure}(Object(Illuminate/Http/Request))
#38 D:/DS-TI/CRM-DIMSUM/opm-digemid/vendor/laravel/framework/src/Illuminate/Pipeline/Pipeline.php(209): Filament/Http/Middleware/DisableBladeIconComponents->handle(Object(Illuminate/Http/Request), Object(Closure))
#39 D:/DS-TI/CRM-DIMSUM/opm-digemid/vendor/laravel/framework/src/Illuminate/Routing/Middleware/SubstituteBindings.php(51): Illuminate/Pipeline/Pipeline->Illuminate/Pipeline/{closure}(Object(Illuminate/Http/Request))
#40 D:/DS-TI/CRM-DIMSUM/opm-digemid/vendor/laravel/framework/src/Illuminate/Pipeline/Pipeline.php(209): Illuminate/Routing/Middleware/SubstituteBindings->handle(Object(Illuminate/Http/Request), Object(Closure))
#41 D:/DS-TI/CRM-DIMSUM/opm-digemid/vendor/laravel/framework/src/Illuminate/Foundation/Http/Middleware/VerifyCsrfToken.php(88): Illuminate/Pipeline/Pipeline->Illuminate/Pipeline/{closure}(Object(Illuminate/Http/Request))
#42 D:/DS-TI/CRM-DIMSUM/opm-digemid/vendor/laravel/framework/src/Illuminate/Pipeline/Pipeline.php(209): Illuminate/Foundation/Http/Middleware/VerifyCsrfToken->handle(Object(Illuminate/Http/Request), Object(Closure))
#43 D:/DS-TI/CRM-DIMSUM/opm-digemid/vendor/laravel/framework/src/Illuminate/Session/Middleware/AuthenticateSession.php(67): Illuminate/Pipeline/Pipeline->Illuminate/Pipeline/{closure}(Object(Illuminate/Http/Request))
#44 D:/DS-TI/CRM-DIMSUM/opm-digemid/vendor/laravel/framework/src/Illuminate/Pipeline/Pipeline.php(209): Illuminate/Session/Middleware/AuthenticateSession->handle(Object(Illuminate/Http/Request), Object(Closure))
#45 D:/DS-TI/CRM-DIMSUM/opm-digemid/vendor/laravel/framework/src/Illuminate/Auth/Middleware/Authenticate.php(64): Illuminate/Pipeline/Pipeline->Illuminate/Pipeline/{closure}(Object(Illuminate/Http/Request))
#46 D:/DS-TI/CRM-DIMSUM/opm-digemid/vendor/laravel/framework/src/Illuminate/Pipeline/Pipeline.php(209): Illuminate/Auth/Middleware/Authenticate->handle(Object(Illuminate/Http/Request), Object(Closure))
#47 D:/DS-TI/CRM-DIMSUM/opm-digemid/vendor/laravel/framework/src/Illuminate/View/Middleware/ShareErrorsFromSession.php(49): Illuminate/Pipeline/Pipeline->Illuminate/Pipeline/{closure}(Object(Illuminate/Http/Request))
#48 D:/DS-TI/CRM-DIMSUM/opm-digemid/vendor/laravel/framework/src/Illuminate/Pipeline/Pipeline.php(209): Illuminate/View/Middleware/ShareErrorsFromSession->handle(Object(Illuminate/Http/Request), Object(Closure))
#49 D:/DS-TI/CRM-DIMSUM/opm-digemid/vendor/laravel/framework/src/Illuminate/Session/Middleware/StartSession.php(121): Illuminate/Pipeline/Pipeline->Illuminate/Pipeline/{closure}(Object(Illuminate/Http/Request))
#50 D:/DS-TI/CRM-DIMSUM/opm-digemid/vendor/laravel/framework/src/Illuminate/Session/Middleware/StartSession.php(64): Illuminate/Session/Middleware/StartSession->handleStatefulRequest(Object(Illuminate/Http/Request), Object(Illuminate/Session/Store), Object(Closure))
#51 D:/DS-TI/CRM-DIMSUM/opm-digemid/vendor/laravel/framework/src/Illuminate/Pipeline/Pipeline.php(209): Illuminate/Session/Middleware/StartSession->handle(Object(Illuminate/Http/Request), Object(Closure))
#52 D:/DS-TI/CRM-DIMSUM/opm-digemid/vendor/laravel/framework/src/Illuminate/Cookie/Middleware/AddQueuedCookiesToResponse.php(37): Illuminate/Pipeline/Pipeline->Illuminate/Pipeline/{closure}(Object(Illuminate/Http/Request))
#53 D:/DS-TI/CRM-DIMSUM/opm-digemid/vendor/laravel/framework/src/Illuminate/Pipeline/Pipeline.php(209): Illuminate/Cookie/Middleware/AddQueuedCookiesToResponse->handle(Object(Illuminate/Http/Request), Object(Closure))
#54 D:/DS-TI/CRM-DIMSUM/opm-digemid/vendor/laravel/framework/src/Illuminate/Cookie/Middleware/EncryptCookies.php(75): Illuminate/Pipeline/Pipeline->Illuminate/Pipeline/{closure}(Object(Illuminate/Http/Request))
#55 D:/DS-TI/CRM-DIMSUM/opm-digemid/vendor/laravel/framework/src/Illuminate/Pipeline/Pipeline.php(209): Illuminate/Cookie/Middleware/EncryptCookies->handle(Object(Illuminate/Http/Request), Object(Closure))
#56 D:/DS-TI/CRM-DIMSUM/opm-digemid/vendor/filament/filament/src/Http/Middleware/SetUpPanel.php(19): Illuminate/Pipeline/Pipeline->Illuminate/Pipeline/{closure}(Object(Illuminate/Http/Request))
#57 D:/DS-TI/CRM-DIMSUM/opm-digemid/vendor/laravel/framework/src/Illuminate/Pipeline/Pipeline.php(209): Filament/Http/Middleware/SetUpPanel->handle(Object(Illuminate/Http/Request), Object(Closure), Object(Filament/Panel))
#58 D:/DS-TI/CRM-DIMSUM/opm-digemid/vendor/laravel/framework/src/Illuminate/Pipeline/Pipeline.php(127): Illuminate/Pipeline/Pipeline->Illuminate/Pipeline/{closure}(Object(Illuminate/Http/Request))
#59 D:/DS-TI/CRM-DIMSUM/opm-digemid/vendor/laravel/framework/src/Illuminate/Routing/Router.php(807): Illuminate/Pipeline/Pipeline->then(Object(Closure))
#60 D:/DS-TI/CRM-DIMSUM/opm-digemid/vendor/laravel/framework/src/Illuminate/Routing/Router.php(786): Illuminate/Routing/Router->runRouteWithinStack(Object(Illuminate/Routing/Route), Object(Illuminate/Http/Request))
#61 D:/DS-TI/CRM-DIMSUM/opm-digemid/vendor/laravel/framework/src/Illuminate/Routing/Router.php(750): Illuminate/Routing/Router->runRoute(Object(Illuminate/Http/Request), Object(Illuminate/Routing/Route))
#62 D:/DS-TI/CRM-DIMSUM/opm-digemid/vendor/laravel/framework/src/Illuminate/Routing/Router.php(739): Illuminate/Routing/Router->dispatchToRoute(Object(Illuminate/Http/Request))
#63 D:/DS-TI/CRM-DIMSUM/opm-digemid/vendor/laravel/framework/src/Illuminate/Foundation/Http/Kernel.php(201): Illuminate/Routing/Router->dispatch(Object(Illuminate/Http/Request))
#64 D:/DS-TI/CRM-DIMSUM/opm-digemid/vendor/laravel/framework/src/Illuminate/Pipeline/Pipeline.php(170): Illuminate/Foundation/Http/Kernel->Illuminate/Foundation/Http/{closure}(Object(Illuminate/Http/Request))
#65 D:/DS-TI/CRM-DIMSUM/opm-digemid/vendor/livewire/livewire/src/Features/SupportDisablingBackButtonCache/DisableBackButtonCacheMiddleware.php(19): Illuminate/Pipeline/Pipeline->Illuminate/Pipeline/{closure}(Object(Illuminate/Http/Request))
#66 D:/DS-TI/CRM-DIMSUM/opm-digemid/vendor/laravel/framework/src/Illuminate/Pipeline/Pipeline.php(209): Livewire/Features/SupportDisablingBackButtonCache/DisableBackButtonCacheMiddleware->handle(Object(Illuminate/Http/Request), Object(Closure))
#67 D:/DS-TI/CRM-DIMSUM/opm-digemid/app/Http/Middleware/SecurityHeaders.php(13): Illuminate/Pipeline/Pipeline->Illuminate/Pipeline/{closure}(Object(Illuminate/Http/Request))
#68 D:/DS-TI/CRM-DIMSUM/opm-digemid/vendor/laravel/framework/src/Illuminate/Pipeline/Pipeline.php(209): App/Http/Middleware/SecurityHeaders->handle(Object(Illuminate/Http/Request), Object(Closure))
#69 D:/DS-TI/CRM-DIMSUM/opm-digemid/vendor/laravel/framework/src/Illuminate/Foundation/Http/Middleware/TransformsRequest.php(21): Illuminate/Pipeline/Pipeline->Illuminate/Pipeline/{closure}(Object(Illuminate/Http/Request))
#70 D:/DS-TI/CRM-DIMSUM/opm-digemid/vendor/laravel/framework/src/Illuminate/Foundation/Http/Middleware/ConvertEmptyStringsToNull.php(31): Illuminate/Foundation/Http/Middleware/TransformsRequest->handle(Object(Illuminate/Http/Request), Object(Closure))
#71 D:/DS-TI/CRM-DIMSUM/opm-digemid/vendor/laravel/framework/src/Illuminate/Pipeline/Pipeline.php(209): Illuminate/Foundation/Http/Middleware/ConvertEmptyStringsToNull->handle(Object(Illuminate/Http/Request), Object(Closure))
#72 D:/DS-TI/CRM-DIMSUM/opm-digemid/vendor/laravel/framework/src/Illuminate/Foundation/Http/Middleware/TransformsRequest.php(21): Illuminate/Pipeline/Pipeline->Illuminate/Pipeline/{closure}(Object(Illuminate/Http/Request))
#73 D:/DS-TI/CRM-DIMSUM/opm-digemid/vendor/laravel/framework/src/Illuminate/Foundation/Http/Middleware/TrimStrings.php(51): Illuminate/Foundation/Http/Middleware/TransformsRequest->handle(Object(Illuminate/Http/Request), Object(Closure))
#74 D:/DS-TI/CRM-DIMSUM/opm-digemid/vendor/laravel/framework/src/Illuminate/Pipeline/Pipeline.php(209): Illuminate/Foundation/Http/Middleware/TrimStrings->handle(Object(Illuminate/Http/Request), Object(Closure))
#75 D:/DS-TI/CRM-DIMSUM/opm-digemid/vendor/laravel/framework/src/Illuminate/Http/Middleware/ValidatePostSize.php(27): Illuminate/Pipeline/Pipeline->Illuminate/Pipeline/{closure}(Object(Illuminate/Http/Request))
#76 D:/DS-TI/CRM-DIMSUM/opm-digemid/vendor/laravel/framework/src/Illuminate/Pipeline/Pipeline.php(209): Illuminate/Http/Middleware/ValidatePostSize->handle(Object(Illuminate/Http/Request), Object(Closure))
#77 D:/DS-TI/CRM-DIMSUM/opm-digemid/vendor/laravel/framework/src/Illuminate/Foundation/Http/Middleware/PreventRequestsDuringMaintenance.php(110): Illuminate/Pipeline/Pipeline->Illuminate/Pipeline/{closure}(Object(Illuminate/Http/Request))
#78 D:/DS-TI/CRM-DIMSUM/opm-digemid/vendor/laravel/framework/src/Illuminate/Pipeline/Pipeline.php(209): Illuminate/Foundation/Http/Middleware/PreventRequestsDuringMaintenance->handle(Object(Illuminate/Http/Request), Object(Closure))
#79 D:/DS-TI/CRM-DIMSUM/opm-digemid/vendor/laravel/framework/src/Illuminate/Http/Middleware/HandleCors.php(49): Illuminate/Pipeline/Pipeline->Illuminate/Pipeline/{closure}(Object(Illuminate/Http/Request))
#80 D:/DS-TI/CRM-DIMSUM/opm-digemid/vendor/laravel/framework/src/Illuminate/Pipeline/Pipeline.php(209): Illuminate/Http/Middleware/HandleCors->handle(Object(Illuminate/Http/Request), Object(Closure))
#81 D:/DS-TI/CRM-DIMSUM/opm-digemid/vendor/laravel/framework/src/Illuminate/Http/Middleware/TrustProxies.php(58): Illuminate/Pipeline/Pipeline->Illuminate/Pipeline/{closure}(Object(Illuminate/Http/Request))
#82 D:/DS-TI/CRM-DIMSUM/opm-digemid/vendor/laravel/framework/src/Illuminate/Pipeline/Pipeline.php(209): Illuminate/Http/Middleware/TrustProxies->handle(Object(Illuminate/Http/Request), Object(Closure))
#83 D:/DS-TI/CRM-DIMSUM/opm-digemid/vendor/laravel/framework/src/Illuminate/Foundation/Http/Middleware/InvokeDeferredCallbacks.php(22): Illuminate/Pipeline/Pipeline->Illuminate/Pipeline/{closure}(Object(Illuminate/Http/Request))
#84 D:/DS-TI/CRM-DIMSUM/opm-digemid/vendor/laravel/framework/src/Illuminate/Pipeline/Pipeline.php(209): Illuminate/Foundation/Http/Middleware/InvokeDeferredCallbacks->handle(Object(Illuminate/Http/Request), Object(Closure))
#85 D:/DS-TI/CRM-DIMSUM/opm-digemid/vendor/laravel/framework/src/Illuminate/Pipeline/Pipeline.php(127): Illuminate/Pipeline/Pipeline->Illuminate/Pipeline/{closure}(Object(Illuminate/Http/Request))
#86 D:/DS-TI/CRM-DIMSUM/opm-digemid/vendor/laravel/framework/src/Illuminate/Foundation/Http/Kernel.php(176): Illuminate/Pipeline/Pipeline->then(Object(Closure))
#87 D:/DS-TI/CRM-DIMSUM/opm-digemid/vendor/laravel/framework/src/Illuminate/Foundation/Http/Kernel.php(145): Illuminate/Foundation/Http/Kernel->sendRequestThroughRouter(Object(Illuminate/Http/Request))
#88 D:/DS-TI/CRM-DIMSUM/opm-digemid/vendor/laravel/framework/src/Illuminate/Foundation/Application.php(1220): Illuminate/Foundation/Http/Kernel->handle(Object(Illuminate/Http/Request))
#89 D:/DS-TI/CRM-DIMSUM/opm-digemid/public/index.php(17): Illuminate/Foundation/Application->handleRequest(Object(Illuminate/Http/Request))
#90 D:/DS-TI/CRM-DIMSUM/opm-digemid/vendor/laravel/framework/src/Illuminate/Foundation/resources/server.php(23): require_once('D://DS-TI//CRM-DI...')
#91 {main}

[previous exception] [object] (InvalidArgumentException(code: 0): Unable to locate a class or view for component [slot:deleteButton]. at D:/DS-TI/CRM-DIMSUM/opm-digemid/vendor/laravel/framework/src/Illuminate/View/Compilers/ComponentTagCompiler.php:316)
[stacktrace]
#0 D:/DS-TI/CRM-DIMSUM/opm-digemid/vendor/laravel/framework/src/Illuminate/View/Compilers/ComponentTagCompiler.php(236): Illuminate/View/Compilers/ComponentTagCompiler->componentClass('slot:deleteButt...')
#1 D:/DS-TI/CRM-DIMSUM/opm-digemid/vendor/laravel/framework/src/Illuminate/View/Compilers/ComponentTagCompiler.php(221): Illuminate/View/Compilers/ComponentTagCompiler->componentString('slot:deleteButt...', Array)
#2 [internal function]: Illuminate/View/Compilers/ComponentTagCompiler->Illuminate/View/Compilers/{closure}(Array)
#3 D:/DS-TI/CRM-DIMSUM/opm-digemid/vendor/laravel/framework/src/Illuminate/View/Compilers/ComponentTagCompiler.php(216): preg_replace_callback('//n            <...', Object(Closure), '@if ($gatewayUn...')
#4 D:/DS-TI/CRM-DIMSUM/opm-digemid/vendor/laravel/framework/src/Illuminate/View/Compilers/ComponentTagCompiler.php(90): Illuminate/View/Compilers/ComponentTagCompiler->compileSelfClosingTags('@if ($gatewayUn...')
#5 D:/DS-TI/CRM-DIMSUM/opm-digemid/vendor/laravel/framework/src/Illuminate/View/Compilers/ComponentTagCompiler.php(77): Illuminate/View/Compilers/ComponentTagCompiler->compileTags('@if ($gatewayUn...')
#6 D:/DS-TI/CRM-DIMSUM/opm-digemid/vendor/laravel/framework/src/Illuminate/View/Compilers/BladeCompiler.php(440): Illuminate/View/Compilers/ComponentTagCompiler->compile('@if ($gatewayUn...')
#7 D:/DS-TI/CRM-DIMSUM/opm-digemid/vendor/laravel/framework/src/Illuminate/View/Compilers/BladeCompiler.php(272): Illuminate/View/Compilers/BladeCompiler->compileComponentTags('@if ($gatewayUn...')
#8 D:/DS-TI/CRM-DIMSUM/opm-digemid/vendor/laravel/framework/src/Illuminate/View/Compilers/BladeCompiler.php(186): Illuminate/View/Compilers/BladeCompiler->compileString('@if ($gatewayUn...')
#9 D:/DS-TI/CRM-DIMSUM/opm-digemid/vendor/laravel/framework/src/Illuminate/View/Engines/CompilerEngine.php(67): Illuminate/View/Compilers/BladeCompiler->compile('D://DS-TI//CRM-DI...')
#10 D:/DS-TI/CRM-DIMSUM/opm-digemid/vendor/livewire/livewire/src/Mechanisms/ExtendBlade/ExtendedCompilerEngine.php(16): Illuminate/View/Engines/CompilerEngine->get('D://DS-TI//CRM-DI...', Array)
#11 D:/DS-TI/CRM-DIMSUM/opm-digemid/vendor/laravel/framework/src/Illuminate/View/View.php(209): Livewire/Mechanisms/ExtendBlade/ExtendedCompilerEngine->get('D://DS-TI//CRM-DI...', Array)
#12 D:/DS-TI/CRM-DIMSUM/opm-digemid/vendor/laravel/framework/src/Illuminate/View/View.php(192): Illuminate/View/View->getContents()
#13 D:/DS-TI/CRM-DIMSUM/opm-digemid/vendor/laravel/framework/src/Illuminate/View/View.php(161): Illuminate/View/View->renderContents()
#14 D:/DS-TI/CRM-DIMSUM/opm-digemid/storage/framework/views/6103234a1dbe18e4cfde88667ffc7194.php(14): Illuminate/View/View->render()
#15 D:/DS-TI/CRM-DIMSUM/opm-digemid/vendor/livewire/livewire/src/Mechanisms/ExtendBlade/ExtendedCompilerEngine.php(37): include('D://DS-TI//CRM-DI...')
#16 D:/DS-TI/CRM-DIMSUM/opm-digemid/vendor/livewire/livewire/src/Mechanisms/ExtendBlade/ExtendedCompilerEngine.php(38): App/Filament/Pages/Stock/StockActual->Livewire/Mechanisms/ExtendBlade/{closure}()
#17 D:/DS-TI/CRM-DIMSUM/opm-digemid/vendor/laravel/framework/src/Illuminate/View/Engines/CompilerEngine.php(75): Livewire/Mechanisms/ExtendBlade/ExtendedCompilerEngine->evaluatePath('D://DS-TI//CRM-DI...', Array)
#18 D:/DS-TI/CRM-DIMSUM/opm-digemid/vendor/livewire/livewire/src/Mechanisms/ExtendBlade/ExtendedCompilerEngine.php(16): Illuminate/View/Engines/CompilerEngine->get('D://DS-TI//CRM-DI...', Array)
#19 D:/DS-TI/CRM-DIMSUM/opm-digemid/vendor/laravel/framework/src/Illuminate/View/View.php(209): Livewire/Mechanisms/ExtendBlade/ExtendedCompilerEngine->get('D://DS-TI//CRM-DI...', Array)
#20 D:/DS-TI/CRM-DIMSUM/opm-digemid/vendor/laravel/framework/src/Illuminate/View/View.php(192): Illuminate/View/View->getContents()
#21 D:/DS-TI/CRM-DIMSUM/opm-digemid/vendor/laravel/framework/src/Illuminate/View/View.php(161): Illuminate/View/View->renderContents()
#22 D:/DS-TI/CRM-DIMSUM/opm-digemid/vendor/livewire/livewire/src/Mechanisms/HandleComponents/HandleComponents.php(417): Illuminate/View/View->render(Object(Closure))
#23 D:/DS-TI/CRM-DIMSUM/opm-digemid/vendor/livewire/livewire/src/Mechanisms/HandleComponents/HandleComponents.php(468): Livewire/Mechanisms/HandleComponents/HandleComponents->Livewire/Mechanisms/HandleComponents/{closure}()
#24 D:/DS-TI/CRM-DIMSUM/opm-digemid/vendor/livewire/livewire/src/Mechanisms/HandleComponents/HandleComponents.php(409): Livewire/Mechanisms/HandleComponents/HandleComponents->trackInRenderStack(Object(App/Filament/Pages/Stock/StockActual), Object(Closure))
#25 D:/DS-TI/CRM-DIMSUM/opm-digemid/vendor/livewire/livewire/src/Mechanisms/HandleComponents/HandleComponents.php(83): Livewire/Mechanisms/HandleComponents/HandleComponents->render(Object(App/Filament/Pages/Stock/StockActual), '<div></div>')
#26 D:/DS-TI/CRM-DIMSUM/opm-digemid/vendor/livewire/livewire/src/LivewireManager.php(102): Livewire/Mechanisms/HandleComponents/HandleComponents->mount('App//Filament//Pa...', Array, NULL, Array)
#27 D:/DS-TI/CRM-DIMSUM/opm-digemid/vendor/livewire/livewire/src/Features/SupportPageComponents/HandlesPageComponents.php(19): Livewire/LivewireManager->mount('App//Filament//Pa...', Array)
#28 D:/DS-TI/CRM-DIMSUM/opm-digemid/vendor/livewire/livewire/src/Features/SupportPageComponents/SupportPageComponents.php(118): Livewire/Component->Livewire/Features/SupportPageComponents/{closure}()
#29 D:/DS-TI/CRM-DIMSUM/opm-digemid/vendor/livewire/livewire/src/Features/SupportPageComponents/HandlesPageComponents.php(14): Livewire/Features/SupportPageComponents/SupportPageComponents::interceptTheRenderOfTheComponentAndRetreiveTheLayoutConfiguration(Object(Closure))
#30 D:/DS-TI/CRM-DIMSUM/opm-digemid/vendor/laravel/framework/src/Illuminate/Routing/ControllerDispatcher.php(47): Livewire/Component->__invoke()
#31 D:/DS-TI/CRM-DIMSUM/opm-digemid/vendor/laravel/framework/src/Illuminate/Routing/Route.php(266): Illuminate/Routing/ControllerDispatcher->dispatch(Object(Illuminate/Routing/Route), Object(App/Filament/Pages/Stock/StockActual), '__invoke')
#32 D:/DS-TI/CRM-DIMSUM/opm-digemid/vendor/laravel/framework/src/Illuminate/Routing/Route.php(212): Illuminate/Routing/Route->runController()
#33 D:/DS-TI/CRM-DIMSUM/opm-digemid/vendor/laravel/framework/src/Illuminate/Routing/Router.php(808): Illuminate/Routing/Route->run()
#34 D:/DS-TI/CRM-DIMSUM/opm-digemid/vendor/laravel/framework/src/Illuminate/Pipeline/Pipeline.php(170): Illuminate/Routing/Router->Illuminate/Routing/{closure}(Object(Illuminate/Http/Request))
#35 D:/DS-TI/CRM-DIMSUM/opm-digemid/vendor/filament/filament/src/Http/Middleware/DispatchServingFilamentEvent.php(15): Illuminate/Pipeline/Pipeline->Illuminate/Pipeline/{closure}(Object(Illuminate/Http/Request))
#36 D:/DS-TI/CRM-DIMSUM/opm-digemid/vendor/laravel/framework/src/Illuminate/Pipeline/Pipeline.php(209): Filament/Http/Middleware/DispatchServingFilamentEvent->handle(Object(Illuminate/Http/Request), Object(Closure))
#37 D:/DS-TI/CRM-DIMSUM/opm-digemid/vendor/filament/filament/src/Http/Middleware/DisableBladeIconComponents.php(14): Illuminate/Pipeline/Pipeline->Illuminate/Pipeline/{closure}(Object(Illuminate/Http/Request))
#38 D:/DS-TI/CRM-DIMSUM/opm-digemid/vendor/laravel/framework/src/Illuminate/Pipeline/Pipeline.php(209): Filament/Http/Middleware/DisableBladeIconComponents->handle(Object(Illuminate/Http/Request), Object(Closure))
#39 D:/DS-TI/CRM-DIMSUM/opm-digemid/vendor/laravel/framework/src/Illuminate/Routing/Middleware/SubstituteBindings.php(51): Illuminate/Pipeline/Pipeline->Illuminate/Pipeline/{closure}(Object(Illuminate/Http/Request))
#40 D:/DS-TI/CRM-DIMSUM/opm-digemid/vendor/laravel/framework/src/Illuminate/Pipeline/Pipeline.php(209): Illuminate/Routing/Middleware/SubstituteBindings->handle(Object(Illuminate/Http/Request), Object(Closure))
#41 D:/DS-TI/CRM-DIMSUM/opm-digemid/vendor/laravel/framework/src/Illuminate/Foundation/Http/Middleware/VerifyCsrfToken.php(88): Illuminate/Pipeline/Pipeline->Illuminate/Pipeline/{closure}(Object(Illuminate/Http/Request))
#42 D:/DS-TI/CRM-DIMSUM/opm-digemid/vendor/laravel/framework/src/Illuminate/Pipeline/Pipeline.php(209): Illuminate/Foundation/Http/Middleware/VerifyCsrfToken->handle(Object(Illuminate/Http/Request), Object(Closure))
#43 D:/DS-TI/CRM-DIMSUM/opm-digemid/vendor/laravel/framework/src/Illuminate/Session/Middleware/AuthenticateSession.php(67): Illuminate/Pipeline/Pipeline->Illuminate/Pipeline/{closure}(Object(Illuminate/Http/Request))
#44 D:/DS-TI/CRM-DIMSUM/opm-digemid/vendor/laravel/framework/src/Illuminate/Pipeline/Pipeline.php(209): Illuminate/Session/Middleware/AuthenticateSession->handle(Object(Illuminate/Http/Request), Object(Closure))
#45 D:/DS-TI/CRM-DIMSUM/opm-digemid/vendor/laravel/framework/src/Illuminate/Auth/Middleware/Authenticate.php(64): Illuminate/Pipeline/Pipeline->Illuminate/Pipeline/{closure}(Object(Illuminate/Http/Request))
#46 D:/DS-TI/CRM-DIMSUM/opm-digemid/vendor/laravel/framework/src/Illuminate/Pipeline/Pipeline.php(209): Illuminate/Auth/Middleware/Authenticate->handle(Object(Illuminate/Http/Request), Object(Closure))
#47 D:/DS-TI/CRM-DIMSUM/opm-digemid/vendor/laravel/framework/src/Illuminate/View/Middleware/ShareErrorsFromSession.php(49): Illuminate/Pipeline/Pipeline->Illuminate/Pipeline/{closure}(Object(Illuminate/Http/Request))
#48 D:/DS-TI/CRM-DIMSUM/opm-digemid/vendor/laravel/framework/src/Illuminate/Pipeline/Pipeline.php(209): Illuminate/View/Middleware/ShareErrorsFromSession->handle(Object(Illuminate/Http/Request), Object(Closure))
#49 D:/DS-TI/CRM-DIMSUM/opm-digemid/vendor/laravel/framework/src/Illuminate/Session/Middleware/StartSession.php(121): Illuminate/Pipeline/Pipeline->Illuminate/Pipeline/{closure}(Object(Illuminate/Http/Request))
#50 D:/DS-TI/CRM-DIMSUM/opm-digemid/vendor/laravel/framework/src/Illuminate/Session/Middleware/StartSession.php(64): Illuminate/Session/Middleware/StartSession->handleStatefulRequest(Object(Illuminate/Http/Request), Object(Illuminate/Session/Store), Object(Closure))
#51 D:/DS-TI/CRM-DIMSUM/opm-digemid/vendor/laravel/framework/src/Illuminate/Pipeline/Pipeline.php(209): Illuminate/Session/Middleware/StartSession->handle(Object(Illuminate/Http/Request), Object(Closure))
#52 D:/DS-TI/CRM-DIMSUM/opm-digemid/vendor/laravel/framework/src/Illuminate/Cookie/Middleware/AddQueuedCookiesToResponse.php(37): Illuminate/Pipeline/Pipeline->Illuminate/Pipeline/{closure}(Object(Illuminate/Http/Request))
#53 D:/DS-TI/CRM-DIMSUM/opm-digemid/vendor/laravel/framework/src/Illuminate/Pipeline/Pipeline.php(209): Illuminate/Cookie/Middleware/AddQueuedCookiesToResponse->handle(Object(Illuminate/Http/Request), Object(Closure))
#54 D:/DS-TI/CRM-DIMSUM/opm-digemid/vendor/laravel/framework/src/Illuminate/Cookie/Middleware/EncryptCookies.php(75): Illuminate/Pipeline/Pipeline->Illuminate/Pipeline/{closure}(Object(Illuminate/Http/Request))
#55 D:/DS-TI/CRM-DIMSUM/opm-digemid/vendor/laravel/framework/src/Illuminate/Pipeline/Pipeline.php(209): Illuminate/Cookie/Middleware/EncryptCookies->handle(Object(Illuminate/Http/Request), Object(Closure))
#56 D:/DS-TI/CRM-DIMSUM/opm-digemid/vendor/filament/filament/src/Http/Middleware/SetUpPanel.php(19): Illuminate/Pipeline/Pipeline->Illuminate/Pipeline/{closure}(Object(Illuminate/Http/Request))
#57 D:/DS-TI/CRM-DIMSUM/opm-digemid/vendor/laravel/framework/src/Illuminate/Pipeline/Pipeline.php(209): Filament/Http/Middleware/SetUpPanel->handle(Object(Illuminate/Http/Request), Object(Closure), Object(Filament/Panel))
#58 D:/DS-TI/CRM-DIMSUM/opm-digemid/vendor/laravel/framework/src/Illuminate/Pipeline/Pipeline.php(127): Illuminate/Pipeline/Pipeline->Illuminate/Pipeline/{closure}(Object(Illuminate/Http/Request))
#59 D:/DS-TI/CRM-DIMSUM/opm-digemid/vendor/laravel/framework/src/Illuminate/Routing/Router.php(807): Illuminate/Pipeline/Pipeline->then(Object(Closure))
#60 D:/DS-TI/CRM-DIMSUM/opm-digemid/vendor/laravel/framework/src/Illuminate/Routing/Router.php(786): Illuminate/Routing/Router->runRouteWithinStack(Object(Illuminate/Routing/Route), Object(Illuminate/Http/Request))
#61 D:/DS-TI/CRM-DIMSUM/opm-digemid/vendor/laravel/framework/src/Illuminate/Routing/Router.php(750): Illuminate/Routing/Router->runRoute(Object(Illuminate/Http/Request), Object(Illuminate/Routing/Route))
#62 D:/DS-TI/CRM-DIMSUM/opm-digemid/vendor/laravel/framework/src/Illuminate/Routing/Router.php(739): Illuminate/Routing/Router->dispatchToRoute(Object(Illuminate/Http/Request))
#63 D:/DS-TI/CRM-DIMSUM/opm-digemid/vendor/laravel/framework/src/Illuminate/Foundation/Http/Kernel.php(201): Illuminate/Routing/Router->dispatch(Object(Illuminate/Http/Request))
#64 D:/DS-TI/CRM-DIMSUM/opm-digemid/vendor/laravel/framework/src/Illuminate/Pipeline/Pipeline.php(170): Illuminate/Foundation/Http/Kernel->Illuminate/Foundation/Http/{closure}(Object(Illuminate/Http/Request))
#65 D:/DS-TI/CRM-DIMSUM/opm-digemid/vendor/livewire/livewire/src/Features/SupportDisablingBackButtonCache/DisableBackButtonCacheMiddleware.php(19): Illuminate/Pipeline/Pipeline->Illuminate/Pipeline/{closure}(Object(Illuminate/Http/Request))
#66 D:/DS-TI/CRM-DIMSUM/opm-digemid/vendor/laravel/framework/src/Illuminate/Pipeline/Pipeline.php(209): Livewire/Features/SupportDisablingBackButtonCache/DisableBackButtonCacheMiddleware->handle(Object(Illuminate/Http/Request), Object(Closure))
#67 D:/DS-TI/CRM-DIMSUM/opm-digemid/app/Http/Middleware/SecurityHeaders.php(13): Illuminate/Pipeline/Pipeline->Illuminate/Pipeline/{closure}(Object(Illuminate/Http/Request))
#68 D:/DS-TI/CRM-DIMSUM/opm-digemid/vendor/laravel/framework/src/Illuminate/Pipeline/Pipeline.php(209): App/Http/Middleware/SecurityHeaders->handle(Object(Illuminate/Http/Request), Object(Closure))
#69 D:/DS-TI/CRM-DIMSUM/opm-digemid/vendor/laravel/framework/src/Illuminate/Foundation/Http/Middleware/TransformsRequest.php(21): Illuminate/Pipeline/Pipeline->Illuminate/Pipeline/{closure}(Object(Illuminate/Http/Request))
#70 D:/DS-TI/CRM-DIMSUM/opm-digemid/vendor/laravel/framework/src/Illuminate/Foundation/Http/Middleware/ConvertEmptyStringsToNull.php(31): Illuminate/Foundation/Http/Middleware/TransformsRequest->handle(Object(Illuminate/Http/Request), Object(Closure))
#71 D:/DS-TI/CRM-DIMSUM/opm-digemid/vendor/laravel/framework/src/Illuminate/Pipeline/Pipeline.php(209): Illuminate/Foundation/Http/Middleware/ConvertEmptyStringsToNull->handle(Object(Illuminate/Http/Request), Object(Closure))
#72 D:/DS-TI/CRM-DIMSUM/opm-digemid/vendor/laravel/framework/src/Illuminate/Foundation/Http/Middleware/TransformsRequest.php(21): Illuminate/Pipeline/Pipeline->Illuminate/Pipeline/{closure}(Object(Illuminate/Http/Request))
#73 D:/DS-TI/CRM-DIMSUM/opm-digemid/vendor/laravel/framework/src/Illuminate/Foundation/Http/Middleware/TrimStrings.php(51): Illuminate/Foundation/Http/Middleware/TransformsRequest->handle(Object(Illuminate/Http/Request), Object(Closure))
#74 D:/DS-TI/CRM-DIMSUM/opm-digemid/vendor/laravel/framework/src/Illuminate/Pipeline/Pipeline.php(209): Illuminate/Foundation/Http/Middleware/TrimStrings->handle(Object(Illuminate/Http/Request), Object(Closure))
#75 D:/DS-TI/CRM-DIMSUM/opm-digemid/vendor/laravel/framework/src/Illuminate/Http/Middleware/ValidatePostSize.php(27): Illuminate/Pipeline/Pipeline->Illuminate/Pipeline/{closure}(Object(Illuminate/Http/Request))
#76 D:/DS-TI/CRM-DIMSUM/opm-digemid/vendor/laravel/framework/src/Illuminate/Pipeline/Pipeline.php(209): Illuminate/Http/Middleware/ValidatePostSize->handle(Object(Illuminate/Http/Request), Object(Closure))
#77 D:/DS-TI/CRM-DIMSUM/opm-digemid/vendor/laravel/framework/src/Illuminate/Foundation/Http/Middleware/PreventRequestsDuringMaintenance.php(110): Illuminate/Pipeline/Pipeline->Illuminate/Pipeline/{closure}(Object(Illuminate/Http/Request))
#78 D:/DS-TI/CRM-DIMSUM/opm-digemid/vendor/laravel/framework/src/Illuminate/Pipeline/Pipeline.php(209): Illuminate/Foundation/Http/Middleware/PreventRequestsDuringMaintenance->handle(Object(Illuminate/Http/Request), Object(Closure))
#79 D:/DS-TI/CRM-DIMSUM/opm-digemid/vendor/laravel/framework/src/Illuminate/Http/Middleware/HandleCors.php(49): Illuminate/Pipeline/Pipeline->Illuminate/Pipeline/{closure}(Object(Illuminate/Http/Request))
#80 D:/DS-TI/CRM-DIMSUM/opm-digemid/vendor/laravel/framework/src/Illuminate/Pipeline/Pipeline.php(209): Illuminate/Http/Middleware/HandleCors->handle(Object(Illuminate/Http/Request), Object(Closure))
#81 D:/DS-TI/CRM-DIMSUM/opm-digemid/vendor/laravel/framework/src/Illuminate/Http/Middleware/TrustProxies.php(58): Illuminate/Pipeline/Pipeline->Illuminate/Pipeline/{closure}(Object(Illuminate/Http/Request))
#82 D:/DS-TI/CRM-DIMSUM/opm-digemid/vendor/laravel/framework/src/Illuminate/Pipeline/Pipeline.php(209): Illuminate/Http/Middleware/TrustProxies->handle(Object(Illuminate/Http/Request), Object(Closure))
#83 D:/DS-TI/CRM-DIMSUM/opm-digemid/vendor/laravel/framework/src/Illuminate/Foundation/Http/Middleware/InvokeDeferredCallbacks.php(22): Illuminate/Pipeline/Pipeline->Illuminate/Pipeline/{closure}(Object(Illuminate/Http/Request))
#84 D:/DS-TI/CRM-DIMSUM/opm-digemid/vendor/laravel/framework/src/Illuminate/Pipeline/Pipeline.php(209): Illuminate/Foundation/Http/Middleware/InvokeDeferredCallbacks->handle(Object(Illuminate/Http/Request), Object(Closure))
#85 D:/DS-TI/CRM-DIMSUM/opm-digemid/vendor/laravel/framework/src/Illuminate/Pipeline/Pipeline.php(127): Illuminate/Pipeline/Pipeline->Illuminate/Pipeline/{closure}(Object(Illuminate/Http/Request))
#86 D:/DS-TI/CRM-DIMSUM/opm-digemid/vendor/laravel/framework/src/Illuminate/Foundation/Http/Kernel.php(176): Illuminate/Pipeline/Pipeline->then(Object(Closure))
#87 D:/DS-TI/CRM-DIMSUM/opm-digemid/vendor/laravel/framework/src/Illuminate/Foundation/Http/Kernel.php(145): Illuminate/Foundation/Http/Kernel->sendRequestThroughRouter(Object(Illuminate/Http/Request))
#88 D:/DS-TI/CRM-DIMSUM/opm-digemid/vendor/laravel/framework/src/Illuminate/Foundation/Application.php(1220): Illuminate/Foundation/Http/Kernel->handle(Object(Illuminate/Http/Request))
#89 D:/DS-TI/CRM-DIMSUM/opm-digemid/public/index.php(17): Illuminate/Foundation/Application->handleRequest(Object(Illuminate/Http/Request))
#90 D:/DS-TI/CRM-DIMSUM/opm-digemid/vendor/laravel/framework/src/Illuminate/Foundation/resources/server.php(23): require_once('D://DS-TI//CRM-DI...')
#91 {main}
"} 
[2026-08-19 06:58:16] local.ERROR: Unable to locate a class or view for component [slot:deleteButton]. {"userId":1,"exception":"[object] (Spatie\\LaravelIgnition\\Exceptions\\ViewException(code: 0): Unable to locate a class or view for component [slot:deleteButton]. at D:/DS-TI/CRM-DIMSUM/opm-digemid/vendor/laravel/framework/src/Illuminate/View/Compilers/ComponentTagCompiler.php:316)
[stacktrace]
#0 D:/DS-TI/CRM-DIMSUM/opm-digemid/vendor/laravel/framework/src/Illuminate/View/Compilers/ComponentTagCompiler.php(236): Illuminate/View/Compilers/ComponentTagCompiler->componentClass('slot:deleteButt...')
#1 D:/DS-TI/CRM-DIMSUM/opm-digemid/vendor/laravel/framework/src/Illuminate/View/Compilers/ComponentTagCompiler.php(221): Illuminate/View/Compilers/ComponentTagCompiler->componentString('slot:deleteButt...', Array)
#2 [internal function]: Illuminate/View/Compilers/ComponentTagCompiler->Illuminate/View/Compilers/{closure}(Array)
#3 D:/DS-TI/CRM-DIMSUM/opm-digemid/vendor/laravel/framework/src/Illuminate/View/Compilers/ComponentTagCompiler.php(216): preg_replace_callback('//n            <...', Object(Closure), '@if ($gatewayUn...')
#4 D:/DS-TI/CRM-DIMSUM/opm-digemid/vendor/laravel/framework/src/Illuminate/View/Compilers/ComponentTagCompiler.php(90): Illuminate/View/Compilers/ComponentTagCompiler->compileSelfClosingTags('@if ($gatewayUn...')
#5 D:/DS-TI/CRM-DIMSUM/opm-digemid/vendor/laravel/framework/src/Illuminate/View/Compilers/ComponentTagCompiler.php(77): Illuminate/View/Compilers/ComponentTagCompiler->compileTags('@if ($gatewayUn...')
#6 D:/DS-TI/CRM-DIMSUM/opm-digemid/vendor/laravel/framework/src/Illuminate/View/Compilers/BladeCompiler.php(440): Illuminate/View/Compilers/ComponentTagCompiler->compile('@if ($gatewayUn...')
#7 D:/DS-TI/CRM-DIMSUM/opm-digemid/vendor/laravel/framework/src/Illuminate/View/Compilers/BladeCompiler.php(272): Illuminate/View/Compilers/BladeCompiler->compileComponentTags('@if ($gatewayUn...')
#8 D:/DS-TI/CRM-DIMSUM/opm-digemid/vendor/laravel/framework/src/Illuminate/View/Compilers/BladeCompiler.php(186): Illuminate/View/Compilers/BladeCompiler->compileString('@if ($gatewayUn...')
#9 D:/DS-TI/CRM-DIMSUM/opm-digemid/vendor/laravel/framework/src/Illuminate/View/Engines/CompilerEngine.php(67): Illuminate/View/Compilers/BladeCompiler->compile('D://DS-TI//CRM-DI...')
#10 D:/DS-TI/CRM-DIMSUM/opm-digemid/vendor/livewire/livewire/src/Mechanisms/ExtendBlade/ExtendedCompilerEngine.php(16): Illuminate/View/Engines/CompilerEngine->get('D://DS-TI//CRM-DI...', Array)
#11 D:/DS-TI/CRM-DIMSUM/opm-digemid/vendor/laravel/framework/src/Illuminate/View/View.php(209): Livewire/Mechanisms/ExtendBlade/ExtendedCompilerEngine->get('D://DS-TI//CRM-DI...', Array)
#12 D:/DS-TI/CRM-DIMSUM/opm-digemid/vendor/laravel/framework/src/Illuminate/View/View.php(192): Illuminate/View/View->getContents()
#13 D:/DS-TI/CRM-DIMSUM/opm-digemid/vendor/laravel/framework/src/Illuminate/View/View.php(161): Illuminate/View/View->renderContents()
#14 D:/DS-TI/CRM-DIMSUM/opm-digemid/resources/views/filament/pages/stock/actual.blade.php(8): Illuminate/View/View->render()
#15 D:/DS-TI/CRM-DIMSUM/opm-digemid/vendor/livewire/livewire/src/Mechanisms/ExtendBlade/ExtendedCompilerEngine.php(37): include('D://DS-TI//CRM-DI...')
#16 D:/DS-TI/CRM-DIMSUM/opm-digemid/vendor/livewire/livewire/src/Mechanisms/ExtendBlade/ExtendedCompilerEngine.php(38): App/Filament/Pages/Stock/StockActual->Livewire/Mechanisms/ExtendBlade/{closure}()
#17 D:/DS-TI/CRM-DIMSUM/opm-digemid/vendor/laravel/framework/src/Illuminate/View/Engines/CompilerEngine.php(75): Livewire/Mechanisms/ExtendBlade/ExtendedCompilerEngine->evaluatePath('D://DS-TI//CRM-DI...', Array)
#18 D:/DS-TI/CRM-DIMSUM/opm-digemid/vendor/livewire/livewire/src/Mechanisms/ExtendBlade/ExtendedCompilerEngine.php(16): Illuminate/View/Engines/CompilerEngine->get('D://DS-TI//CRM-DI...', Array)
#19 D:/DS-TI/CRM-DIMSUM/opm-digemid/vendor/laravel/framework/src/Illuminate/View/View.php(209): Livewire/Mechanisms/ExtendBlade/ExtendedCompilerEngine->get('D://DS-TI//CRM-DI...', Array)
#20 D:/DS-TI/CRM-DIMSUM/opm-digemid/vendor/laravel/framework/src/Illuminate/View/View.php(192): Illuminate/View/View->getContents()
#21 D:/DS-TI/CRM-DIMSUM/opm-digemid/vendor/laravel/framework/src/Illuminate/View/View.php(161): Illuminate/View/View->renderContents()
#22 D:/DS-TI/CRM-DIMSUM/opm-digemid/vendor/livewire/livewire/src/Mechanisms/HandleComponents/HandleComponents.php(417): Illuminate/View/View->render(Object(Closure))
#23 D:/DS-TI/CRM-DIMSUM/opm-digemid/vendor/livewire/livewire/src/Mechanisms/HandleComponents/HandleComponents.php(468): Livewire/Mechanisms/HandleComponents/HandleComponents->Livewire/Mechanisms/HandleComponents/{closure}()
#24 D:/DS-TI/CRM-DIMSUM/opm-digemid/vendor/livewire/livewire/src/Mechanisms/HandleComponents/HandleComponents.php(409): Livewire/Mechanisms/HandleComponents/HandleComponents->trackInRenderStack(Object(App/Filament/Pages/Stock/StockActual), Object(Closure))
#25 D:/DS-TI/CRM-DIMSUM/opm-digemid/vendor/livewire/livewire/src/Mechanisms/HandleComponents/HandleComponents.php(245): Livewire/Mechanisms/HandleComponents/HandleComponents->render(Object(App/Filament/Pages/Stock/StockActual))
#26 D:/DS-TI/CRM-DIMSUM/opm-digemid/vendor/livewire/livewire/src/LivewireManager.php(131): Livewire/Mechanisms/HandleComponents/HandleComponents->update(Array, Array, Array)
#27 D:/DS-TI/CRM-DIMSUM/opm-digemid/vendor/livewire/livewire/src/Mechanisms/HandleRequests/HandleRequests.php(205): Livewire/LivewireManager->update(Array, Array, Array)
#28 D:/DS-TI/CRM-DIMSUM/opm-digemid/vendor/laravel/framework/src/Illuminate/Routing/ControllerDispatcher.php(47): Livewire/Mechanisms/HandleRequests/HandleRequests->handleUpdate()
#29 D:/DS-TI/CRM-DIMSUM/opm-digemid/vendor/laravel/framework/src/Illuminate/Routing/Route.php(266): Illuminate/Routing/ControllerDispatcher->dispatch(Object(Illuminate/Routing/Route), Object(Livewire/Mechanisms/HandleRequests/HandleRequests), 'handleUpdate')
#30 D:/DS-TI/CRM-DIMSUM/opm-digemid/vendor/laravel/framework/src/Illuminate/Routing/Route.php(212): Illuminate/Routing/Route->runController()
#31 D:/DS-TI/CRM-DIMSUM/opm-digemid/vendor/laravel/framework/src/Illuminate/Routing/Router.php(808): Illuminate/Routing/Route->run()
#32 D:/DS-TI/CRM-DIMSUM/opm-digemid/vendor/laravel/framework/src/Illuminate/Pipeline/Pipeline.php(170): Illuminate/Routing/Router->Illuminate/Routing/{closure}(Object(Illuminate/Http/Request))
#33 D:/DS-TI/CRM-DIMSUM/opm-digemid/vendor/livewire/livewire/src/Mechanisms/HandleRequests/RequireLivewireHeaders.php(19): Illuminate/Pipeline/Pipeline->Illuminate/Pipeline/{closure}(Object(Illuminate/Http/Request))
#34 D:/DS-TI/CRM-DIMSUM/opm-digemid/vendor/laravel/framework/src/Illuminate/Pipeline/Pipeline.php(209): Livewire/Mechanisms/HandleRequests/RequireLivewireHeaders->handle(Object(Illuminate/Http/Request), Object(Closure))
#35 D:/DS-TI/CRM-DIMSUM/opm-digemid/vendor/laravel/framework/src/Illuminate/Routing/Middleware/SubstituteBindings.php(51): Illuminate/Pipeline/Pipeline->Illuminate/Pipeline/{closure}(Object(Illuminate/Http/Request))
#36 D:/DS-TI/CRM-DIMSUM/opm-digemid/vendor/laravel/framework/src/Illuminate/Pipeline/Pipeline.php(209): Illuminate/Routing/Middleware/SubstituteBindings->handle(Object(Illuminate/Http/Request), Object(Closure))
#37 D:/DS-TI/CRM-DIMSUM/opm-digemid/vendor/laravel/framework/src/Illuminate/Foundation/Http/Middleware/VerifyCsrfToken.php(88): Illuminate/Pipeline/Pipeline->Illuminate/Pipeline/{closure}(Object(Illuminate/Http/Request))
#38 D:/DS-TI/CRM-DIMSUM/opm-digemid/vendor/laravel/framework/src/Illuminate/Pipeline/Pipeline.php(209): Illuminate/Foundation/Http/Middleware/VerifyCsrfToken->handle(Object(Illuminate/Http/Request), Object(Closure))
#39 D:/DS-TI/CRM-DIMSUM/opm-digemid/vendor/laravel/framework/src/Illuminate/View/Middleware/ShareErrorsFromSession.php(49): Illuminate/Pipeline/Pipeline->Illuminate/Pipeline/{closure}(Object(Illuminate/Http/Request))
#40 D:/DS-TI/CRM-DIMSUM/opm-digemid/vendor/laravel/framework/src/Illuminate/Pipeline/Pipeline.php(209): Illuminate/View/Middleware/ShareErrorsFromSession->handle(Object(Illuminate/Http/Request), Object(Closure))
#41 D:/DS-TI/CRM-DIMSUM/opm-digemid/vendor/laravel/framework/src/Illuminate/Session/Middleware/StartSession.php(121): Illuminate/Pipeline/Pipeline->Illuminate/Pipeline/{closure}(Object(Illuminate/Http/Request))
#42 D:/DS-TI/CRM-DIMSUM/opm-digemid/vendor/laravel/framework/src/Illuminate/Session/Middleware/StartSession.php(64): Illuminate/Session/Middleware/StartSession->handleStatefulRequest(Object(Illuminate/Http/Request), Object(Illuminate/Session/Store), Object(Closure))
#43 D:/DS-TI/CRM-DIMSUM/opm-digemid/vendor/laravel/framework/src/Illuminate/Pipeline/Pipeline.php(209): Illuminate/Session/Middleware/StartSession->handle(Object(Illuminate/Http/Request), Object(Closure))
#44 D:/DS-TI/CRM-DIMSUM/opm-digemid/vendor/laravel/framework/src/Illuminate/Cookie/Middleware/AddQueuedCookiesToResponse.php(37): Illuminate/Pipeline/Pipeline->Illuminate/Pipeline/{closure}(Object(Illuminate/Http/Request))
#45 D:/DS-TI/CRM-DIMSUM/opm-digemid/vendor/laravel/framework/src/Illuminate/Pipeline/Pipeline.php(209): Illuminate/Cookie/Middleware/AddQueuedCookiesToResponse->handle(Object(Illuminate/Http/Request), Object(Closure))
#46 D:/DS-TI/CRM-DIMSUM/opm-digemid/vendor/laravel/framework/src/Illuminate/Cookie/Middleware/EncryptCookies.php(75): Illuminate/Pipeline/Pipeline->Illuminate/Pipeline/{closure}(Object(Illuminate/Http/Request))
#47 D:/DS-TI/CRM-DIMSUM/opm-digemid/vendor/laravel/framework/src/Illuminate/Pipeline/Pipeline.php(209): Illuminate/Cookie/Middleware/EncryptCookies->handle(Object(Illuminate/Http/Request), Object(Closure))
#48 D:/DS-TI/CRM-DIMSUM/opm-digemid/vendor/laravel/framework/src/Illuminate/Pipeline/Pipeline.php(127): Illuminate/Pipeline/Pipeline->Illuminate/Pipeline/{closure}(Object(Illuminate/Http/Request))
#49 D:/DS-TI/CRM-DIMSUM/opm-digemid/vendor/laravel/framework/src/Illuminate/Routing/Router.php(807): Illuminate/Pipeline/Pipeline->then(Object(Closure))
#50 D:/DS-TI/CRM-DIMSUM/opm-digemid/vendor/laravel/framework/src/Illuminate/Routing/Router.php(786): Illuminate/Routing/Router->runRouteWithinStack(Object(Illuminate/Routing/Route), Object(Illuminate/Http/Request))
#51 D:/DS-TI/CRM-DIMSUM/opm-digemid/vendor/laravel/framework/src/Illuminate/Routing/Router.php(750): Illuminate/Routing/Router->runRoute(Object(Illuminate/Http/Request), Object(Illuminate/Routing/Route))
#52 D:/DS-TI/CRM-DIMSUM/opm-digemid/vendor/laravel/framework/src/Illuminate/Routing/Router.php(739): Illuminate/Routing/Router->dispatchToRoute(Object(Illuminate/Http/Request))
#53 D:/DS-TI/CRM-DIMSUM/opm-digemid/vendor/laravel/framework/src/Illuminate/Foundation/Http/Kernel.php(201): Illuminate/Routing/Router->dispatch(Object(Illuminate/Http/Request))
#54 D:/DS-TI/CRM-DIMSUM/opm-digemid/vendor/laravel/framework/src/Illuminate/Pipeline/Pipeline.php(170): Illuminate/Foundation/Http/Kernel->Illuminate/Foundation/Http/{closure}(Object(Illuminate/Http/Request))
#55 D:/DS-TI/CRM-DIMSUM/opm-digemid/vendor/livewire/livewire/src/Features/SupportDisablingBackButtonCache/DisableBackButtonCacheMiddleware.php(19): Illuminate/Pipeline/Pipeline->Illuminate/Pipeline/{closure}(Object(Illuminate/Http/Request))
#56 D:/DS-TI/CRM-DIMSUM/opm-digemid/vendor/laravel/framework/src/Illuminate/Pipeline/Pipeline.php(209): Livewire/Features/SupportDisablingBackButtonCache/DisableBackButtonCacheMiddleware->handle(Object(Illuminate/Http/Request), Object(Closure))
#57 D:/DS-TI/CRM-DIMSUM/opm-digemid/app/Http/Middleware/SecurityHeaders.php(13): Illuminate/Pipeline/Pipeline->Illuminate/Pipeline/{closure}(Object(Illuminate/Http/Request))
#58 D:/DS-TI/CRM-DIMSUM/opm-digemid/vendor/laravel/framework/src/Illuminate/Pipeline/Pipeline.php(209): App/Http/Middleware/SecurityHeaders->handle(Object(Illuminate/Http/Request), Object(Closure))
#59 D:/DS-TI/CRM-DIMSUM/opm-digemid/vendor/laravel/framework/src/Illuminate/Foundation/Http/Middleware/ConvertEmptyStringsToNull.php(27): Illuminate/Pipeline/Pipeline->Illuminate/Pipeline/{closure}(Object(Illuminate/Http/Request))
#60 D:/DS-TI/CRM-DIMSUM/opm-digemid/vendor/laravel/framework/src/Illuminate/Pipeline/Pipeline.php(209): Illuminate/Foundation/Http/Middleware/ConvertEmptyStringsToNull->handle(Object(Illuminate/Http/Request), Object(Closure))
#61 D:/DS-TI/CRM-DIMSUM/opm-digemid/vendor/laravel/framework/src/Illuminate/Foundation/Http/Middleware/TrimStrings.php(47): Illuminate/Pipeline/Pipeline->Illuminate/Pipeline/{closure}(Object(Illuminate/Http/Request))
#62 D:/DS-TI/CRM-DIMSUM/opm-digemid/vendor/laravel/framework/src/Illuminate/Pipeline/Pipeline.php(209): Illuminate/Foundation/Http/Middleware/TrimStrings->handle(Object(Illuminate/Http/Request), Object(Closure))
#63 D:/DS-TI/CRM-DIMSUM/opm-digemid/vendor/laravel/framework/src/Illuminate/Http/Middleware/ValidatePostSize.php(27): Illuminate/Pipeline/Pipeline->Illuminate/Pipeline/{closure}(Object(Illuminate/Http/Request))
#64 D:/DS-TI/CRM-DIMSUM/opm-digemid/vendor/laravel/framework/src/Illuminate/Pipeline/Pipeline.php(209): Illuminate/Http/Middleware/ValidatePostSize->handle(Object(Illuminate/Http/Request), Object(Closure))
#65 D:/DS-TI/CRM-DIMSUM/opm-digemid/vendor/laravel/framework/src/Illuminate/Foundation/Http/Middleware/PreventRequestsDuringMaintenance.php(110): Illuminate/Pipeline/Pipeline->Illuminate/Pipeline/{closure}(Object(Illuminate/Http/Request))
#66 D:/DS-TI/CRM-DIMSUM/opm-digemid/vendor/laravel/framework/src/Illuminate/Pipeline/Pipeline.php(209): Illuminate/Foundation/Http/Middleware/PreventRequestsDuringMaintenance->handle(Object(Illuminate/Http/Request), Object(Closure))
#67 D:/DS-TI/CRM-DIMSUM/opm-digemid/vendor/laravel/framework/src/Illuminate/Http/Middleware/HandleCors.php(49): Illuminate/Pipeline/Pipeline->Illuminate/Pipeline/{closure}(Object(Illuminate/Http/Request))
#68 D:/DS-TI/CRM-DIMSUM/opm-digemid/vendor/laravel/framework/src/Illuminate/Pipeline/Pipeline.php(209): Illuminate/Http/Middleware/HandleCors->handle(Object(Illuminate/Http/Request), Object(Closure))
#69 D:/DS-TI/CRM-DIMSUM/opm-digemid/vendor/laravel/framework/src/Illuminate/Http/Middleware/TrustProxies.php(58): Illuminate/Pipeline/Pipeline->Illuminate/Pipeline/{closure}(Object(Illuminate/Http/Request))
#70 D:/DS-TI/CRM-DIMSUM/opm-digemid/vendor/laravel/framework/src/Illuminate/Pipeline/Pipeline.php(209): Illuminate/Http/Middleware/TrustProxies->handle(Object(Illuminate/Http/Request), Object(Closure))
#71 D:/DS-TI/CRM-DIMSUM/opm-digemid/vendor/laravel/framework/src/Illuminate/Foundation/Http/Middleware/InvokeDeferredCallbacks.php(22): Illuminate/Pipeline/Pipeline->Illuminate/Pipeline/{closure}(Object(Illuminate/Http/Request))
#72 D:/DS-TI/CRM-DIMSUM/opm-digemid/vendor/laravel/framework/src/Illuminate/Pipeline/Pipeline.php(209): Illuminate/Foundation/Http/Middleware/InvokeDeferredCallbacks->handle(Object(Illuminate/Http/Request), Object(Closure))
#73 D:/DS-TI/CRM-DIMSUM/opm-digemid/vendor/laravel/framework/src/Illuminate/Pipeline/Pipeline.php(127): Illuminate/Pipeline/Pipeline->Illuminate/Pipeline/{closure}(Object(Illuminate/Http/Request))
#74 D:/DS-TI/CRM-DIMSUM/opm-digemid/vendor/laravel/framework/src/Illuminate/Foundation/Http/Kernel.php(176): Illuminate/Pipeline/Pipeline->then(Object(Closure))
#75 D:/DS-TI/CRM-DIMSUM/opm-digemid/vendor/laravel/framework/src/Illuminate/Foundation/Http/Kernel.php(145): Illuminate/Foundation/Http/Kernel->sendRequestThroughRouter(Object(Illuminate/Http/Request))
#76 D:/DS-TI/CRM-DIMSUM/opm-digemid/vendor/laravel/framework/src/Illuminate/Foundation/Application.php(1220): Illuminate/Foundation/Http/Kernel->handle(Object(Illuminate/Http/Request))
#77 D:/DS-TI/CRM-DIMSUM/opm-digemid/public/index.php(17): Illuminate/Foundation/Application->handleRequest(Object(Illuminate/Http/Request))
#78 D:/DS-TI/CRM-DIMSUM/opm-digemid/vendor/laravel/framework/src/Illuminate/Foundation/resources/server.php(23): require_once('D://DS-TI//CRM-DI...')
#79 {main}

[previous exception] [object] (InvalidArgumentException(code: 0): Unable to locate a class or view for component [slot:deleteButton]. at D:/DS-TI/CRM-DIMSUM/opm-digemid/vendor/laravel/framework/src/Illuminate/View/Compilers/ComponentTagCompiler.php:316)
[stacktrace]
#0 D:/DS-TI/CRM-DIMSUM/opm-digemid/vendor/laravel/framework/src/Illuminate/View/Compilers/ComponentTagCompiler.php(236): Illuminate/View/Compilers/ComponentTagCompiler->componentClass('slot:deleteButt...')
#1 D:/DS-TI/CRM-DIMSUM/opm-digemid/vendor/laravel/framework/src/Illuminate/View/Compilers/ComponentTagCompiler.php(221): Illuminate/View/Compilers/ComponentTagCompiler->componentString('slot:deleteButt...', Array)
#2 [internal function]: Illuminate/View/Compilers/ComponentTagCompiler->Illuminate/View/Compilers/{closure}(Array)
#3 D:/DS-TI/CRM-DIMSUM/opm-digemid/vendor/laravel/framework/src/Illuminate/View/Compilers/ComponentTagCompiler.php(216): preg_replace_callback('//n            <...', Object(Closure), '@if ($gatewayUn...')
#4 D:/DS-TI/CRM-DIMSUM/opm-digemid/vendor/laravel/framework/src/Illuminate/View/Compilers/ComponentTagCompiler.php(90): Illuminate/View/Compilers/ComponentTagCompiler->compileSelfClosingTags('@if ($gatewayUn...')
#5 D:/DS-TI/CRM-DIMSUM/opm-digemid/vendor/laravel/framework/src/Illuminate/View/Compilers/ComponentTagCompiler.php(77): Illuminate/View/Compilers/ComponentTagCompiler->compileTags('@if ($gatewayUn...')
#6 D:/DS-TI/CRM-DIMSUM/opm-digemid/vendor/laravel/framework/src/Illuminate/View/Compilers/BladeCompiler.php(440): Illuminate/View/Compilers/ComponentTagCompiler->compile('@if ($gatewayUn...')
#7 D:/DS-TI/CRM-DIMSUM/opm-digemid/vendor/laravel/framework/src/Illuminate/View/Compilers/BladeCompiler.php(272): Illuminate/View/Compilers/BladeCompiler->compileComponentTags('@if ($gatewayUn...')
#8 D:/DS-TI/CRM-DIMSUM/opm-digemid/vendor/laravel/framework/src/Illuminate/View/Compilers/BladeCompiler.php(186): Illuminate/View/Compilers/BladeCompiler->compileString('@if ($gatewayUn...')
#9 D:/DS-TI/CRM-DIMSUM/opm-digemid/vendor/laravel/framework/src/Illuminate/View/Engines/CompilerEngine.php(67): Illuminate/View/Compilers/BladeCompiler->compile('D://DS-TI//CRM-DI...')
#10 D:/DS-TI/CRM-DIMSUM/opm-digemid/vendor/livewire/livewire/src/Mechanisms/ExtendBlade/ExtendedCompilerEngine.php(16): Illuminate/View/Engines/CompilerEngine->get('D://DS-TI//CRM-DI...', Array)
#11 D:/DS-TI/CRM-DIMSUM/opm-digemid/vendor/laravel/framework/src/Illuminate/View/View.php(209): Livewire/Mechanisms/ExtendBlade/ExtendedCompilerEngine->get('D://DS-TI//CRM-DI...', Array)
#12 D:/DS-TI/CRM-DIMSUM/opm-digemid/vendor/laravel/framework/src/Illuminate/View/View.php(192): Illuminate/View/View->getContents()
#13 D:/DS-TI/CRM-DIMSUM/opm-digemid/vendor/laravel/framework/src/Illuminate/View/View.php(161): Illuminate/View/View->renderContents()
#14 D:/DS-TI/CRM-DIMSUM/opm-digemid/storage/framework/views/6103234a1dbe18e4cfde88667ffc7194.php(19): Illuminate/View/View->render()
#15 D:/DS-TI/CRM-DIMSUM/opm-digemid/vendor/livewire/livewire/src/Mechanisms/ExtendBlade/ExtendedCompilerEngine.php(37): include('D://DS-TI//CRM-DI...')
#16 D:/DS-TI/CRM-DIMSUM/opm-digemid/vendor/livewire/livewire/src/Mechanisms/ExtendBlade/ExtendedCompilerEngine.php(38): App/Filament/Pages/Stock/StockActual->Livewire/Mechanisms/ExtendBlade/{closure}()
#17 D:/DS-TI/CRM-DIMSUM/opm-digemid/vendor/laravel/framework/src/Illuminate/View/Engines/CompilerEngine.php(75): Livewire/Mechanisms/ExtendBlade/ExtendedCompilerEngine->evaluatePath('D://DS-TI//CRM-DI...', Array)
#18 D:/DS-TI/CRM-DIMSUM/opm-digemid/vendor/livewire/livewire/src/Mechanisms/ExtendBlade/ExtendedCompilerEngine.php(16): Illuminate/View/Engines/CompilerEngine->get('D://DS-TI//CRM-DI...', Array)
#19 D:/DS-TI/CRM-DIMSUM/opm-digemid/vendor/laravel/framework/src/Illuminate/View/View.php(209): Livewire/Mechanisms/ExtendBlade/ExtendedCompilerEngine->get('D://DS-TI//CRM-DI...', Array)
#20 D:/DS-TI/CRM-DIMSUM/opm-digemid/vendor/laravel/framework/src/Illuminate/View/View.php(192): Illuminate/View/View->getContents()
#21 D:/DS-TI/CRM-DIMSUM/opm-digemid/vendor/laravel/framework/src/Illuminate/View/View.php(161): Illuminate/View/View->renderContents()
#22 D:/DS-TI/CRM-DIMSUM/opm-digemid/vendor/livewire/livewire/src/Mechanisms/HandleComponents/HandleComponents.php(417): Illuminate/View/View->render(Object(Closure))
#23 D:/DS-TI/CRM-DIMSUM/opm-digemid/vendor/livewire/livewire/src/Mechanisms/HandleComponents/HandleComponents.php(468): Livewire/Mechanisms/HandleComponents/HandleComponents->Livewire/Mechanisms/HandleComponents/{closure}()
#24 D:/DS-TI/CRM-DIMSUM/opm-digemid/vendor/livewire/livewire/src/Mechanisms/HandleComponents/HandleComponents.php(409): Livewire/Mechanisms/HandleComponents/HandleComponents->trackInRenderStack(Object(App/Filament/Pages/Stock/StockActual), Object(Closure))
#25 D:/DS-TI/CRM-DIMSUM/opm-digemid/vendor/livewire/livewire/src/Mechanisms/HandleComponents/HandleComponents.php(245): Livewire/Mechanisms/HandleComponents/HandleComponents->render(Object(App/Filament/Pages/Stock/StockActual))
#26 D:/DS-TI/CRM-DIMSUM/opm-digemid/vendor/livewire/livewire/src/LivewireManager.php(131): Livewire/Mechanisms/HandleComponents/HandleComponents->update(Array, Array, Array)
#27 D:/DS-TI/CRM-DIMSUM/opm-digemid/vendor/livewire/livewire/src/Mechanisms/HandleRequests/HandleRequests.php(205): Livewire/LivewireManager->update(Array, Array, Array)
#28 D:/DS-TI/CRM-DIMSUM/opm-digemid/vendor/laravel/framework/src/Illuminate/Routing/ControllerDispatcher.php(47): Livewire/Mechanisms/HandleRequests/HandleRequests->handleUpdate()
#29 D:/DS-TI/CRM-DIMSUM/opm-digemid/vendor/laravel/framework/src/Illuminate/Routing/Route.php(266): Illuminate/Routing/ControllerDispatcher->dispatch(Object(Illuminate/Routing/Route), Object(Livewire/Mechanisms/HandleRequests/HandleRequests), 'handleUpdate')
#30 D:/DS-TI/CRM-DIMSUM/opm-digemid/vendor/laravel/framework/src/Illuminate/Routing/Route.php(212): Illuminate/Routing/Route->runController()
#31 D:/DS-TI/CRM-DIMSUM/opm-digemid/vendor/laravel/framework/src/Illuminate/Routing/Router.php(808): Illuminate/Routing/Route->run()
#32 D:/DS-TI/CRM-DIMSUM/opm-digemid/vendor/laravel/framework/src/Illuminate/Pipeline/Pipeline.php(170): Illuminate/Routing/Router->Illuminate/Routing/{closure}(Object(Illuminate/Http/Request))
#33 D:/DS-TI/CRM-DIMSUM/opm-digemid/vendor/livewire/livewire/src/Mechanisms/HandleRequests/RequireLivewireHeaders.php(19): Illuminate/Pipeline/Pipeline->Illuminate/Pipeline/{closure}(Object(Illuminate/Http/Request))
#34 D:/DS-TI/CRM-DIMSUM/opm-digemid/vendor/laravel/framework/src/Illuminate/Pipeline/Pipeline.php(209): Livewire/Mechanisms/HandleRequests/RequireLivewireHeaders->handle(Object(Illuminate/Http/Request), Object(Closure))
#35 D:/DS-TI/CRM-DIMSUM/opm-digemid/vendor/laravel/framework/src/Illuminate/Routing/Middleware/SubstituteBindings.php(51): Illuminate/Pipeline/Pipeline->Illuminate/Pipeline/{closure}(Object(Illuminate/Http/Request))
#36 D:/DS-TI/CRM-DIMSUM/opm-digemid/vendor/laravel/framework/src/Illuminate/Pipeline/Pipeline.php(209): Illuminate/Routing/Middleware/SubstituteBindings->handle(Object(Illuminate/Http/Request), Object(Closure))
#37 D:/DS-TI/CRM-DIMSUM/opm-digemid/vendor/laravel/framework/src/Illuminate/Foundation/Http/Middleware/VerifyCsrfToken.php(88): Illuminate/Pipeline/Pipeline->Illuminate/Pipeline/{closure}(Object(Illuminate/Http/Request))
#38 D:/DS-TI/CRM-DIMSUM/opm-digemid/vendor/laravel/framework/src/Illuminate/Pipeline/Pipeline.php(209): Illuminate/Foundation/Http/Middleware/VerifyCsrfToken->handle(Object(Illuminate/Http/Request), Object(Closure))
#39 D:/DS-TI/CRM-DIMSUM/opm-digemid/vendor/laravel/framework/src/Illuminate/View/Middleware/ShareErrorsFromSession.php(49): Illuminate/Pipeline/Pipeline->Illuminate/Pipeline/{closure}(Object(Illuminate/Http/Request))
#40 D:/DS-TI/CRM-DIMSUM/opm-digemid/vendor/laravel/framework/src/Illuminate/Pipeline/Pipeline.php(209): Illuminate/View/Middleware/ShareErrorsFromSession->handle(Object(Illuminate/Http/Request), Object(Closure))
#41 D:/DS-TI/CRM-DIMSUM/opm-digemid/vendor/laravel/framework/src/Illuminate/Session/Middleware/StartSession.php(121): Illuminate/Pipeline/Pipeline->Illuminate/Pipeline/{closure}(Object(Illuminate/Http/Request))
#42 D:/DS-TI/CRM-DIMSUM/opm-digemid/vendor/laravel/framework/src/Illuminate/Session/Middleware/StartSession.php(64): Illuminate/Session/Middleware/StartSession->handleStatefulRequest(Object(Illuminate/Http/Request), Object(Illuminate/Session/Store), Object(Closure))
#43 D:/DS-TI/CRM-DIMSUM/opm-digemid/vendor/laravel/framework/src/Illuminate/Pipeline/Pipeline.php(209): Illuminate/Session/Middleware/StartSession->handle(Object(Illuminate/Http/Request), Object(Closure))
#44 D:/DS-TI/CRM-DIMSUM/opm-digemid/vendor/laravel/framework/src/Illuminate/Cookie/Middleware/AddQueuedCookiesToResponse.php(37): Illuminate/Pipeline/Pipeline->Illuminate/Pipeline/{closure}(Object(Illuminate/Http/Request))
#45 D:/DS-TI/CRM-DIMSUM/opm-digemid/vendor/laravel/framework/src/Illuminate/Pipeline/Pipeline.php(209): Illuminate/Cookie/Middleware/AddQueuedCookiesToResponse->handle(Object(Illuminate/Http/Request), Object(Closure))
#46 D:/DS-TI/CRM-DIMSUM/opm-digemid/vendor/laravel/framework/src/Illuminate/Cookie/Middleware/EncryptCookies.php(75): Illuminate/Pipeline/Pipeline->Illuminate/Pipeline/{closure}(Object(Illuminate/Http/Request))
#47 D:/DS-TI/CRM-DIMSUM/opm-digemid/vendor/laravel/framework/src/Illuminate/Pipeline/Pipeline.php(209): Illuminate/Cookie/Middleware/EncryptCookies->handle(Object(Illuminate/Http/Request), Object(Closure))
#48 D:/DS-TI/CRM-DIMSUM/opm-digemid/vendor/laravel/framework/src/Illuminate/Pipeline/Pipeline.php(127): Illuminate/Pipeline/Pipeline->Illuminate/Pipeline/{closure}(Object(Illuminate/Http/Request))
#49 D:/DS-TI/CRM-DIMSUM/opm-digemid/vendor/laravel/framework/src/Illuminate/Routing/Router.php(807): Illuminate/Pipeline/Pipeline->then(Object(Closure))
#50 D:/DS-TI/CRM-DIMSUM/opm-digemid/vendor/laravel/framework/src/Illuminate/Routing/Router.php(786): Illuminate/Routing/Router->runRouteWithinStack(Object(Illuminate/Routing/Route), Object(Illuminate/Http/Request))
#51 D:/DS-TI/CRM-DIMSUM/opm-digemid/vendor/laravel/framework/src/Illuminate/Routing/Router.php(750): Illuminate/Routing/Router->runRoute(Object(Illuminate/Http/Request), Object(Illuminate/Routing/Route))
#52 D:/DS-TI/CRM-DIMSUM/opm-digemid/vendor/laravel/framework/src/Illuminate/Routing/Router.php(739): Illuminate/Routing/Router->dispatchToRoute(Object(Illuminate/Http/Request))
#53 D:/DS-TI/CRM-DIMSUM/opm-digemid/vendor/laravel/framework/src/Illuminate/Foundation/Http/Kernel.php(201): Illuminate/Routing/Router->dispatch(Object(Illuminate/Http/Request))
#54 D:/DS-TI/CRM-DIMSUM/opm-digemid/vendor/laravel/framework/src/Illuminate/Pipeline/Pipeline.php(170): Illuminate/Foundation/Http/Kernel->Illuminate/Foundation/Http/{closure}(Object(Illuminate/Http/Request))
#55 D:/DS-TI/CRM-DIMSUM/opm-digemid/vendor/livewire/livewire/src/Features/SupportDisablingBackButtonCache/DisableBackButtonCacheMiddleware.php(19): Illuminate/Pipeline/Pipeline->Illuminate/Pipeline/{closure}(Object(Illuminate/Http/Request))
#56 D:/DS-TI/CRM-DIMSUM/opm-digemid/vendor/laravel/framework/src/Illuminate/Pipeline/Pipeline.php(209): Livewire/Features/SupportDisablingBackButtonCache/DisableBackButtonCacheMiddleware->handle(Object(Illuminate/Http/Request), Object(Closure))
#57 D:/DS-TI/CRM-DIMSUM/opm-digemid/app/Http/Middleware/SecurityHeaders.php(13): Illuminate/Pipeline/Pipeline->Illuminate/Pipeline/{closure}(Object(Illuminate/Http/Request))
#58 D:/DS-TI/CRM-DIMSUM/opm-digemid/vendor/laravel/framework/src/Illuminate/Pipeline/Pipeline.php(209): App/Http/Middleware/SecurityHeaders->handle(Object(Illuminate/Http/Request), Object(Closure))
#59 D:/DS-TI/CRM-DIMSUM/opm-digemid/vendor/laravel/framework/src/Illuminate/Foundation/Http/Middleware/ConvertEmptyStringsToNull.php(27): Illuminate/Pipeline/Pipeline->Illuminate/Pipeline/{closure}(Object(Illuminate/Http/Request))
#60 D:/DS-TI/CRM-DIMSUM/opm-digemid/vendor/laravel/framework/src/Illuminate/Pipeline/Pipeline.php(209): Illuminate/Foundation/Http/Middleware/ConvertEmptyStringsToNull->handle(Object(Illuminate/Http/Request), Object(Closure))
#61 D:/DS-TI/CRM-DIMSUM/opm-digemid/vendor/laravel/framework/src/Illuminate/Foundation/Http/Middleware/TrimStrings.php(47): Illuminate/Pipeline/Pipeline->Illuminate/Pipeline/{closure}(Object(Illuminate/Http/Request))
#62 D:/DS-TI/CRM-DIMSUM/opm-digemid/vendor/laravel/framework/src/Illuminate/Pipeline/Pipeline.php(209): Illuminate/Foundation/Http/Middleware/TrimStrings->handle(Object(Illuminate/Http/Request), Object(Closure))
#63 D:/DS-TI/CRM-DIMSUM/opm-digemid/vendor/laravel/framework/src/Illuminate/Http/Middleware/ValidatePostSize.php(27): Illuminate/Pipeline/Pipeline->Illuminate/Pipeline/{closure}(Object(Illuminate/Http/Request))
#64 D:/DS-TI/CRM-DIMSUM/opm-digemid/vendor/laravel/framework/src/Illuminate/Pipeline/Pipeline.php(209): Illuminate/Http/Middleware/ValidatePostSize->handle(Object(Illuminate/Http/Request), Object(Closure))
#65 D:/DS-TI/CRM-DIMSUM/opm-digemid/vendor/laravel/framework/src/Illuminate/Foundation/Http/Middleware/PreventRequestsDuringMaintenance.php(110): Illuminate/Pipeline/Pipeline->Illuminate/Pipeline/{closure}(Object(Illuminate/Http/Request))
#66 D:/DS-TI/CRM-DIMSUM/opm-digemid/vendor/laravel/framework/src/Illuminate/Pipeline/Pipeline.php(209): Illuminate/Foundation/Http/Middleware/PreventRequestsDuringMaintenance->handle(Object(Illuminate/Http/Request), Object(Closure))
#67 D:/DS-TI/CRM-DIMSUM/opm-digemid/vendor/laravel/framework/src/Illuminate/Http/Middleware/HandleCors.php(49): Illuminate/Pipeline/Pipeline->Illuminate/Pipeline/{closure}(Object(Illuminate/Http/Request))
#68 D:/DS-TI/CRM-DIMSUM/opm-digemid/vendor/laravel/framework/src/Illuminate/Pipeline/Pipeline.php(209): Illuminate/Http/Middleware/HandleCors->handle(Object(Illuminate/Http/Request), Object(Closure))
#69 D:/DS-TI/CRM-DIMSUM/opm-digemid/vendor/laravel/framework/src/Illuminate/Http/Middleware/TrustProxies.php(58): Illuminate/Pipeline/Pipeline->Illuminate/Pipeline/{closure}(Object(Illuminate/Http/Request))
#70 D:/DS-TI/CRM-DIMSUM/opm-digemid/vendor/laravel/framework/src/Illuminate/Pipeline/Pipeline.php(209): Illuminate/Http/Middleware/TrustProxies->handle(Object(Illuminate/Http/Request), Object(Closure))
#71 D:/DS-TI/CRM-DIMSUM/opm-digemid/vendor/laravel/framework/src/Illuminate/Foundation/Http/Middleware/InvokeDeferredCallbacks.php(22): Illuminate/Pipeline/Pipeline->Illuminate/Pipeline/{closure}(Object(Illuminate/Http/Request))
#72 D:/DS-TI/CRM-DIMSUM/opm-digemid/vendor/laravel/framework/src/Illuminate/Pipeline/Pipeline.php(209): Illuminate/Foundation/Http/Middleware/InvokeDeferredCallbacks->handle(Object(Illuminate/Http/Request), Object(Closure))
#73 D:/DS-TI/CRM-DIMSUM/opm-digemid/vendor/laravel/framework/src/Illuminate/Pipeline/Pipeline.php(127): Illuminate/Pipeline/Pipeline->Illuminate/Pipeline/{closure}(Object(Illuminate/Http/Request))
#74 D:/DS-TI/CRM-DIMSUM/opm-digemid/vendor/laravel/framework/src/Illuminate/Foundation/Http/Kernel.php(176): Illuminate/Pipeline/Pipeline->then(Object(Closure))
#75 D:/DS-TI/CRM-DIMSUM/opm-digemid/vendor/laravel/framework/src/Illuminate/Foundation/Http/Kernel.php(145): Illuminate/Foundation/Http/Kernel->sendRequestThroughRouter(Object(Illuminate/Http/Request))
#76 D:/DS-TI/CRM-DIMSUM/opm-digemid/vendor/laravel/framework/src/Illuminate/Foundation/Application.php(1220): Illuminate/Foundation/Http/Kernel->handle(Object(Illuminate/Http/Request))
#77 D:/DS-TI/CRM-DIMSUM/opm-digemid/public/index.php(17): Illuminate/Foundation/Application->handleRequest(Object(Illuminate/Http/Request))
#78 D:/DS-TI/CRM-DIMSUM/opm-digemid/vendor/laravel/framework/src/Illuminate/Foundation/resources/server.php(23): require_once('D://DS-TI//CRM-DI...')
#79 {main}
"} 
[2026-08-19 06:58:20] local.ERROR: Unable to locate a class or view for component [slot:deleteButton]. {"exception":"[object] (InvalidArgumentException(code: 0): Unable to locate a class or view for component [slot:deleteButton]. at D:/DS-TI/CRM-DIMSUM/opm-digemid/vendor/laravel/framework/src/Illuminate/View/Compilers/ComponentTagCompiler.php:316)
[stacktrace]
#0 D:/DS-TI/CRM-DIMSUM/opm-digemid/vendor/laravel/framework/src/Illuminate/View/Compilers/ComponentTagCompiler.php(236): Illuminate/View/Compilers/ComponentTagCompiler->componentClass('slot:deleteButt...')
#1 D:/DS-TI/CRM-DIMSUM/opm-digemid/vendor/laravel/framework/src/Illuminate/View/Compilers/ComponentTagCompiler.php(221): Illuminate/View/Compilers/ComponentTagCompiler->componentString('slot:deleteButt...', Array)
#2 [internal function]: Illuminate/View/Compilers/ComponentTagCompiler->Illuminate/View/Compilers/{closure}(Array)
#3 D:/DS-TI/CRM-DIMSUM/opm-digemid/vendor/laravel/framework/src/Illuminate/View/Compilers/ComponentTagCompiler.php(216): preg_replace_callback('//n            <...', Object(Closure), '@if ($gatewayUn...')
#4 D:/DS-TI/CRM-DIMSUM/opm-digemid/vendor/laravel/framework/src/Illuminate/View/Compilers/ComponentTagCompiler.php(90): Illuminate/View/Compilers/ComponentTagCompiler->compileSelfClosingTags('@if ($gatewayUn...')
#5 D:/DS-TI/CRM-DIMSUM/opm-digemid/vendor/laravel/framework/src/Illuminate/View/Compilers/ComponentTagCompiler.php(77): Illuminate/View/Compilers/ComponentTagCompiler->compileTags('@if ($gatewayUn...')
#6 D:/DS-TI/CRM-DIMSUM/opm-digemid/vendor/laravel/framework/src/Illuminate/View/Compilers/BladeCompiler.php(440): Illuminate/View/Compilers/ComponentTagCompiler->compile('@if ($gatewayUn...')
#7 D:/DS-TI/CRM-DIMSUM/opm-digemid/vendor/laravel/framework/src/Illuminate/View/Compilers/BladeCompiler.php(272): Illuminate/View/Compilers/BladeCompiler->compileComponentTags('@if ($gatewayUn...')
#8 D:/DS-TI/CRM-DIMSUM/opm-digemid/vendor/laravel/framework/src/Illuminate/View/Compilers/BladeCompiler.php(186): Illuminate/View/Compilers/BladeCompiler->compileString('@if ($gatewayUn...')
#9 D:/DS-TI/CRM-DIMSUM/opm-digemid/vendor/laravel/framework/src/Illuminate/Foundation/Console/ViewCacheCommand.php(64): Illuminate/View/Compilers/BladeCompiler->compile('D://DS-TI//CRM-DI...')
#10 [internal function]: Illuminate/Foundation/Console/ViewCacheCommand->Illuminate/Foundation/Console/{closure}(Object(Symfony/Component/Finder/SplFileInfo), 'D://DS-TI//CRM-DI...')
#11 D:/DS-TI/CRM-DIMSUM/opm-digemid/vendor/laravel/framework/src/Illuminate/Collections/Arr.php(609): array_map(Object(Closure), Array, Array)
#12 D:/DS-TI/CRM-DIMSUM/opm-digemid/vendor/laravel/framework/src/Illuminate/Collections/Collection.php(799): Illuminate/Support/Arr::map(Array, Object(Closure))
#13 D:/DS-TI/CRM-DIMSUM/opm-digemid/vendor/laravel/framework/src/Illuminate/Foundation/Console/ViewCacheCommand.php(61): Illuminate/Support/Collection->map(Object(Closure))
#14 D:/DS-TI/CRM-DIMSUM/opm-digemid/vendor/laravel/framework/src/Illuminate/Foundation/Console/ViewCacheCommand.php(43): Illuminate/Foundation/Console/ViewCacheCommand->compileViews(Object(Illuminate/Support/Collection))
#15 D:/DS-TI/CRM-DIMSUM/opm-digemid/vendor/laravel/framework/src/Illuminate/Collections/Traits/EnumeratesValues.php(261): Illuminate/Foundation/Console/ViewCacheCommand->Illuminate/Foundation/Console/{closure}('D://DS-TI//CRM-DI...', 0)
#16 D:/DS-TI/CRM-DIMSUM/opm-digemid/vendor/laravel/framework/src/Illuminate/Foundation/Console/ViewCacheCommand.php(38): Illuminate/Support/Collection->each(Object(Closure))
#17 D:/DS-TI/CRM-DIMSUM/opm-digemid/vendor/laravel/framework/src/Illuminate/Container/BoundMethod.php(36): Illuminate/Foundation/Console/ViewCacheCommand->handle()
#18 D:/DS-TI/CRM-DIMSUM/opm-digemid/vendor/laravel/framework/src/Illuminate/Container/Util.php(43): Illuminate/Container/BoundMethod::Illuminate/Container/{closure}()
#19 D:/DS-TI/CRM-DIMSUM/opm-digemid/vendor/laravel/framework/src/Illuminate/Container/BoundMethod.php(95): Illuminate/Container/Util::unwrapIfClosure(Object(Closure))
#20 D:/DS-TI/CRM-DIMSUM/opm-digemid/vendor/laravel/framework/src/Illuminate/Container/BoundMethod.php(35): Illuminate/Container/BoundMethod::callBoundMethod(Object(Illuminate/Foundation/Application), Array, Object(Closure))
#21 D:/DS-TI/CRM-DIMSUM/opm-digemid/vendor/laravel/framework/src/Illuminate/Container/Container.php(696): Illuminate/Container/BoundMethod::call(Object(Illuminate/Foundation/Application), Array, Array, NULL)
#22 D:/DS-TI/CRM-DIMSUM/opm-digemid/vendor/laravel/framework/src/Illuminate/Console/Command.php(213): Illuminate/Container/Container->call(Array)
#23 D:/DS-TI/CRM-DIMSUM/opm-digemid/vendor/symfony/console/Command/Command.php(341): Illuminate/Console/Command->execute(Object(Symfony/Component/Console/Input/ArgvInput), Object(Illuminate/Console/OutputStyle))
#24 D:/DS-TI/CRM-DIMSUM/opm-digemid/vendor/laravel/framework/src/Illuminate/Console/Command.php(182): Symfony/Component/Console/Command/Command->run(Object(Symfony/Component/Console/Input/ArgvInput), Object(Illuminate/Console/OutputStyle))
#25 D:/DS-TI/CRM-DIMSUM/opm-digemid/vendor/symfony/console/Application.php(1117): Illuminate/Console/Command->run(Object(Symfony/Component/Console/Input/ArgvInput), Object(Symfony/Component/Console/Output/ConsoleOutput))
#26 D:/DS-TI/CRM-DIMSUM/opm-digemid/vendor/symfony/console/Application.php(356): Symfony/Component/Console/Application->doRunCommand(Object(Illuminate/Foundation/Console/ViewCacheCommand), Object(Symfony/Component/Console/Input/ArgvInput), Object(Symfony/Component/Console/Output/ConsoleOutput))
#27 D:/DS-TI/CRM-DIMSUM/opm-digemid/vendor/symfony/console/Application.php(195): Symfony/Component/Console/Application->doRun(Object(Symfony/Component/Console/Input/ArgvInput), Object(Symfony/Component/Console/Output/ConsoleOutput))
#28 D:/DS-TI/CRM-DIMSUM/opm-digemid/vendor/laravel/framework/src/Illuminate/Foundation/Console/Kernel.php(198): Symfony/Component/Console/Application->run(Object(Symfony/Component/Console/Input/ArgvInput), Object(Symfony/Component/Console/Output/ConsoleOutput))
#29 D:/DS-TI/CRM-DIMSUM/opm-digemid/vendor/laravel/framework/src/Illuminate/Foundation/Application.php(1235): Illuminate/Foundation/Console/Kernel->handle(Object(Symfony/Component/Console/Input/ArgvInput), Object(Symfony/Component/Console/Output/ConsoleOutput))
#30 D:/DS-TI/CRM-DIMSUM/opm-digemid/artisan(13): Illuminate/Foundation/Application->handleCommand(Object(Symfony/Component/Console/Input/ArgvInput))
#31 {main}
"} 
[2026-08-19 07:04:29] local.ERROR: The "--compact" option does not exist. {"exception":"[object] (Symfony\\Component\\Console\\Exception\\RuntimeException(code: 0): The \"--compact\" option does not exist. at D:/DS-TI/CRM-DIMSUM/opm-digemid/vendor/symfony/console/Input/ArgvInput.php:226)
[stacktrace]
#0 D:/DS-TI/CRM-DIMSUM/opm-digemid/vendor/symfony/console/Input/ArgvInput.php(155): Symfony/Component/Console/Input/ArgvInput->addLongOption('compact', NULL)
#1 D:/DS-TI/CRM-DIMSUM/opm-digemid/vendor/symfony/console/Input/ArgvInput.php(88): Symfony/Component/Console/Input/ArgvInput->parseLongOption('--compact')
#2 D:/DS-TI/CRM-DIMSUM/opm-digemid/vendor/symfony/console/Input/ArgvInput.php(77): Symfony/Component/Console/Input/ArgvInput->parseToken('--compact', true)
#3 D:/DS-TI/CRM-DIMSUM/opm-digemid/vendor/symfony/console/Input/Input.php(53): Symfony/Component/Console/Input/ArgvInput->parse()
#4 D:/DS-TI/CRM-DIMSUM/opm-digemid/vendor/symfony/console/Command/Command.php(295): Symfony/Component/Console/Input/Input->bind(Object(Symfony/Component/Console/Input/InputDefinition))
#5 D:/DS-TI/CRM-DIMSUM/opm-digemid/vendor/laravel/framework/src/Illuminate/Console/Command.php(182): Symfony/Component/Console/Command/Command->run(Object(Symfony/Component/Console/Input/ArgvInput), Object(Illuminate/Console/OutputStyle))
#6 D:/DS-TI/CRM-DIMSUM/opm-digemid/vendor/symfony/console/Application.php(1117): Illuminate/Console/Command->run(Object(Symfony/Component/Console/Input/ArgvInput), Object(Symfony/Component/Console/Output/ConsoleOutput))
#7 D:/DS-TI/CRM-DIMSUM/opm-digemid/vendor/symfony/console/Application.php(356): Symfony/Component/Console/Application->doRunCommand(Object(Illuminate/Foundation/Console/RouteListCommand), Object(Symfony/Component/Console/Input/ArgvInput), Object(Symfony/Component/Console/Output/ConsoleOutput))
#8 D:/DS-TI/CRM-DIMSUM/opm-digemid/vendor/symfony/console/Application.php(195): Symfony/Component/Console/Application->doRun(Object(Symfony/Component/Console/Input/ArgvInput), Object(Symfony/Component/Console/Output/ConsoleOutput))
#9 D:/DS-TI/CRM-DIMSUM/opm-digemid/vendor/laravel/framework/src/Illuminate/Foundation/Console/Kernel.php(198): Symfony/Component/Console/Application->run(Object(Symfony/Component/Console/Input/ArgvInput), Object(Symfony/Component/Console/Output/ConsoleOutput))
#10 D:/DS-TI/CRM-DIMSUM/opm-digemid/vendor/laravel/framework/src/Illuminate/Foundation/Application.php(1235): Illuminate/Foundation/Console/Kernel->handle(Object(Symfony/Component/Console/Input/ArgvInput), Object(Symfony/Component/Console/Output/ConsoleOutput))
#11 D:/DS-TI/CRM-DIMSUM/opm-digemid/artisan(13): Illuminate/Foundation/Application->handleCommand(Object(Symfony/Component/Console/Input/ArgvInput))
#12 {main}
"} 
[2026-08-19 15:33:43] local.ERROR: PHP Parse error: Syntax error, unexpected T_NS_SEPARATOR, expecting ')' on line 1 {"exception":"[object] (Psy\\Exception\\ParseErrorException(code: 0): PHP Parse error: Syntax error, unexpected T_NS_SEPARATOR, expecting ')' on line 1 at D:/DS-TI/CRM-DIMSUM/opm-digemid/vendor/psy/psysh/src/Exception/ParseErrorException.php:44)
[stacktrace]
#0 D:/DS-TI/CRM-DIMSUM/opm-digemid/vendor/psy/psysh/src/CodeCleaner.php(657): Psy/Exception/ParseErrorException::fromParseError(Object(PhpParser/Error))
#1 D:/DS-TI/CRM-DIMSUM/opm-digemid/vendor/psy/psysh/src/CodeCleaner.php(273): Psy/CodeCleaner->parse('<?php dump(app(...', false)
#2 D:/DS-TI/CRM-DIMSUM/opm-digemid/vendor/psy/psysh/src/Shell.php(1399): Psy/CodeCleaner->clean(Array, false)
#3 D:/DS-TI/CRM-DIMSUM/opm-digemid/vendor/psy/psysh/src/Shell.php(1506): Psy/Shell->appendCode('dump(app(App////S...', true, false)
#4 D:/DS-TI/CRM-DIMSUM/opm-digemid/vendor/psy/psysh/src/Shell.php(2215): Psy/Shell->setCode('dump(app(App////S...', true)
#5 D:/DS-TI/CRM-DIMSUM/opm-digemid/vendor/laravel/tinker/src/Console/TinkerCommand.php(77): Psy/Shell->execute('dump(app(App////S...')
#6 D:/DS-TI/CRM-DIMSUM/opm-digemid/vendor/laravel/framework/src/Illuminate/Container/BoundMethod.php(36): Laravel/Tinker/Console/TinkerCommand->handle()
#7 D:/DS-TI/CRM-DIMSUM/opm-digemid/vendor/laravel/framework/src/Illuminate/Container/Util.php(43): Illuminate/Container/BoundMethod::Illuminate/Container/{closure}()
#8 D:/DS-TI/CRM-DIMSUM/opm-digemid/vendor/laravel/framework/src/Illuminate/Container/BoundMethod.php(95): Illuminate/Container/Util::unwrapIfClosure(Object(Closure))
#9 D:/DS-TI/CRM-DIMSUM/opm-digemid/vendor/laravel/framework/src/Illuminate/Container/BoundMethod.php(35): Illuminate/Container/BoundMethod::callBoundMethod(Object(Illuminate/Foundation/Application), Array, Object(Closure))
#10 D:/DS-TI/CRM-DIMSUM/opm-digemid/vendor/laravel/framework/src/Illuminate/Container/Container.php(696): Illuminate/Container/BoundMethod::call(Object(Illuminate/Foundation/Application), Array, Array, NULL)
#11 D:/DS-TI/CRM-DIMSUM/opm-digemid/vendor/laravel/framework/src/Illuminate/Console/Command.php(213): Illuminate/Container/Container->call(Array)
#12 D:/DS-TI/CRM-DIMSUM/opm-digemid/vendor/symfony/console/Command/Command.php(341): Illuminate/Console/Command->execute(Object(Symfony/Component/Console/Input/ArgvInput), Object(Illuminate/Console/OutputStyle))
#13 D:/DS-TI/CRM-DIMSUM/opm-digemid/vendor/laravel/framework/src/Illuminate/Console/Command.php(182): Symfony/Component/Console/Command/Command->run(Object(Symfony/Component/Console/Input/ArgvInput), Object(Illuminate/Console/OutputStyle))
#14 D:/DS-TI/CRM-DIMSUM/opm-digemid/vendor/symfony/console/Application.php(1117): Illuminate/Console/Command->run(Object(Symfony/Component/Console/Input/ArgvInput), Object(Symfony/Component/Console/Output/ConsoleOutput))
#15 D:/DS-TI/CRM-DIMSUM/opm-digemid/vendor/symfony/console/Application.php(356): Symfony/Component/Console/Application->doRunCommand(Object(Laravel/Tinker/Console/TinkerCommand), Object(Symfony/Component/Console/Input/ArgvInput), Object(Symfony/Component/Console/Output/ConsoleOutput))
#16 D:/DS-TI/CRM-DIMSUM/opm-digemid/vendor/symfony/console/Application.php(195): Symfony/Component/Console/Application->doRun(Object(Symfony/Component/Console/Input/ArgvInput), Object(Symfony/Component/Console/Output/ConsoleOutput))
#17 D:/DS-TI/CRM-DIMSUM/opm-digemid/vendor/laravel/framework/src/Illuminate/Foundation/Console/Kernel.php(198): Symfony/Component/Console/Application->run(Object(Symfony/Component/Console/Input/ArgvInput), Object(Symfony/Component/Console/Output/ConsoleOutput))
#18 D:/DS-TI/CRM-DIMSUM/opm-digemid/vendor/laravel/framework/src/Illuminate/Foundation/Application.php(1235): Illuminate/Foundation/Console/Kernel->handle(Object(Symfony/Component/Console/Input/ArgvInput), Object(Symfony/Component/Console/Output/ConsoleOutput))
#19 D:/DS-TI/CRM-DIMSUM/opm-digemid/artisan(13): Illuminate/Foundation/Application->handleCommand(Object(Symfony/Component/Console/Input/ArgvInput))
#20 {main}
"} 
[2026-08-19 16:17:21] local.ERROR: The "--stop-when-empty" option does not accept a value. {"exception":"[object] (Symfony\\Component\\Console\\Exception\\RuntimeException(code: 0): The \"--stop-when-empty\" option does not accept a value. at D:/DS-TI/CRM-DIMSUM/opm-digemid/vendor/symfony/console/Input/ArgvInput.php:241)
[stacktrace]
#0 D:/DS-TI/CRM-DIMSUM/opm-digemid/vendor/symfony/console/Input/ArgvInput.php(153): Symfony/Component/Console/Input/ArgvInput->addLongOption('stop-when-empty', 'false')
#1 D:/DS-TI/CRM-DIMSUM/opm-digemid/vendor/symfony/console/Input/ArgvInput.php(88): Symfony/Component/Console/Input/ArgvInput->parseLongOption('--stop-when-emp...')
#2 D:/DS-TI/CRM-DIMSUM/opm-digemid/vendor/symfony/console/Input/ArgvInput.php(77): Symfony/Component/Console/Input/ArgvInput->parseToken('--stop-when-emp...', true)
#3 D:/DS-TI/CRM-DIMSUM/opm-digemid/vendor/symfony/console/Input/Input.php(53): Symfony/Component/Console/Input/ArgvInput->parse()
#4 D:/DS-TI/CRM-DIMSUM/opm-digemid/vendor/symfony/console/Command/Command.php(295): Symfony/Component/Console/Input/Input->bind(Object(Symfony/Component/Console/Input/InputDefinition))
#5 D:/DS-TI/CRM-DIMSUM/opm-digemid/vendor/laravel/framework/src/Illuminate/Console/Command.php(182): Symfony/Component/Console/Command/Command->run(Object(Symfony/Component/Console/Input/ArgvInput), Object(Illuminate/Console/OutputStyle))
#6 D:/DS-TI/CRM-DIMSUM/opm-digemid/vendor/symfony/console/Application.php(1117): Illuminate/Console/Command->run(Object(Symfony/Component/Console/Input/ArgvInput), Object(Symfony/Component/Console/Output/ConsoleOutput))
#7 D:/DS-TI/CRM-DIMSUM/opm-digemid/vendor/symfony/console/Application.php(356): Symfony/Component/Console/Application->doRunCommand(Object(Illuminate/Queue/Console/WorkCommand), Object(Symfony/Component/Console/Input/ArgvInput), Object(Symfony/Component/Console/Output/ConsoleOutput))
#8 D:/DS-TI/CRM-DIMSUM/opm-digemid/vendor/symfony/console/Application.php(195): Symfony/Component/Console/Application->doRun(Object(Symfony/Component/Console/Input/ArgvInput), Object(Symfony/Component/Console/Output/ConsoleOutput))
#9 D:/DS-TI/CRM-DIMSUM/opm-digemid/vendor/laravel/framework/src/Illuminate/Foundation/Console/Kernel.php(198): Symfony/Component/Console/Application->run(Object(Symfony/Component/Console/Input/ArgvInput), Object(Symfony/Component/Console/Output/ConsoleOutput))
#10 D:/DS-TI/CRM-DIMSUM/opm-digemid/vendor/laravel/framework/src/Illuminate/Foundation/Application.php(1235): Illuminate/Foundation/Console/Kernel->handle(Object(Symfony/Component/Console/Input/ArgvInput), Object(Symfony/Component/Console/Output/ConsoleOutput))
#11 D:/DS-TI/CRM-DIMSUM/opm-digemid/artisan(13): Illuminate/Foundation/Application->handleCommand(Object(Symfony/Component/Console/Input/ArgvInput))
#12 {main}
"} 
[2026-08-19 16:17:49] local.ERROR: syntax error, unexpected token "endif", expecting end of file {"userId":1,"exception":"[object] (Spatie\\LaravelIgnition\\Exceptions\\ViewException(code: 0): syntax error, unexpected token \"endif\", expecting end of file at D:/DS-TI/CRM-DIMSUM/opm-digemid/resources/views/filament/pages/ventas/partials/extraccion-progreso.blade.php:32)
[stacktrace]
#0 D:/DS-TI/CRM-DIMSUM/opm-digemid/vendor/livewire/livewire/src/Mechanisms/ExtendBlade/ExtendedCompilerEngine.php(37): include('D://DS-TI//CRM-DI...')
#1 D:/DS-TI/CRM-DIMSUM/opm-digemid/vendor/livewire/livewire/src/Mechanisms/ExtendBlade/ExtendedCompilerEngine.php(38): App/Filament/Pages/Ventas/ExtraccionVentas->Livewire/Mechanisms/ExtendBlade/{closure}()
#2 D:/DS-TI/CRM-DIMSUM/opm-digemid/vendor/laravel/framework/src/Illuminate/View/Engines/CompilerEngine.php(75): Livewire/Mechanisms/ExtendBlade/ExtendedCompilerEngine->evaluatePath('D://DS-TI//CRM-DI...', Array)
#3 D:/DS-TI/CRM-DIMSUM/opm-digemid/vendor/livewire/livewire/src/Mechanisms/ExtendBlade/ExtendedCompilerEngine.php(16): Illuminate/View/Engines/CompilerEngine->get('D://DS-TI//CRM-DI...', Array)
#4 D:/DS-TI/CRM-DIMSUM/opm-digemid/vendor/laravel/framework/src/Illuminate/View/View.php(209): Livewire/Mechanisms/ExtendBlade/ExtendedCompilerEngine->get('D://DS-TI//CRM-DI...', Array)
#5 D:/DS-TI/CRM-DIMSUM/opm-digemid/vendor/laravel/framework/src/Illuminate/View/View.php(192): Illuminate/View/View->getContents()
#6 D:/DS-TI/CRM-DIMSUM/opm-digemid/vendor/laravel/framework/src/Illuminate/View/View.php(161): Illuminate/View/View->renderContents()
#7 D:/DS-TI/CRM-DIMSUM/opm-digemid/vendor/livewire/livewire/src/Mechanisms/HandleComponents/HandleComponents.php(417): Illuminate/View/View->render(Object(Closure))
#8 D:/DS-TI/CRM-DIMSUM/opm-digemid/vendor/livewire/livewire/src/Mechanisms/HandleComponents/HandleComponents.php(468): Livewire/Mechanisms/HandleComponents/HandleComponents->Livewire/Mechanisms/HandleComponents/{closure}()
#9 D:/DS-TI/CRM-DIMSUM/opm-digemid/vendor/livewire/livewire/src/Mechanisms/HandleComponents/HandleComponents.php(409): Livewire/Mechanisms/HandleComponents/HandleComponents->trackInRenderStack(Object(App/Filament/Pages/Ventas/ExtraccionVentas), Object(Closure))
#10 D:/DS-TI/CRM-DIMSUM/opm-digemid/vendor/livewire/livewire/src/Mechanisms/HandleComponents/HandleComponents.php(83): Livewire/Mechanisms/HandleComponents/HandleComponents->render(Object(App/Filament/Pages/Ventas/ExtraccionVentas), '<div></div>')
#11 D:/DS-TI/CRM-DIMSUM/opm-digemid/vendor/livewire/livewire/src/LivewireManager.php(102): Livewire/Mechanisms/HandleComponents/HandleComponents->mount('App//Filament//Pa...', Array, NULL, Array)
#12 D:/DS-TI/CRM-DIMSUM/opm-digemid/vendor/livewire/livewire/src/Features/SupportPageComponents/HandlesPageComponents.php(19): Livewire/LivewireManager->mount('App//Filament//Pa...', Array)
#13 D:/DS-TI/CRM-DIMSUM/opm-digemid/vendor/livewire/livewire/src/Features/SupportPageComponents/SupportPageComponents.php(118): Livewire/Component->Livewire/Features/SupportPageComponents/{closure}()
#14 D:/DS-TI/CRM-DIMSUM/opm-digemid/vendor/livewire/livewire/src/Features/SupportPageComponents/HandlesPageComponents.php(14): Livewire/Features/SupportPageComponents/SupportPageComponents::interceptTheRenderOfTheComponentAndRetreiveTheLayoutConfiguration(Object(Closure))
#15 D:/DS-TI/CRM-DIMSUM/opm-digemid/vendor/laravel/framework/src/Illuminate/Routing/ControllerDispatcher.php(47): Livewire/Component->__invoke()
#16 D:/DS-TI/CRM-DIMSUM/opm-digemid/vendor/laravel/framework/src/Illuminate/Routing/Route.php(266): Illuminate/Routing/ControllerDispatcher->dispatch(Object(Illuminate/Routing/Route), Object(App/Filament/Pages/Ventas/ExtraccionVentas), '__invoke')
#17 D:/DS-TI/CRM-DIMSUM/opm-digemid/vendor/laravel/framework/src/Illuminate/Routing/Route.php(212): Illuminate/Routing/Route->runController()
#18 D:/DS-TI/CRM-DIMSUM/opm-digemid/vendor/laravel/framework/src/Illuminate/Routing/Router.php(808): Illuminate/Routing/Route->run()
#19 D:/DS-TI/CRM-DIMSUM/opm-digemid/vendor/laravel/framework/src/Illuminate/Pipeline/Pipeline.php(170): Illuminate/Routing/Router->Illuminate/Routing/{closure}(Object(Illuminate/Http/Request))
#20 D:/DS-TI/CRM-DIMSUM/opm-digemid/vendor/filament/filament/src/Http/Middleware/DispatchServingFilamentEvent.php(15): Illuminate/Pipeline/Pipeline->Illuminate/Pipeline/{closure}(Object(Illuminate/Http/Request))
#21 D:/DS-TI/CRM-DIMSUM/opm-digemid/vendor/laravel/framework/src/Illuminate/Pipeline/Pipeline.php(209): Filament/Http/Middleware/DispatchServingFilamentEvent->handle(Object(Illuminate/Http/Request), Object(Closure))
#22 D:/DS-TI/CRM-DIMSUM/opm-digemid/vendor/filament/filament/src/Http/Middleware/DisableBladeIconComponents.php(14): Illuminate/Pipeline/Pipeline->Illuminate/Pipeline/{closure}(Object(Illuminate/Http/Request))
#23 D:/DS-TI/CRM-DIMSUM/opm-digemid/vendor/laravel/framework/src/Illuminate/Pipeline/Pipeline.php(209): Filament/Http/Middleware/DisableBladeIconComponents->handle(Object(Illuminate/Http/Request), Object(Closure))
#24 D:/DS-TI/CRM-DIMSUM/opm-digemid/vendor/laravel/framework/src/Illuminate/Routing/Middleware/SubstituteBindings.php(51): Illuminate/Pipeline/Pipeline->Illuminate/Pipeline/{closure}(Object(Illuminate/Http/Request))
#25 D:/DS-TI/CRM-DIMSUM/opm-digemid/vendor/laravel/framework/src/Illuminate/Pipeline/Pipeline.php(209): Illuminate/Routing/Middleware/SubstituteBindings->handle(Object(Illuminate/Http/Request), Object(Closure))
#26 D:/DS-TI/CRM-DIMSUM/opm-digemid/vendor/laravel/framework/src/Illuminate/Foundation/Http/Middleware/VerifyCsrfToken.php(88): Illuminate/Pipeline/Pipeline->Illuminate/Pipeline/{closure}(Object(Illuminate/Http/Request))
#27 D:/DS-TI/CRM-DIMSUM/opm-digemid/vendor/laravel/framework/src/Illuminate/Pipeline/Pipeline.php(209): Illuminate/Foundation/Http/Middleware/VerifyCsrfToken->handle(Object(Illuminate/Http/Request), Object(Closure))
#28 D:/DS-TI/CRM-DIMSUM/opm-digemid/vendor/laravel/framework/src/Illuminate/Session/Middleware/AuthenticateSession.php(67): Illuminate/Pipeline/Pipeline->Illuminate/Pipeline/{closure}(Object(Illuminate/Http/Request))
#29 D:/DS-TI/CRM-DIMSUM/opm-digemid/vendor/laravel/framework/src/Illuminate/Pipeline/Pipeline.php(209): Illuminate/Session/Middleware/AuthenticateSession->handle(Object(Illuminate/Http/Request), Object(Closure))
#30 D:/DS-TI/CRM-DIMSUM/opm-digemid/vendor/laravel/framework/src/Illuminate/Auth/Middleware/Authenticate.php(64): Illuminate/Pipeline/Pipeline->Illuminate/Pipeline/{closure}(Object(Illuminate/Http/Request))
#31 D:/DS-TI/CRM-DIMSUM/opm-digemid/vendor/laravel/framework/src/Illuminate/Pipeline/Pipeline.php(209): Illuminate/Auth/Middleware/Authenticate->handle(Object(Illuminate/Http/Request), Object(Closure))
#32 D:/DS-TI/CRM-DIMSUM/opm-digemid/vendor/laravel/framework/src/Illuminate/View/Middleware/ShareErrorsFromSession.php(49): Illuminate/Pipeline/Pipeline->Illuminate/Pipeline/{closure}(Object(Illuminate/Http/Request))
#33 D:/DS-TI/CRM-DIMSUM/opm-digemid/vendor/laravel/framework/src/Illuminate/Pipeline/Pipeline.php(209): Illuminate/View/Middleware/ShareErrorsFromSession->handle(Object(Illuminate/Http/Request), Object(Closure))
#34 D:/DS-TI/CRM-DIMSUM/opm-digemid/vendor/laravel/framework/src/Illuminate/Session/Middleware/StartSession.php(121): Illuminate/Pipeline/Pipeline->Illuminate/Pipeline/{closure}(Object(Illuminate/Http/Request))
#35 D:/DS-TI/CRM-DIMSUM/opm-digemid/vendor/laravel/framework/src/Illuminate/Session/Middleware/StartSession.php(64): Illuminate/Session/Middleware/StartSession->handleStatefulRequest(Object(Illuminate/Http/Request), Object(Illuminate/Session/Store), Object(Closure))
#36 D:/DS-TI/CRM-DIMSUM/opm-digemid/vendor/laravel/framework/src/Illuminate/Pipeline/Pipeline.php(209): Illuminate/Session/Middleware/StartSession->handle(Object(Illuminate/Http/Request), Object(Closure))
#37 D:/DS-TI/CRM-DIMSUM/opm-digemid/vendor/laravel/framework/src/Illuminate/Cookie/Middleware/AddQueuedCookiesToResponse.php(37): Illuminate/Pipeline/Pipeline->Illuminate/Pipeline/{closure}(Object(Illuminate/Http/Request))
#38 D:/DS-TI/CRM-DIMSUM/opm-digemid/vendor/laravel/framework/src/Illuminate/Pipeline/Pipeline.php(209): Illuminate/Cookie/Middleware/AddQueuedCookiesToResponse->handle(Object(Illuminate/Http/Request), Object(Closure))
#39 D:/DS-TI/CRM-DIMSUM/opm-digemid/vendor/laravel/framework/src/Illuminate/Cookie/Middleware/EncryptCookies.php(75): Illuminate/Pipeline/Pipeline->Illuminate/Pipeline/{closure}(Object(Illuminate/Http/Request))
#40 D:/DS-TI/CRM-DIMSUM/opm-digemid/vendor/laravel/framework/src/Illuminate/Pipeline/Pipeline.php(209): Illuminate/Cookie/Middleware/EncryptCookies->handle(Object(Illuminate/Http/Request), Object(Closure))
#41 D:/DS-TI/CRM-DIMSUM/opm-digemid/vendor/filament/filament/src/Http/Middleware/SetUpPanel.php(19): Illuminate/Pipeline/Pipeline->Illuminate/Pipeline/{closure}(Object(Illuminate/Http/Request))
#42 D:/DS-TI/CRM-DIMSUM/opm-digemid/vendor/laravel/framework/src/Illuminate/Pipeline/Pipeline.php(209): Filament/Http/Middleware/SetUpPanel->handle(Object(Illuminate/Http/Request), Object(Closure), Object(Filament/Panel))
#43 D:/DS-TI/CRM-DIMSUM/opm-digemid/vendor/laravel/framework/src/Illuminate/Pipeline/Pipeline.php(127): Illuminate/Pipeline/Pipeline->Illuminate/Pipeline/{closure}(Object(Illuminate/Http/Request))
#44 D:/DS-TI/CRM-DIMSUM/opm-digemid/vendor/laravel/framework/src/Illuminate/Routing/Router.php(807): Illuminate/Pipeline/Pipeline->then(Object(Closure))
#45 D:/DS-TI/CRM-DIMSUM/opm-digemid/vendor/laravel/framework/src/Illuminate/Routing/Router.php(786): Illuminate/Routing/Router->runRouteWithinStack(Object(Illuminate/Routing/Route), Object(Illuminate/Http/Request))
#46 D:/DS-TI/CRM-DIMSUM/opm-digemid/vendor/laravel/framework/src/Illuminate/Routing/Router.php(750): Illuminate/Routing/Router->runRoute(Object(Illuminate/Http/Request), Object(Illuminate/Routing/Route))
#47 D:/DS-TI/CRM-DIMSUM/opm-digemid/vendor/laravel/framework/src/Illuminate/Routing/Router.php(739): Illuminate/Routing/Router->dispatchToRoute(Object(Illuminate/Http/Request))
#48 D:/DS-TI/CRM-DIMSUM/opm-digemid/vendor/laravel/framework/src/Illuminate/Foundation/Http/Kernel.php(201): Illuminate/Routing/Router->dispatch(Object(Illuminate/Http/Request))
#49 D:/DS-TI/CRM-DIMSUM/opm-digemid/vendor/laravel/framework/src/Illuminate/Pipeline/Pipeline.php(170): Illuminate/Foundation/Http/Kernel->Illuminate/Foundation/Http/{closure}(Object(Illuminate/Http/Request))
#50 D:/DS-TI/CRM-DIMSUM/opm-digemid/vendor/livewire/livewire/src/Features/SupportDisablingBackButtonCache/DisableBackButtonCacheMiddleware.php(19): Illuminate/Pipeline/Pipeline->Illuminate/Pipeline/{closure}(Object(Illuminate/Http/Request))
#51 D:/DS-TI/CRM-DIMSUM/opm-digemid/vendor/laravel/framework/src/Illuminate/Pipeline/Pipeline.php(209): Livewire/Features/SupportDisablingBackButtonCache/DisableBackButtonCacheMiddleware->handle(Object(Illuminate/Http/Request), Object(Closure))
#52 D:/DS-TI/CRM-DIMSUM/opm-digemid/app/Http/Middleware/SecurityHeaders.php(13): Illuminate/Pipeline/Pipeline->Illuminate/Pipeline/{closure}(Object(Illuminate/Http/Request))
#53 D:/DS-TI/CRM-DIMSUM/opm-digemid/vendor/laravel/framework/src/Illuminate/Pipeline/Pipeline.php(209): App/Http/Middleware/SecurityHeaders->handle(Object(Illuminate/Http/Request), Object(Closure))
#54 D:/DS-TI/CRM-DIMSUM/opm-digemid/vendor/laravel/framework/src/Illuminate/Foundation/Http/Middleware/TransformsRequest.php(21): Illuminate/Pipeline/Pipeline->Illuminate/Pipeline/{closure}(Object(Illuminate/Http/Request))
#55 D:/DS-TI/CRM-DIMSUM/opm-digemid/vendor/laravel/framework/src/Illuminate/Foundation/Http/Middleware/ConvertEmptyStringsToNull.php(31): Illuminate/Foundation/Http/Middleware/TransformsRequest->handle(Object(Illuminate/Http/Request), Object(Closure))
#56 D:/DS-TI/CRM-DIMSUM/opm-digemid/vendor/laravel/framework/src/Illuminate/Pipeline/Pipeline.php(209): Illuminate/Foundation/Http/Middleware/ConvertEmptyStringsToNull->handle(Object(Illuminate/Http/Request), Object(Closure))
#57 D:/DS-TI/CRM-DIMSUM/opm-digemid/vendor/laravel/framework/src/Illuminate/Foundation/Http/Middleware/TransformsRequest.php(21): Illuminate/Pipeline/Pipeline->Illuminate/Pipeline/{closure}(Object(Illuminate/Http/Request))
#58 D:/DS-TI/CRM-DIMSUM/opm-digemid/vendor/laravel/framework/src/Illuminate/Foundation/Http/Middleware/TrimStrings.php(51): Illuminate/Foundation/Http/Middleware/TransformsRequest->handle(Object(Illuminate/Http/Request), Object(Closure))
#59 D:/DS-TI/CRM-DIMSUM/opm-digemid/vendor/laravel/framework/src/Illuminate/Pipeline/Pipeline.php(209): Illuminate/Foundation/Http/Middleware/TrimStrings->handle(Object(Illuminate/Http/Request), Object(Closure))
#60 D:/DS-TI/CRM-DIMSUM/opm-digemid/vendor/laravel/framework/src/Illuminate/Http/Middleware/ValidatePostSize.php(27): Illuminate/Pipeline/Pipeline->Illuminate/Pipeline/{closure}(Object(Illuminate/Http/Request))
#61 D:/DS-TI/CRM-DIMSUM/opm-digemid/vendor/laravel/framework/src/Illuminate/Pipeline/Pipeline.php(209): Illuminate/Http/Middleware/ValidatePostSize->handle(Object(Illuminate/Http/Request), Object(Closure))
#62 D:/DS-TI/CRM-DIMSUM/opm-digemid/vendor/laravel/framework/src/Illuminate/Foundation/Http/Middleware/PreventRequestsDuringMaintenance.php(110): Illuminate/Pipeline/Pipeline->Illuminate/Pipeline/{closure}(Object(Illuminate/Http/Request))
#63 D:/DS-TI/CRM-DIMSUM/opm-digemid/vendor/laravel/framework/src/Illuminate/Pipeline/Pipeline.php(209): Illuminate/Foundation/Http/Middleware/PreventRequestsDuringMaintenance->handle(Object(Illuminate/Http/Request), Object(Closure))
#64 D:/DS-TI/CRM-DIMSUM/opm-digemid/vendor/laravel/framework/src/Illuminate/Http/Middleware/HandleCors.php(49): Illuminate/Pipeline/Pipeline->Illuminate/Pipeline/{closure}(Object(Illuminate/Http/Request))
#65 D:/DS-TI/CRM-DIMSUM/opm-digemid/vendor/laravel/framework/src/Illuminate/Pipeline/Pipeline.php(209): Illuminate/Http/Middleware/HandleCors->handle(Object(Illuminate/Http/Request), Object(Closure))
#66 D:/DS-TI/CRM-DIMSUM/opm-digemid/vendor/laravel/framework/src/Illuminate/Http/Middleware/TrustProxies.php(58): Illuminate/Pipeline/Pipeline->Illuminate/Pipeline/{closure}(Object(Illuminate/Http/Request))
#67 D:/DS-TI/CRM-DIMSUM/opm-digemid/vendor/laravel/framework/src/Illuminate/Pipeline/Pipeline.php(209): Illuminate/Http/Middleware/TrustProxies->handle(Object(Illuminate/Http/Request), Object(Closure))
#68 D:/DS-TI/CRM-DIMSUM/opm-digemid/vendor/laravel/framework/src/Illuminate/Foundation/Http/Middleware/InvokeDeferredCallbacks.php(22): Illuminate/Pipeline/Pipeline->Illuminate/Pipeline/{closure}(Object(Illuminate/Http/Request))
#69 D:/DS-TI/CRM-DIMSUM/opm-digemid/vendor/laravel/framework/src/Illuminate/Pipeline/Pipeline.php(209): Illuminate/Foundation/Http/Middleware/InvokeDeferredCallbacks->handle(Object(Illuminate/Http/Request), Object(Closure))
#70 D:/DS-TI/CRM-DIMSUM/opm-digemid/vendor/laravel/framework/src/Illuminate/Pipeline/Pipeline.php(127): Illuminate/Pipeline/Pipeline->Illuminate/Pipeline/{closure}(Object(Illuminate/Http/Request))
#71 D:/DS-TI/CRM-DIMSUM/opm-digemid/vendor/laravel/framework/src/Illuminate/Foundation/Http/Kernel.php(176): Illuminate/Pipeline/Pipeline->then(Object(Closure))
#72 D:/DS-TI/CRM-DIMSUM/opm-digemid/vendor/laravel/framework/src/Illuminate/Foundation/Http/Kernel.php(145): Illuminate/Foundation/Http/Kernel->sendRequestThroughRouter(Object(Illuminate/Http/Request))
#73 D:/DS-TI/CRM-DIMSUM/opm-digemid/vendor/laravel/framework/src/Illuminate/Foundation/Application.php(1220): Illuminate/Foundation/Http/Kernel->handle(Object(Illuminate/Http/Request))
#74 D:/DS-TI/CRM-DIMSUM/opm-digemid/public/index.php(17): Illuminate/Foundation/Application->handleRequest(Object(Illuminate/Http/Request))
#75 D:/DS-TI/CRM-DIMSUM/opm-digemid/vendor/laravel/framework/src/Illuminate/Foundation/resources/server.php(23): require_once('D://DS-TI//CRM-DI...')
#76 {main}

[previous exception] [object] (ParseError(code: 0): syntax error, unexpected token \"endif\", expecting end of file at D:/DS-TI/CRM-DIMSUM/opm-digemid/storage/framework/views/3ded855f8517d741e242dc46a2764f2f.php:42)
[stacktrace]
#0 D:/DS-TI/CRM-DIMSUM/opm-digemid/vendor/livewire/livewire/src/Mechanisms/ExtendBlade/ExtendedCompilerEngine.php(38): App/Filament/Pages/Ventas/ExtraccionVentas->Livewire/Mechanisms/ExtendBlade/{closure}()
#1 D:/DS-TI/CRM-DIMSUM/opm-digemid/vendor/laravel/framework/src/Illuminate/View/Engines/CompilerEngine.php(75): Livewire/Mechanisms/ExtendBlade/ExtendedCompilerEngine->evaluatePath('D://DS-TI//CRM-DI...', Array)
#2 D:/DS-TI/CRM-DIMSUM/opm-digemid/vendor/livewire/livewire/src/Mechanisms/ExtendBlade/ExtendedCompilerEngine.php(16): Illuminate/View/Engines/CompilerEngine->get('D://DS-TI//CRM-DI...', Array)
#3 D:/DS-TI/CRM-DIMSUM/opm-digemid/vendor/laravel/framework/src/Illuminate/View/View.php(209): Livewire/Mechanisms/ExtendBlade/ExtendedCompilerEngine->get('D://DS-TI//CRM-DI...', Array)
#4 D:/DS-TI/CRM-DIMSUM/opm-digemid/vendor/laravel/framework/src/Illuminate/View/View.php(192): Illuminate/View/View->getContents()
#5 D:/DS-TI/CRM-DIMSUM/opm-digemid/vendor/laravel/framework/src/Illuminate/View/View.php(161): Illuminate/View/View->renderContents()
#6 D:/DS-TI/CRM-DIMSUM/opm-digemid/storage/framework/views/220600a7f133b7fb4f59ba58da394235.php(102): Illuminate/View/View->render()
#7 D:/DS-TI/CRM-DIMSUM/opm-digemid/vendor/livewire/livewire/src/Mechanisms/ExtendBlade/ExtendedCompilerEngine.php(37): include('D://DS-TI//CRM-DI...')
#8 D:/DS-TI/CRM-DIMSUM/opm-digemid/vendor/livewire/livewire/src/Mechanisms/ExtendBlade/ExtendedCompilerEngine.php(38): App/Filament/Pages/Ventas/ExtraccionVentas->Livewire/Mechanisms/ExtendBlade/{closure}()
#9 D:/DS-TI/CRM-DIMSUM/opm-digemid/vendor/laravel/framework/src/Illuminate/View/Engines/CompilerEngine.php(75): Livewire/Mechanisms/ExtendBlade/ExtendedCompilerEngine->evaluatePath('D://DS-TI//CRM-DI...', Array)
#10 D:/DS-TI/CRM-DIMSUM/opm-digemid/vendor/livewire/livewire/src/Mechanisms/ExtendBlade/ExtendedCompilerEngine.php(16): Illuminate/View/Engines/CompilerEngine->get('D://DS-TI//CRM-DI...', Array)
#11 D:/DS-TI/CRM-DIMSUM/opm-digemid/vendor/laravel/framework/src/Illuminate/View/View.php(209): Livewire/Mechanisms/ExtendBlade/ExtendedCompilerEngine->get('D://DS-TI//CRM-DI...', Array)
#12 D:/DS-TI/CRM-DIMSUM/opm-digemid/vendor/laravel/framework/src/Illuminate/View/View.php(192): Illuminate/View/View->getContents()
#13 D:/DS-TI/CRM-DIMSUM/opm-digemid/vendor/laravel/framework/src/Illuminate/View/View.php(161): Illuminate/View/View->renderContents()
#14 D:/DS-TI/CRM-DIMSUM/opm-digemid/vendor/livewire/livewire/src/Mechanisms/HandleComponents/HandleComponents.php(417): Illuminate/View/View->render(Object(Closure))
#15 D:/DS-TI/CRM-DIMSUM/opm-digemid/vendor/livewire/livewire/src/Mechanisms/HandleComponents/HandleComponents.php(468): Livewire/Mechanisms/HandleComponents/HandleComponents->Livewire/Mechanisms/HandleComponents/{closure}()
#16 D:/DS-TI/CRM-DIMSUM/opm-digemid/vendor/livewire/livewire/src/Mechanisms/HandleComponents/HandleComponents.php(409): Livewire/Mechanisms/HandleComponents/HandleComponents->trackInRenderStack(Object(App/Filament/Pages/Ventas/ExtraccionVentas), Object(Closure))
#17 D:/DS-TI/CRM-DIMSUM/opm-digemid/vendor/livewire/livewire/src/Mechanisms/HandleComponents/HandleComponents.php(83): Livewire/Mechanisms/HandleComponents/HandleComponents->render(Object(App/Filament/Pages/Ventas/ExtraccionVentas), '<div></div>')
#18 D:/DS-TI/CRM-DIMSUM/opm-digemid/vendor/livewire/livewire/src/LivewireManager.php(102): Livewire/Mechanisms/HandleComponents/HandleComponents->mount('App//Filament//Pa...', Array, NULL, Array)
#19 D:/DS-TI/CRM-DIMSUM/opm-digemid/vendor/livewire/livewire/src/Features/SupportPageComponents/HandlesPageComponents.php(19): Livewire/LivewireManager->mount('App//Filament//Pa...', Array)
#20 D:/DS-TI/CRM-DIMSUM/opm-digemid/vendor/livewire/livewire/src/Features/SupportPageComponents/SupportPageComponents.php(118): Livewire/Component->Livewire/Features/SupportPageComponents/{closure}()
#21 D:/DS-TI/CRM-DIMSUM/opm-digemid/vendor/livewire/livewire/src/Features/SupportPageComponents/HandlesPageComponents.php(14): Livewire/Features/SupportPageComponents/SupportPageComponents::interceptTheRenderOfTheComponentAndRetreiveTheLayoutConfiguration(Object(Closure))
#22 D:/DS-TI/CRM-DIMSUM/opm-digemid/vendor/laravel/framework/src/Illuminate/Routing/ControllerDispatcher.php(47): Livewire/Component->__invoke()
#23 D:/DS-TI/CRM-DIMSUM/opm-digemid/vendor/laravel/framework/src/Illuminate/Routing/Route.php(266): Illuminate/Routing/ControllerDispatcher->dispatch(Object(Illuminate/Routing/Route), Object(App/Filament/Pages/Ventas/ExtraccionVentas), '__invoke')
#24 D:/DS-TI/CRM-DIMSUM/opm-digemid/vendor/laravel/framework/src/Illuminate/Routing/Route.php(212): Illuminate/Routing/Route->runController()
#25 D:/DS-TI/CRM-DIMSUM/opm-digemid/vendor/laravel/framework/src/Illuminate/Routing/Router.php(808): Illuminate/Routing/Route->run()
#26 D:/DS-TI/CRM-DIMSUM/opm-digemid/vendor/laravel/framework/src/Illuminate/Pipeline/Pipeline.php(170): Illuminate/Routing/Router->Illuminate/Routing/{closure}(Object(Illuminate/Http/Request))
#27 D:/DS-TI/CRM-DIMSUM/opm-digemid/vendor/filament/filament/src/Http/Middleware/DispatchServingFilamentEvent.php(15): Illuminate/Pipeline/Pipeline->Illuminate/Pipeline/{closure}(Object(Illuminate/Http/Request))
#28 D:/DS-TI/CRM-DIMSUM/opm-digemid/vendor/laravel/framework/src/Illuminate/Pipeline/Pipeline.php(209): Filament/Http/Middleware/DispatchServingFilamentEvent->handle(Object(Illuminate/Http/Request), Object(Closure))
#29 D:/DS-TI/CRM-DIMSUM/opm-digemid/vendor/filament/filament/src/Http/Middleware/DisableBladeIconComponents.php(14): Illuminate/Pipeline/Pipeline->Illuminate/Pipeline/{closure}(Object(Illuminate/Http/Request))
#30 D:/DS-TI/CRM-DIMSUM/opm-digemid/vendor/laravel/framework/src/Illuminate/Pipeline/Pipeline.php(209): Filament/Http/Middleware/DisableBladeIconComponents->handle(Object(Illuminate/Http/Request), Object(Closure))
#31 D:/DS-TI/CRM-DIMSUM/opm-digemid/vendor/laravel/framework/src/Illuminate/Routing/Middleware/SubstituteBindings.php(51): Illuminate/Pipeline/Pipeline->Illuminate/Pipeline/{closure}(Object(Illuminate/Http/Request))
#32 D:/DS-TI/CRM-DIMSUM/opm-digemid/vendor/laravel/framework/src/Illuminate/Pipeline/Pipeline.php(209): Illuminate/Routing/Middleware/SubstituteBindings->handle(Object(Illuminate/Http/Request), Object(Closure))
#33 D:/DS-TI/CRM-DIMSUM/opm-digemid/vendor/laravel/framework/src/Illuminate/Foundation/Http/Middleware/VerifyCsrfToken.php(88): Illuminate/Pipeline/Pipeline->Illuminate/Pipeline/{closure}(Object(Illuminate/Http/Request))
#34 D:/DS-TI/CRM-DIMSUM/opm-digemid/vendor/laravel/framework/src/Illuminate/Pipeline/Pipeline.php(209): Illuminate/Foundation/Http/Middleware/VerifyCsrfToken->handle(Object(Illuminate/Http/Request), Object(Closure))
#35 D:/DS-TI/CRM-DIMSUM/opm-digemid/vendor/laravel/framework/src/Illuminate/Session/Middleware/AuthenticateSession.php(67): Illuminate/Pipeline/Pipeline->Illuminate/Pipeline/{closure}(Object(Illuminate/Http/Request))
#36 D:/DS-TI/CRM-DIMSUM/opm-digemid/vendor/laravel/framework/src/Illuminate/Pipeline/Pipeline.php(209): Illuminate/Session/Middleware/AuthenticateSession->handle(Object(Illuminate/Http/Request), Object(Closure))
#37 D:/DS-TI/CRM-DIMSUM/opm-digemid/vendor/laravel/framework/src/Illuminate/Auth/Middleware/Authenticate.php(64): Illuminate/Pipeline/Pipeline->Illuminate/Pipeline/{closure}(Object(Illuminate/Http/Request))
#38 D:/DS-TI/CRM-DIMSUM/opm-digemid/vendor/laravel/framework/src/Illuminate/Pipeline/Pipeline.php(209): Illuminate/Auth/Middleware/Authenticate->handle(Object(Illuminate/Http/Request), Object(Closure))
#39 D:/DS-TI/CRM-DIMSUM/opm-digemid/vendor/laravel/framework/src/Illuminate/View/Middleware/ShareErrorsFromSession.php(49): Illuminate/Pipeline/Pipeline->Illuminate/Pipeline/{closure}(Object(Illuminate/Http/Request))
#40 D:/DS-TI/CRM-DIMSUM/opm-digemid/vendor/laravel/framework/src/Illuminate/Pipeline/Pipeline.php(209): Illuminate/View/Middleware/ShareErrorsFromSession->handle(Object(Illuminate/Http/Request), Object(Closure))
#41 D:/DS-TI/CRM-DIMSUM/opm-digemid/vendor/laravel/framework/src/Illuminate/Session/Middleware/StartSession.php(121): Illuminate/Pipeline/Pipeline->Illuminate/Pipeline/{closure}(Object(Illuminate/Http/Request))
#42 D:/DS-TI/CRM-DIMSUM/opm-digemid/vendor/laravel/framework/src/Illuminate/Session/Middleware/StartSession.php(64): Illuminate/Session/Middleware/StartSession->handleStatefulRequest(Object(Illuminate/Http/Request), Object(Illuminate/Session/Store), Object(Closure))
#43 D:/DS-TI/CRM-DIMSUM/opm-digemid/vendor/laravel/framework/src/Illuminate/Pipeline/Pipeline.php(209): Illuminate/Session/Middleware/StartSession->handle(Object(Illuminate/Http/Request), Object(Closure))
#44 D:/DS-TI/CRM-DIMSUM/opm-digemid/vendor/laravel/framework/src/Illuminate/Cookie/Middleware/AddQueuedCookiesToResponse.php(37): Illuminate/Pipeline/Pipeline->Illuminate/Pipeline/{closure}(Object(Illuminate/Http/Request))
#45 D:/DS-TI/CRM-DIMSUM/opm-digemid/vendor/laravel/framework/src/Illuminate/Pipeline/Pipeline.php(209): Illuminate/Cookie/Middleware/AddQueuedCookiesToResponse->handle(Object(Illuminate/Http/Request), Object(Closure))
#46 D:/DS-TI/CRM-DIMSUM/opm-digemid/vendor/laravel/framework/src/Illuminate/Cookie/Middleware/EncryptCookies.php(75): Illuminate/Pipeline/Pipeline->Illuminate/Pipeline/{closure}(Object(Illuminate/Http/Request))
#47 D:/DS-TI/CRM-DIMSUM/opm-digemid/vendor/laravel/framework/src/Illuminate/Pipeline/Pipeline.php(209): Illuminate/Cookie/Middleware/EncryptCookies->handle(Object(Illuminate/Http/Request), Object(Closure))
#48 D:/DS-TI/CRM-DIMSUM/opm-digemid/vendor/filament/filament/src/Http/Middleware/SetUpPanel.php(19): Illuminate/Pipeline/Pipeline->Illuminate/Pipeline/{closure}(Object(Illuminate/Http/Request))
#49 D:/DS-TI/CRM-DIMSUM/opm-digemid/vendor/laravel/framework/src/Illuminate/Pipeline/Pipeline.php(209): Filament/Http/Middleware/SetUpPanel->handle(Object(Illuminate/Http/Request), Object(Closure), Object(Filament/Panel))
#50 D:/DS-TI/CRM-DIMSUM/opm-digemid/vendor/laravel/framework/src/Illuminate/Pipeline/Pipeline.php(127): Illuminate/Pipeline/Pipeline->Illuminate/Pipeline/{closure}(Object(Illuminate/Http/Request))
#51 D:/DS-TI/CRM-DIMSUM/opm-digemid/vendor/laravel/framework/src/Illuminate/Routing/Router.php(807): Illuminate/Pipeline/Pipeline->then(Object(Closure))
#52 D:/DS-TI/CRM-DIMSUM/opm-digemid/vendor/laravel/framework/src/Illuminate/Routing/Router.php(786): Illuminate/Routing/Router->runRouteWithinStack(Object(Illuminate/Routing/Route), Object(Illuminate/Http/Request))
#53 D:/DS-TI/CRM-DIMSUM/opm-digemid/vendor/laravel/framework/src/Illuminate/Routing/Router.php(750): Illuminate/Routing/Router->runRoute(Object(Illuminate/Http/Request), Object(Illuminate/Routing/Route))
#54 D:/DS-TI/CRM-DIMSUM/opm-digemid/vendor/laravel/framework/src/Illuminate/Routing/Router.php(739): Illuminate/Routing/Router->dispatchToRoute(Object(Illuminate/Http/Request))
#55 D:/DS-TI/CRM-DIMSUM/opm-digemid/vendor/laravel/framework/src/Illuminate/Foundation/Http/Kernel.php(201): Illuminate/Routing/Router->dispatch(Object(Illuminate/Http/Request))
#56 D:/DS-TI/CRM-DIMSUM/opm-digemid/vendor/laravel/framework/src/Illuminate/Pipeline/Pipeline.php(170): Illuminate/Foundation/Http/Kernel->Illuminate/Foundation/Http/{closure}(Object(Illuminate/Http/Request))
#57 D:/DS-TI/CRM-DIMSUM/opm-digemid/vendor/livewire/livewire/src/Features/SupportDisablingBackButtonCache/DisableBackButtonCacheMiddleware.php(19): Illuminate/Pipeline/Pipeline->Illuminate/Pipeline/{closure}(Object(Illuminate/Http/Request))
#58 D:/DS-TI/CRM-DIMSUM/opm-digemid/vendor/laravel/framework/src/Illuminate/Pipeline/Pipeline.php(209): Livewire/Features/SupportDisablingBackButtonCache/DisableBackButtonCacheMiddleware->handle(Object(Illuminate/Http/Request), Object(Closure))
#59 D:/DS-TI/CRM-DIMSUM/opm-digemid/app/Http/Middleware/SecurityHeaders.php(13): Illuminate/Pipeline/Pipeline->Illuminate/Pipeline/{closure}(Object(Illuminate/Http/Request))
#60 D:/DS-TI/CRM-DIMSUM/opm-digemid/vendor/laravel/framework/src/Illuminate/Pipeline/Pipeline.php(209): App/Http/Middleware/SecurityHeaders->handle(Object(Illuminate/Http/Request), Object(Closure))
#61 D:/DS-TI/CRM-DIMSUM/opm-digemid/vendor/laravel/framework/src/Illuminate/Foundation/Http/Middleware/TransformsRequest.php(21): Illuminate/Pipeline/Pipeline->Illuminate/Pipeline/{closure}(Object(Illuminate/Http/Request))
#62 D:/DS-TI/CRM-DIMSUM/opm-digemid/vendor/laravel/framework/src/Illuminate/Foundation/Http/Middleware/ConvertEmptyStringsToNull.php(31): Illuminate/Foundation/Http/Middleware/TransformsRequest->handle(Object(Illuminate/Http/Request), Object(Closure))
#63 D:/DS-TI/CRM-DIMSUM/opm-digemid/vendor/laravel/framework/src/Illuminate/Pipeline/Pipeline.php(209): Illuminate/Foundation/Http/Middleware/ConvertEmptyStringsToNull->handle(Object(Illuminate/Http/Request), Object(Closure))
#64 D:/DS-TI/CRM-DIMSUM/opm-digemid/vendor/laravel/framework/src/Illuminate/Foundation/Http/Middleware/TransformsRequest.php(21): Illuminate/Pipeline/Pipeline->Illuminate/Pipeline/{closure}(Object(Illuminate/Http/Request))
#65 D:/DS-TI/CRM-DIMSUM/opm-digemid/vendor/laravel/framework/src/Illuminate/Foundation/Http/Middleware/TrimStrings.php(51): Illuminate/Foundation/Http/Middleware/TransformsRequest->handle(Object(Illuminate/Http/Request), Object(Closure))
#66 D:/DS-TI/CRM-DIMSUM/opm-digemid/vendor/laravel/framework/src/Illuminate/Pipeline/Pipeline.php(209): Illuminate/Foundation/Http/Middleware/TrimStrings->handle(Object(Illuminate/Http/Request), Object(Closure))
#67 D:/DS-TI/CRM-DIMSUM/opm-digemid/vendor/laravel/framework/src/Illuminate/Http/Middleware/ValidatePostSize.php(27): Illuminate/Pipeline/Pipeline->Illuminate/Pipeline/{closure}(Object(Illuminate/Http/Request))
#68 D:/DS-TI/CRM-DIMSUM/opm-digemid/vendor/laravel/framework/src/Illuminate/Pipeline/Pipeline.php(209): Illuminate/Http/Middleware/ValidatePostSize->handle(Object(Illuminate/Http/Request), Object(Closure))
#69 D:/DS-TI/CRM-DIMSUM/opm-digemid/vendor/laravel/framework/src/Illuminate/Foundation/Http/Middleware/PreventRequestsDuringMaintenance.php(110): Illuminate/Pipeline/Pipeline->Illuminate/Pipeline/{closure}(Object(Illuminate/Http/Request))
#70 D:/DS-TI/CRM-DIMSUM/opm-digemid/vendor/laravel/framework/src/Illuminate/Pipeline/Pipeline.php(209): Illuminate/Foundation/Http/Middleware/PreventRequestsDuringMaintenance->handle(Object(Illuminate/Http/Request), Object(Closure))
#71 D:/DS-TI/CRM-DIMSUM/opm-digemid/vendor/laravel/framework/src/Illuminate/Http/Middleware/HandleCors.php(49): Illuminate/Pipeline/Pipeline->Illuminate/Pipeline/{closure}(Object(Illuminate/Http/Request))
#72 D:/DS-TI/CRM-DIMSUM/opm-digemid/vendor/laravel/framework/src/Illuminate/Pipeline/Pipeline.php(209): Illuminate/Http/Middleware/HandleCors->handle(Object(Illuminate/Http/Request), Object(Closure))
#73 D:/DS-TI/CRM-DIMSUM/opm-digemid/vendor/laravel/framework/src/Illuminate/Http/Middleware/TrustProxies.php(58): Illuminate/Pipeline/Pipeline->Illuminate/Pipeline/{closure}(Object(Illuminate/Http/Request))
#74 D:/DS-TI/CRM-DIMSUM/opm-digemid/vendor/laravel/framework/src/Illuminate/Pipeline/Pipeline.php(209): Illuminate/Http/Middleware/TrustProxies->handle(Object(Illuminate/Http/Request), Object(Closure))
#75 D:/DS-TI/CRM-DIMSUM/opm-digemid/vendor/laravel/framework/src/Illuminate/Foundation/Http/Middleware/InvokeDeferredCallbacks.php(22): Illuminate/Pipeline/Pipeline->Illuminate/Pipeline/{closure}(Object(Illuminate/Http/Request))
#76 D:/DS-TI/CRM-DIMSUM/opm-digemid/vendor/laravel/framework/src/Illuminate/Pipeline/Pipeline.php(209): Illuminate/Foundation/Http/Middleware/InvokeDeferredCallbacks->handle(Object(Illuminate/Http/Request), Object(Closure))
#77 D:/DS-TI/CRM-DIMSUM/opm-digemid/vendor/laravel/framework/src/Illuminate/Pipeline/Pipeline.php(127): Illuminate/Pipeline/Pipeline->Illuminate/Pipeline/{closure}(Object(Illuminate/Http/Request))
#78 D:/DS-TI/CRM-DIMSUM/opm-digemid/vendor/laravel/framework/src/Illuminate/Foundation/Http/Kernel.php(176): Illuminate/Pipeline/Pipeline->then(Object(Closure))
#79 D:/DS-TI/CRM-DIMSUM/opm-digemid/vendor/laravel/framework/src/Illuminate/Foundation/Http/Kernel.php(145): Illuminate/Foundation/Http/Kernel->sendRequestThroughRouter(Object(Illuminate/Http/Request))
#80 D:/DS-TI/CRM-DIMSUM/opm-digemid/vendor/laravel/framework/src/Illuminate/Foundation/Application.php(1220): Illuminate/Foundation/Http/Kernel->handle(Object(Illuminate/Http/Request))
#81 D:/DS-TI/CRM-DIMSUM/opm-digemid/public/index.php(17): Illuminate/Foundation/Application->handleRequest(Object(Illuminate/Http/Request))
#82 D:/DS-TI/CRM-DIMSUM/opm-digemid/vendor/laravel/framework/src/Illuminate/Foundation/resources/server.php(23): require_once('D://DS-TI//CRM-DI...')
#83 {main}
"} 
[2026-08-19 16:20:25] local.ERROR: Unable to call component method. Public method [syncDateRange] not found on component {"userId":1,"exception":"[object] (Livewire\\Exceptions\\MethodNotFoundException(code: 0): Unable to call component method. Public method [syncDateRange] not found on component at D:/DS-TI/CRM-DIMSUM/opm-digemid/vendor/livewire/livewire/src/Mechanisms/HandleComponents/HandleComponents.php:704)
[stacktrace]
#0 D:/DS-TI/CRM-DIMSUM/opm-digemid/vendor/livewire/livewire/src/Mechanisms/HandleComponents/HandleComponents.php(242): Livewire/Mechanisms/HandleComponents/HandleComponents->callMethods(Object(Filament/Livewire/Topbar), Array, Object(Livewire/Mechanisms/HandleComponents/ComponentContext))
#1 D:/DS-TI/CRM-DIMSUM/opm-digemid/vendor/livewire/livewire/src/LivewireManager.php(131): Livewire/Mechanisms/HandleComponents/HandleComponents->update(Array, Array, Array)
#2 D:/DS-TI/CRM-DIMSUM/opm-digemid/vendor/livewire/livewire/src/Mechanisms/HandleRequests/HandleRequests.php(205): Livewire/LivewireManager->update(Array, Array, Array)
#3 D:/DS-TI/CRM-DIMSUM/opm-digemid/vendor/laravel/framework/src/Illuminate/Routing/ControllerDispatcher.php(47): Livewire/Mechanisms/HandleRequests/HandleRequests->handleUpdate()
#4 D:/DS-TI/CRM-DIMSUM/opm-digemid/vendor/laravel/framework/src/Illuminate/Routing/Route.php(266): Illuminate/Routing/ControllerDispatcher->dispatch(Object(Illuminate/Routing/Route), Object(Livewire/Mechanisms/HandleRequests/HandleRequests), 'handleUpdate')
#5 D:/DS-TI/CRM-DIMSUM/opm-digemid/vendor/laravel/framework/src/Illuminate/Routing/Route.php(212): Illuminate/Routing/Route->runController()
#6 D:/DS-TI/CRM-DIMSUM/opm-digemid/vendor/laravel/framework/src/Illuminate/Routing/Router.php(808): Illuminate/Routing/Route->run()
#7 D:/DS-TI/CRM-DIMSUM/opm-digemid/vendor/laravel/framework/src/Illuminate/Pipeline/Pipeline.php(170): Illuminate/Routing/Router->Illuminate/Routing/{closure}(Object(Illuminate/Http/Request))
#8 D:/DS-TI/CRM-DIMSUM/opm-digemid/vendor/livewire/livewire/src/Mechanisms/HandleRequests/RequireLivewireHeaders.php(19): Illuminate/Pipeline/Pipeline->Illuminate/Pipeline/{closure}(Object(Illuminate/Http/Request))
#9 D:/DS-TI/CRM-DIMSUM/opm-digemid/vendor/laravel/framework/src/Illuminate/Pipeline/Pipeline.php(209): Livewire/Mechanisms/HandleRequests/RequireLivewireHeaders->handle(Object(Illuminate/Http/Request), Object(Closure))
#10 D:/DS-TI/CRM-DIMSUM/opm-digemid/vendor/laravel/framework/src/Illuminate/Routing/Middleware/SubstituteBindings.php(51): Illuminate/Pipeline/Pipeline->Illuminate/Pipeline/{closure}(Object(Illuminate/Http/Request))
#11 D:/DS-TI/CRM-DIMSUM/opm-digemid/vendor/laravel/framework/src/Illuminate/Pipeline/Pipeline.php(209): Illuminate/Routing/Middleware/SubstituteBindings->handle(Object(Illuminate/Http/Request), Object(Closure))
#12 D:/DS-TI/CRM-DIMSUM/opm-digemid/vendor/laravel/framework/src/Illuminate/Foundation/Http/Middleware/VerifyCsrfToken.php(88): Illuminate/Pipeline/Pipeline->Illuminate/Pipeline/{closure}(Object(Illuminate/Http/Request))
#13 D:/DS-TI/CRM-DIMSUM/opm-digemid/vendor/laravel/framework/src/Illuminate/Pipeline/Pipeline.php(209): Illuminate/Foundation/Http/Middleware/VerifyCsrfToken->handle(Object(Illuminate/Http/Request), Object(Closure))
#14 D:/DS-TI/CRM-DIMSUM/opm-digemid/vendor/laravel/framework/src/Illuminate/View/Middleware/ShareErrorsFromSession.php(49): Illuminate/Pipeline/Pipeline->Illuminate/Pipeline/{closure}(Object(Illuminate/Http/Request))
#15 D:/DS-TI/CRM-DIMSUM/opm-digemid/vendor/laravel/framework/src/Illuminate/Pipeline/Pipeline.php(209): Illuminate/View/Middleware/ShareErrorsFromSession->handle(Object(Illuminate/Http/Request), Object(Closure))
#16 D:/DS-TI/CRM-DIMSUM/opm-digemid/vendor/laravel/framework/src/Illuminate/Session/Middleware/StartSession.php(121): Illuminate/Pipeline/Pipeline->Illuminate/Pipeline/{closure}(Object(Illuminate/Http/Request))
#17 D:/DS-TI/CRM-DIMSUM/opm-digemid/vendor/laravel/framework/src/Illuminate/Session/Middleware/StartSession.php(64): Illuminate/Session/Middleware/StartSession->handleStatefulRequest(Object(Illuminate/Http/Request), Object(Illuminate/Session/Store), Object(Closure))
#18 D:/DS-TI/CRM-DIMSUM/opm-digemid/vendor/laravel/framework/src/Illuminate/Pipeline/Pipeline.php(209): Illuminate/Session/Middleware/StartSession->handle(Object(Illuminate/Http/Request), Object(Closure))
#19 D:/DS-TI/CRM-DIMSUM/opm-digemid/vendor/laravel/framework/src/Illuminate/Cookie/Middleware/AddQueuedCookiesToResponse.php(37): Illuminate/Pipeline/Pipeline->Illuminate/Pipeline/{closure}(Object(Illuminate/Http/Request))
#20 D:/DS-TI/CRM-DIMSUM/opm-digemid/vendor/laravel/framework/src/Illuminate/Pipeline/Pipeline.php(209): Illuminate/Cookie/Middleware/AddQueuedCookiesToResponse->handle(Object(Illuminate/Http/Request), Object(Closure))
#21 D:/DS-TI/CRM-DIMSUM/opm-digemid/vendor/laravel/framework/src/Illuminate/Cookie/Middleware/EncryptCookies.php(75): Illuminate/Pipeline/Pipeline->Illuminate/Pipeline/{closure}(Object(Illuminate/Http/Request))
#22 D:/DS-TI/CRM-DIMSUM/opm-digemid/vendor/laravel/framework/src/Illuminate/Pipeline/Pipeline.php(209): Illuminate/Cookie/Middleware/EncryptCookies->handle(Object(Illuminate/Http/Request), Object(Closure))
#23 D:/DS-TI/CRM-DIMSUM/opm-digemid/vendor/laravel/framework/src/Illuminate/Pipeline/Pipeline.php(127): Illuminate/Pipeline/Pipeline->Illuminate/Pipeline/{closure}(Object(Illuminate/Http/Request))
#24 D:/DS-TI/CRM-DIMSUM/opm-digemid/vendor/laravel/framework/src/Illuminate/Routing/Router.php(807): Illuminate/Pipeline/Pipeline->then(Object(Closure))
#25 D:/DS-TI/CRM-DIMSUM/opm-digemid/vendor/laravel/framework/src/Illuminate/Routing/Router.php(786): Illuminate/Routing/Router->runRouteWithinStack(Object(Illuminate/Routing/Route), Object(Illuminate/Http/Request))
#26 D:/DS-TI/CRM-DIMSUM/opm-digemid/vendor/laravel/framework/src/Illuminate/Routing/Router.php(750): Illuminate/Routing/Router->runRoute(Object(Illuminate/Http/Request), Object(Illuminate/Routing/Route))
#27 D:/DS-TI/CRM-DIMSUM/opm-digemid/vendor/laravel/framework/src/Illuminate/Routing/Router.php(739): Illuminate/Routing/Router->dispatchToRoute(Object(Illuminate/Http/Request))
#28 D:/DS-TI/CRM-DIMSUM/opm-digemid/vendor/laravel/framework/src/Illuminate/Foundation/Http/Kernel.php(201): Illuminate/Routing/Router->dispatch(Object(Illuminate/Http/Request))
#29 D:/DS-TI/CRM-DIMSUM/opm-digemid/vendor/laravel/framework/src/Illuminate/Pipeline/Pipeline.php(170): Illuminate/Foundation/Http/Kernel->Illuminate/Foundation/Http/{closure}(Object(Illuminate/Http/Request))
#30 D:/DS-TI/CRM-DIMSUM/opm-digemid/vendor/livewire/livewire/src/Features/SupportDisablingBackButtonCache/DisableBackButtonCacheMiddleware.php(19): Illuminate/Pipeline/Pipeline->Illuminate/Pipeline/{closure}(Object(Illuminate/Http/Request))
#31 D:/DS-TI/CRM-DIMSUM/opm-digemid/vendor/laravel/framework/src/Illuminate/Pipeline/Pipeline.php(209): Livewire/Features/SupportDisablingBackButtonCache/DisableBackButtonCacheMiddleware->handle(Object(Illuminate/Http/Request), Object(Closure))
#32 D:/DS-TI/CRM-DIMSUM/opm-digemid/app/Http/Middleware/SecurityHeaders.php(13): Illuminate/Pipeline/Pipeline->Illuminate/Pipeline/{closure}(Object(Illuminate/Http/Request))
#33 D:/DS-TI/CRM-DIMSUM/opm-digemid/vendor/laravel/framework/src/Illuminate/Pipeline/Pipeline.php(209): App/Http/Middleware/SecurityHeaders->handle(Object(Illuminate/Http/Request), Object(Closure))
#34 D:/DS-TI/CRM-DIMSUM/opm-digemid/vendor/laravel/framework/src/Illuminate/Foundation/Http/Middleware/ConvertEmptyStringsToNull.php(27): Illuminate/Pipeline/Pipeline->Illuminate/Pipeline/{closure}(Object(Illuminate/Http/Request))
#35 D:/DS-TI/CRM-DIMSUM/opm-digemid/vendor/laravel/framework/src/Illuminate/Pipeline/Pipeline.php(209): Illuminate/Foundation/Http/Middleware/ConvertEmptyStringsToNull->handle(Object(Illuminate/Http/Request), Object(Closure))
#36 D:/DS-TI/CRM-DIMSUM/opm-digemid/vendor/laravel/framework/src/Illuminate/Foundation/Http/Middleware/TrimStrings.php(47): Illuminate/Pipeline/Pipeline->Illuminate/Pipeline/{closure}(Object(Illuminate/Http/Request))
#37 D:/DS-TI/CRM-DIMSUM/opm-digemid/vendor/laravel/framework/src/Illuminate/Pipeline/Pipeline.php(209): Illuminate/Foundation/Http/Middleware/TrimStrings->handle(Object(Illuminate/Http/Request), Object(Closure))
#38 D:/DS-TI/CRM-DIMSUM/opm-digemid/vendor/laravel/framework/src/Illuminate/Http/Middleware/ValidatePostSize.php(27): Illuminate/Pipeline/Pipeline->Illuminate/Pipeline/{closure}(Object(Illuminate/Http/Request))
#39 D:/DS-TI/CRM-DIMSUM/opm-digemid/vendor/laravel/framework/src/Illuminate/Pipeline/Pipeline.php(209): Illuminate/Http/Middleware/ValidatePostSize->handle(Object(Illuminate/Http/Request), Object(Closure))
#40 D:/DS-TI/CRM-DIMSUM/opm-digemid/vendor/laravel/framework/src/Illuminate/Foundation/Http/Middleware/PreventRequestsDuringMaintenance.php(110): Illuminate/Pipeline/Pipeline->Illuminate/Pipeline/{closure}(Object(Illuminate/Http/Request))
#41 D:/DS-TI/CRM-DIMSUM/opm-digemid/vendor/laravel/framework/src/Illuminate/Pipeline/Pipeline.php(209): Illuminate/Foundation/Http/Middleware/PreventRequestsDuringMaintenance->handle(Object(Illuminate/Http/Request), Object(Closure))
#42 D:/DS-TI/CRM-DIMSUM/opm-digemid/vendor/laravel/framework/src/Illuminate/Http/Middleware/HandleCors.php(49): Illuminate/Pipeline/Pipeline->Illuminate/Pipeline/{closure}(Object(Illuminate/Http/Request))
#43 D:/DS-TI/CRM-DIMSUM/opm-digemid/vendor/laravel/framework/src/Illuminate/Pipeline/Pipeline.php(209): Illuminate/Http/Middleware/HandleCors->handle(Object(Illuminate/Http/Request), Object(Closure))
#44 D:/DS-TI/CRM-DIMSUM/opm-digemid/vendor/laravel/framework/src/Illuminate/Http/Middleware/TrustProxies.php(58): Illuminate/Pipeline/Pipeline->Illuminate/Pipeline/{closure}(Object(Illuminate/Http/Request))
#45 D:/DS-TI/CRM-DIMSUM/opm-digemid/vendor/laravel/framework/src/Illuminate/Pipeline/Pipeline.php(209): Illuminate/Http/Middleware/TrustProxies->handle(Object(Illuminate/Http/Request), Object(Closure))
#46 D:/DS-TI/CRM-DIMSUM/opm-digemid/vendor/laravel/framework/src/Illuminate/Foundation/Http/Middleware/InvokeDeferredCallbacks.php(22): Illuminate/Pipeline/Pipeline->Illuminate/Pipeline/{closure}(Object(Illuminate/Http/Request))
#47 D:/DS-TI/CRM-DIMSUM/opm-digemid/vendor/laravel/framework/src/Illuminate/Pipeline/Pipeline.php(209): Illuminate/Foundation/Http/Middleware/InvokeDeferredCallbacks->handle(Object(Illuminate/Http/Request), Object(Closure))
#48 D:/DS-TI/CRM-DIMSUM/opm-digemid/vendor/laravel/framework/src/Illuminate/Pipeline/Pipeline.php(127): Illuminate/Pipeline/Pipeline->Illuminate/Pipeline/{closure}(Object(Illuminate/Http/Request))
#49 D:/DS-TI/CRM-DIMSUM/opm-digemid/vendor/laravel/framework/src/Illuminate/Foundation/Http/Kernel.php(176): Illuminate/Pipeline/Pipeline->then(Object(Closure))
#50 D:/DS-TI/CRM-DIMSUM/opm-digemid/vendor/laravel/framework/src/Illuminate/Foundation/Http/Kernel.php(145): Illuminate/Foundation/Http/Kernel->sendRequestThroughRouter(Object(Illuminate/Http/Request))
#51 D:/DS-TI/CRM-DIMSUM/opm-digemid/vendor/laravel/framework/src/Illuminate/Foundation/Application.php(1220): Illuminate/Foundation/Http/Kernel->handle(Object(Illuminate/Http/Request))
#52 D:/DS-TI/CRM-DIMSUM/opm-digemid/public/index.php(17): Illuminate/Foundation/Application->handleRequest(Object(Illuminate/Http/Request))
#53 D:/DS-TI/CRM-DIMSUM/opm-digemid/vendor/laravel/framework/src/Illuminate/Foundation/resources/server.php(23): require_once('D://DS-TI//CRM-DI...')
#54 {main}
"} 
[2026-08-19 16:59:09] local.ERROR: The selected comprobante is invalid. {"userId":1,"exception":"[object] (Spatie\\LaravelIgnition\\Exceptions\\ViewException(code: 0): The selected comprobante is invalid. at D:/DS-TI/CRM-DIMSUM/opm-digemid/vendor/laravel/framework/src/Illuminate/Support/helpers.php:423)
[stacktrace]
#0 D:/DS-TI/CRM-DIMSUM/opm-digemid/vendor/laravel/framework/src/Illuminate/Validation/Validator.php(558): throw_if(true, 'Illuminate//Vali...', Object(Illuminate/Validation/Validator))
#1 D:/DS-TI/CRM-DIMSUM/opm-digemid/vendor/livewire/livewire/src/Features/SupportValidation/HandlesValidation.php(266): Illuminate/Validation/Validator->validate()
#2 D:/DS-TI/CRM-DIMSUM/opm-digemid/vendor/filament/schemas/src/Concerns/InteractsWithSchemas.php(358): Livewire/Component->validate(Array, Array, Array)
#3 D:/DS-TI/CRM-DIMSUM/opm-digemid/vendor/filament/schemas/src/Concerns/CanBeValidated.php(130): Filament/Pages/BasePage->validate(Array, Array, Array)
#4 D:/DS-TI/CRM-DIMSUM/opm-digemid/vendor/filament/schemas/src/Concerns/HasState.php(453): Filament/Schemas/Schema->validate()
#5 D:/DS-TI/CRM-DIMSUM/opm-digemid/vendor/filament/schemas/src/Components/Concerns/CanBeHidden.php(270): Filament/Schemas/Schema->Filament/Schemas/Concerns/{closure}()
#6 D:/DS-TI/CRM-DIMSUM/opm-digemid/vendor/filament/schemas/src/Concerns/HasState.php(452): Filament/Schemas/Components/Component::withVisibilityCache(Object(Closure))
#7 D:/DS-TI/CRM-DIMSUM/opm-digemid/app/Filament/Pages/Ventas/HistoricoVentas.php(155): Filament/Schemas/Schema->getState()
#8 D:/DS-TI/CRM-DIMSUM/opm-digemid/app/Filament/Pages/Ventas/HistoricoVentas.php(150): App/Filament/Pages/Ventas/HistoricoVentas->query()
#9 D:/DS-TI/CRM-DIMSUM/opm-digemid/resources/views/filament/pages/ventas/partials/historico-tabla.blade.php(1): App/Filament/Pages/Ventas/HistoricoVentas->rows()
#10 D:/DS-TI/CRM-DIMSUM/opm-digemid/vendor/livewire/livewire/src/Mechanisms/ExtendBlade/ExtendedCompilerEngine.php(37): include('D://DS-TI//CRM-DI...')
#11 D:/DS-TI/CRM-DIMSUM/opm-digemid/vendor/livewire/livewire/src/Mechanisms/ExtendBlade/ExtendedCompilerEngine.php(38): App/Filament/Pages/Ventas/HistoricoVentas->Livewire/Mechanisms/ExtendBlade/{closure}()
#12 D:/DS-TI/CRM-DIMSUM/opm-digemid/vendor/laravel/framework/src/Illuminate/View/Engines/CompilerEngine.php(75): Livewire/Mechanisms/ExtendBlade/ExtendedCompilerEngine->evaluatePath('D://DS-TI//CRM-DI...', Array)
#13 D:/DS-TI/CRM-DIMSUM/opm-digemid/vendor/livewire/livewire/src/Mechanisms/ExtendBlade/ExtendedCompilerEngine.php(16): Illuminate/View/Engines/CompilerEngine->get('D://DS-TI//CRM-DI...', Array)
#14 D:/DS-TI/CRM-DIMSUM/opm-digemid/vendor/laravel/framework/src/Illuminate/View/View.php(209): Livewire/Mechanisms/ExtendBlade/ExtendedCompilerEngine->get('D://DS-TI//CRM-DI...', Array)
#15 D:/DS-TI/CRM-DIMSUM/opm-digemid/vendor/laravel/framework/src/Illuminate/View/View.php(192): Illuminate/View/View->getContents()
#16 D:/DS-TI/CRM-DIMSUM/opm-digemid/vendor/laravel/framework/src/Illuminate/View/View.php(161): Illuminate/View/View->renderContents()
#17 D:/DS-TI/CRM-DIMSUM/opm-digemid/resources/views/filament/pages/ventas/historico.blade.php(28): Illuminate/View/View->render()
#18 D:/DS-TI/CRM-DIMSUM/opm-digemid/vendor/livewire/livewire/src/Mechanisms/ExtendBlade/ExtendedCompilerEngine.php(37): include('D://DS-TI//CRM-DI...')
#19 D:/DS-TI/CRM-DIMSUM/opm-digemid/vendor/livewire/livewire/src/Mechanisms/ExtendBlade/ExtendedCompilerEngine.php(38): App/Filament/Pages/Ventas/HistoricoVentas->Livewire/Mechanisms/ExtendBlade/{closure}()
#20 D:/DS-TI/CRM-DIMSUM/opm-digemid/vendor/laravel/framework/src/Illuminate/View/Engines/CompilerEngine.php(75): Livewire/Mechanisms/ExtendBlade/ExtendedCompilerEngine->evaluatePath('D://DS-TI//CRM-DI...', Array)
#21 D:/DS-TI/CRM-DIMSUM/opm-digemid/vendor/livewire/livewire/src/Mechanisms/ExtendBlade/ExtendedCompilerEngine.php(16): Illuminate/View/Engines/CompilerEngine->get('D://DS-TI//CRM-DI...', Array)
#22 D:/DS-TI/CRM-DIMSUM/opm-digemid/vendor/laravel/framework/src/Illuminate/View/View.php(209): Livewire/Mechanisms/ExtendBlade/ExtendedCompilerEngine->get('D://DS-TI//CRM-DI...', Array)
#23 D:/DS-TI/CRM-DIMSUM/opm-digemid/vendor/laravel/framework/src/Illuminate/View/View.php(192): Illuminate/View/View->getContents()
#24 D:/DS-TI/CRM-DIMSUM/opm-digemid/vendor/laravel/framework/src/Illuminate/View/View.php(161): Illuminate/View/View->renderContents()
#25 D:/DS-TI/CRM-DIMSUM/opm-digemid/vendor/livewire/livewire/src/Mechanisms/HandleComponents/HandleComponents.php(417): Illuminate/View/View->render(Object(Closure))
#26 D:/DS-TI/CRM-DIMSUM/opm-digemid/vendor/livewire/livewire/src/Mechanisms/HandleComponents/HandleComponents.php(468): Livewire/Mechanisms/HandleComponents/HandleComponents->Livewire/Mechanisms/HandleComponents/{closure}()
#27 D:/DS-TI/CRM-DIMSUM/opm-digemid/vendor/livewire/livewire/src/Mechanisms/HandleComponents/HandleComponents.php(409): Livewire/Mechanisms/HandleComponents/HandleComponents->trackInRenderStack(Object(App/Filament/Pages/Ventas/HistoricoVentas), Object(Closure))
#28 D:/DS-TI/CRM-DIMSUM/opm-digemid/vendor/livewire/livewire/src/Mechanisms/HandleComponents/HandleComponents.php(245): Livewire/Mechanisms/HandleComponents/HandleComponents->render(Object(App/Filament/Pages/Ventas/HistoricoVentas))
#29 D:/DS-TI/CRM-DIMSUM/opm-digemid/vendor/livewire/livewire/src/LivewireManager.php(131): Livewire/Mechanisms/HandleComponents/HandleComponents->update(Array, Array, Array)
#30 D:/DS-TI/CRM-DIMSUM/opm-digemid/vendor/livewire/livewire/src/Mechanisms/HandleRequests/HandleRequests.php(205): Livewire/LivewireManager->update(Array, Array, Array)
#31 D:/DS-TI/CRM-DIMSUM/opm-digemid/vendor/laravel/framework/src/Illuminate/Routing/ControllerDispatcher.php(47): Livewire/Mechanisms/HandleRequests/HandleRequests->handleUpdate()
#32 D:/DS-TI/CRM-DIMSUM/opm-digemid/vendor/laravel/framework/src/Illuminate/Routing/Route.php(266): Illuminate/Routing/ControllerDispatcher->dispatch(Object(Illuminate/Routing/Route), Object(Livewire/Mechanisms/HandleRequests/HandleRequests), 'handleUpdate')
#33 D:/DS-TI/CRM-DIMSUM/opm-digemid/vendor/laravel/framework/src/Illuminate/Routing/Route.php(212): Illuminate/Routing/Route->runController()
#34 D:/DS-TI/CRM-DIMSUM/opm-digemid/vendor/laravel/framework/src/Illuminate/Routing/Router.php(808): Illuminate/Routing/Route->run()
#35 D:/DS-TI/CRM-DIMSUM/opm-digemid/vendor/laravel/framework/src/Illuminate/Pipeline/Pipeline.php(170): Illuminate/Routing/Router->Illuminate/Routing/{closure}(Object(Illuminate/Http/Request))
#36 D:/DS-TI/CRM-DIMSUM/opm-digemid/vendor/livewire/livewire/src/Mechanisms/HandleRequests/RequireLivewireHeaders.php(19): Illuminate/Pipeline/Pipeline->Illuminate/Pipeline/{closure}(Object(Illuminate/Http/Request))
#37 D:/DS-TI/CRM-DIMSUM/opm-digemid/vendor/laravel/framework/src/Illuminate/Pipeline/Pipeline.php(209): Livewire/Mechanisms/HandleRequests/RequireLivewireHeaders->handle(Object(Illuminate/Http/Request), Object(Closure))
#38 D:/DS-TI/CRM-DIMSUM/opm-digemid/vendor/laravel/framework/src/Illuminate/Routing/Middleware/SubstituteBindings.php(51): Illuminate/Pipeline/Pipeline->Illuminate/Pipeline/{closure}(Object(Illuminate/Http/Request))
#39 D:/DS-TI/CRM-DIMSUM/opm-digemid/vendor/laravel/framework/src/Illuminate/Pipeline/Pipeline.php(209): Illuminate/Routing/Middleware/SubstituteBindings->handle(Object(Illuminate/Http/Request), Object(Closure))
#40 D:/DS-TI/CRM-DIMSUM/opm-digemid/vendor/laravel/framework/src/Illuminate/Foundation/Http/Middleware/VerifyCsrfToken.php(88): Illuminate/Pipeline/Pipeline->Illuminate/Pipeline/{closure}(Object(Illuminate/Http/Request))
#41 D:/DS-TI/CRM-DIMSUM/opm-digemid/vendor/laravel/framework/src/Illuminate/Pipeline/Pipeline.php(209): Illuminate/Foundation/Http/Middleware/VerifyCsrfToken->handle(Object(Illuminate/Http/Request), Object(Closure))
#42 D:/DS-TI/CRM-DIMSUM/opm-digemid/vendor/laravel/framework/src/Illuminate/View/Middleware/ShareErrorsFromSession.php(49): Illuminate/Pipeline/Pipeline->Illuminate/Pipeline/{closure}(Object(Illuminate/Http/Request))
#43 D:/DS-TI/CRM-DIMSUM/opm-digemid/vendor/laravel/framework/src/Illuminate/Pipeline/Pipeline.php(209): Illuminate/View/Middleware/ShareErrorsFromSession->handle(Object(Illuminate/Http/Request), Object(Closure))
#44 D:/DS-TI/CRM-DIMSUM/opm-digemid/vendor/laravel/framework/src/Illuminate/Session/Middleware/StartSession.php(121): Illuminate/Pipeline/Pipeline->Illuminate/Pipeline/{closure}(Object(Illuminate/Http/Request))
#45 D:/DS-TI/CRM-DIMSUM/opm-digemid/vendor/laravel/framework/src/Illuminate/Session/Middleware/StartSession.php(64): Illuminate/Session/Middleware/StartSession->handleStatefulRequest(Object(Illuminate/Http/Request), Object(Illuminate/Session/Store), Object(Closure))
#46 D:/DS-TI/CRM-DIMSUM/opm-digemid/vendor/laravel/framework/src/Illuminate/Pipeline/Pipeline.php(209): Illuminate/Session/Middleware/StartSession->handle(Object(Illuminate/Http/Request), Object(Closure))
#47 D:/DS-TI/CRM-DIMSUM/opm-digemid/vendor/laravel/framework/src/Illuminate/Cookie/Middleware/AddQueuedCookiesToResponse.php(37): Illuminate/Pipeline/Pipeline->Illuminate/Pipeline/{closure}(Object(Illuminate/Http/Request))
#48 D:/DS-TI/CRM-DIMSUM/opm-digemid/vendor/laravel/framework/src/Illuminate/Pipeline/Pipeline.php(209): Illuminate/Cookie/Middleware/AddQueuedCookiesToResponse->handle(Object(Illuminate/Http/Request), Object(Closure))
#49 D:/DS-TI/CRM-DIMSUM/opm-digemid/vendor/laravel/framework/src/Illuminate/Cookie/Middleware/EncryptCookies.php(75): Illuminate/Pipeline/Pipeline->Illuminate/Pipeline/{closure}(Object(Illuminate/Http/Request))
#50 D:/DS-TI/CRM-DIMSUM/opm-digemid/vendor/laravel/framework/src/Illuminate/Pipeline/Pipeline.php(209): Illuminate/Cookie/Middleware/EncryptCookies->handle(Object(Illuminate/Http/Request), Object(Closure))
#51 D:/DS-TI/CRM-DIMSUM/opm-digemid/vendor/laravel/framework/src/Illuminate/Pipeline/Pipeline.php(127): Illuminate/Pipeline/Pipeline->Illuminate/Pipeline/{closure}(Object(Illuminate/Http/Request))
#52 D:/DS-TI/CRM-DIMSUM/opm-digemid/vendor/laravel/framework/src/Illuminate/Routing/Router.php(807): Illuminate/Pipeline/Pipeline->then(Object(Closure))
#53 D:/DS-TI/CRM-DIMSUM/opm-digemid/vendor/laravel/framework/src/Illuminate/Routing/Router.php(786): Illuminate/Routing/Router->runRouteWithinStack(Object(Illuminate/Routing/Route), Object(Illuminate/Http/Request))
#54 D:/DS-TI/CRM-DIMSUM/opm-digemid/vendor/laravel/framework/src/Illuminate/Routing/Router.php(750): Illuminate/Routing/Router->runRoute(Object(Illuminate/Http/Request), Object(Illuminate/Routing/Route))
#55 D:/DS-TI/CRM-DIMSUM/opm-digemid/vendor/laravel/framework/src/Illuminate/Routing/Router.php(739): Illuminate/Routing/Router->dispatchToRoute(Object(Illuminate/Http/Request))
#56 D:/DS-TI/CRM-DIMSUM/opm-digemid/vendor/laravel/framework/src/Illuminate/Foundation/Http/Kernel.php(201): Illuminate/Routing/Router->dispatch(Object(Illuminate/Http/Request))
#57 D:/DS-TI/CRM-DIMSUM/opm-digemid/vendor/laravel/framework/src/Illuminate/Pipeline/Pipeline.php(170): Illuminate/Foundation/Http/Kernel->Illuminate/Foundation/Http/{closure}(Object(Illuminate/Http/Request))
#58 D:/DS-TI/CRM-DIMSUM/opm-digemid/vendor/livewire/livewire/src/Features/SupportDisablingBackButtonCache/DisableBackButtonCacheMiddleware.php(19): Illuminate/Pipeline/Pipeline->Illuminate/Pipeline/{closure}(Object(Illuminate/Http/Request))
#59 D:/DS-TI/CRM-DIMSUM/opm-digemid/vendor/laravel/framework/src/Illuminate/Pipeline/Pipeline.php(209): Livewire/Features/SupportDisablingBackButtonCache/DisableBackButtonCacheMiddleware->handle(Object(Illuminate/Http/Request), Object(Closure))
#60 D:/DS-TI/CRM-DIMSUM/opm-digemid/app/Http/Middleware/SecurityHeaders.php(13): Illuminate/Pipeline/Pipeline->Illuminate/Pipeline/{closure}(Object(Illuminate/Http/Request))
#61 D:/DS-TI/CRM-DIMSUM/opm-digemid/vendor/laravel/framework/src/Illuminate/Pipeline/Pipeline.php(209): App/Http/Middleware/SecurityHeaders->handle(Object(Illuminate/Http/Request), Object(Closure))
#62 D:/DS-TI/CRM-DIMSUM/opm-digemid/vendor/laravel/framework/src/Illuminate/Foundation/Http/Middleware/ConvertEmptyStringsToNull.php(27): Illuminate/Pipeline/Pipeline->Illuminate/Pipeline/{closure}(Object(Illuminate/Http/Request))
#63 D:/DS-TI/CRM-DIMSUM/opm-digemid/vendor/laravel/framework/src/Illuminate/Pipeline/Pipeline.php(209): Illuminate/Foundation/Http/Middleware/ConvertEmptyStringsToNull->handle(Object(Illuminate/Http/Request), Object(Closure))
#64 D:/DS-TI/CRM-DIMSUM/opm-digemid/vendor/laravel/framework/src/Illuminate/Foundation/Http/Middleware/TrimStrings.php(47): Illuminate/Pipeline/Pipeline->Illuminate/Pipeline/{closure}(Object(Illuminate/Http/Request))
#65 D:/DS-TI/CRM-DIMSUM/opm-digemid/vendor/laravel/framework/src/Illuminate/Pipeline/Pipeline.php(209): Illuminate/Foundation/Http/Middleware/TrimStrings->handle(Object(Illuminate/Http/Request), Object(Closure))
#66 D:/DS-TI/CRM-DIMSUM/opm-digemid/vendor/laravel/framework/src/Illuminate/Http/Middleware/ValidatePostSize.php(27): Illuminate/Pipeline/Pipeline->Illuminate/Pipeline/{closure}(Object(Illuminate/Http/Request))
#67 D:/DS-TI/CRM-DIMSUM/opm-digemid/vendor/laravel/framework/src/Illuminate/Pipeline/Pipeline.php(209): Illuminate/Http/Middleware/ValidatePostSize->handle(Object(Illuminate/Http/Request), Object(Closure))
#68 D:/DS-TI/CRM-DIMSUM/opm-digemid/vendor/laravel/framework/src/Illuminate/Foundation/Http/Middleware/PreventRequestsDuringMaintenance.php(110): Illuminate/Pipeline/Pipeline->Illuminate/Pipeline/{closure}(Object(Illuminate/Http/Request))
#69 D:/DS-TI/CRM-DIMSUM/opm-digemid/vendor/laravel/framework/src/Illuminate/Pipeline/Pipeline.php(209): Illuminate/Foundation/Http/Middleware/PreventRequestsDuringMaintenance->handle(Object(Illuminate/Http/Request), Object(Closure))
#70 D:/DS-TI/CRM-DIMSUM/opm-digemid/vendor/laravel/framework/src/Illuminate/Http/Middleware/HandleCors.php(49): Illuminate/Pipeline/Pipeline->Illuminate/Pipeline/{closure}(Object(Illuminate/Http/Request))
#71 D:/DS-TI/CRM-DIMSUM/opm-digemid/vendor/laravel/framework/src/Illuminate/Pipeline/Pipeline.php(209): Illuminate/Http/Middleware/HandleCors->handle(Object(Illuminate/Http/Request), Object(Closure))
#72 D:/DS-TI/CRM-DIMSUM/opm-digemid/vendor/laravel/framework/src/Illuminate/Http/Middleware/TrustProxies.php(58): Illuminate/Pipeline/Pipeline->Illuminate/Pipeline/{closure}(Object(Illuminate/Http/Request))
#73 D:/DS-TI/CRM-DIMSUM/opm-digemid/vendor/laravel/framework/src/Illuminate/Pipeline/Pipeline.php(209): Illuminate/Http/Middleware/TrustProxies->handle(Object(Illuminate/Http/Request), Object(Closure))
#74 D:/DS-TI/CRM-DIMSUM/opm-digemid/vendor/laravel/framework/src/Illuminate/Foundation/Http/Middleware/InvokeDeferredCallbacks.php(22): Illuminate/Pipeline/Pipeline->Illuminate/Pipeline/{closure}(Object(Illuminate/Http/Request))
#75 D:/DS-TI/CRM-DIMSUM/opm-digemid/vendor/laravel/framework/src/Illuminate/Pipeline/Pipeline.php(209): Illuminate/Foundation/Http/Middleware/InvokeDeferredCallbacks->handle(Object(Illuminate/Http/Request), Object(Closure))
#76 D:/DS-TI/CRM-DIMSUM/opm-digemid/vendor/laravel/framework/src/Illuminate/Pipeline/Pipeline.php(127): Illuminate/Pipeline/Pipeline->Illuminate/Pipeline/{closure}(Object(Illuminate/Http/Request))
#77 D:/DS-TI/CRM-DIMSUM/opm-digemid/vendor/laravel/framework/src/Illuminate/Foundation/Http/Kernel.php(176): Illuminate/Pipeline/Pipeline->then(Object(Closure))
#78 D:/DS-TI/CRM-DIMSUM/opm-digemid/vendor/laravel/framework/src/Illuminate/Foundation/Http/Kernel.php(145): Illuminate/Foundation/Http/Kernel->sendRequestThroughRouter(Object(Illuminate/Http/Request))
#79 D:/DS-TI/CRM-DIMSUM/opm-digemid/vendor/laravel/framework/src/Illuminate/Foundation/Application.php(1220): Illuminate/Foundation/Http/Kernel->handle(Object(Illuminate/Http/Request))
#80 D:/DS-TI/CRM-DIMSUM/opm-digemid/public/index.php(17): Illuminate/Foundation/Application->handleRequest(Object(Illuminate/Http/Request))
#81 D:/DS-TI/CRM-DIMSUM/opm-digemid/vendor/laravel/framework/src/Illuminate/Foundation/resources/server.php(23): require_once('D://DS-TI//CRM-DI...')
#82 {main}

[previous exception] [object] (Illuminate\\Validation\\ValidationException(code: 0): The selected comprobante is invalid. at D:/DS-TI/CRM-DIMSUM/opm-digemid/vendor/laravel/framework/src/Illuminate/Support/helpers.php:423)
[stacktrace]
#0 D:/DS-TI/CRM-DIMSUM/opm-digemid/vendor/laravel/framework/src/Illuminate/Validation/Validator.php(558): throw_if(true, 'Illuminate//Vali...', Object(Illuminate/Validation/Validator))
#1 D:/DS-TI/CRM-DIMSUM/opm-digemid/vendor/livewire/livewire/src/Features/SupportValidation/HandlesValidation.php(266): Illuminate/Validation/Validator->validate()
#2 D:/DS-TI/CRM-DIMSUM/opm-digemid/vendor/filament/schemas/src/Concerns/InteractsWithSchemas.php(358): Livewire/Component->validate(Array, Array, Array)
#3 D:/DS-TI/CRM-DIMSUM/opm-digemid/vendor/filament/schemas/src/Concerns/CanBeValidated.php(130): Filament/Pages/BasePage->validate(Array, Array, Array)
#4 D:/DS-TI/CRM-DIMSUM/opm-digemid/vendor/filament/schemas/src/Concerns/HasState.php(453): Filament/Schemas/Schema->validate()
#5 D:/DS-TI/CRM-DIMSUM/opm-digemid/vendor/filament/schemas/src/Components/Concerns/CanBeHidden.php(270): Filament/Schemas/Schema->Filament/Schemas/Concerns/{closure}()
#6 D:/DS-TI/CRM-DIMSUM/opm-digemid/vendor/filament/schemas/src/Concerns/HasState.php(452): Filament/Schemas/Components/Component::withVisibilityCache(Object(Closure))
#7 D:/DS-TI/CRM-DIMSUM/opm-digemid/app/Filament/Pages/Ventas/HistoricoVentas.php(155): Filament/Schemas/Schema->getState()
#8 D:/DS-TI/CRM-DIMSUM/opm-digemid/app/Filament/Pages/Ventas/HistoricoVentas.php(150): App/Filament/Pages/Ventas/HistoricoVentas->query()
#9 D:/DS-TI/CRM-DIMSUM/opm-digemid/storage/framework/views/f0aa5f32ef4051a12a6ffab18c67af57.php(1): App/Filament/Pages/Ventas/HistoricoVentas->rows()
#10 D:/DS-TI/CRM-DIMSUM/opm-digemid/vendor/livewire/livewire/src/Mechanisms/ExtendBlade/ExtendedCompilerEngine.php(37): include('D://DS-TI//CRM-DI...')
#11 D:/DS-TI/CRM-DIMSUM/opm-digemid/vendor/livewire/livewire/src/Mechanisms/ExtendBlade/ExtendedCompilerEngine.php(38): App/Filament/Pages/Ventas/HistoricoVentas->Livewire/Mechanisms/ExtendBlade/{closure}()
#12 D:/DS-TI/CRM-DIMSUM/opm-digemid/vendor/laravel/framework/src/Illuminate/View/Engines/CompilerEngine.php(75): Livewire/Mechanisms/ExtendBlade/ExtendedCompilerEngine->evaluatePath('D://DS-TI//CRM-DI...', Array)
#13 D:/DS-TI/CRM-DIMSUM/opm-digemid/vendor/livewire/livewire/src/Mechanisms/ExtendBlade/ExtendedCompilerEngine.php(16): Illuminate/View/Engines/CompilerEngine->get('D://DS-TI//CRM-DI...', Array)
#14 D:/DS-TI/CRM-DIMSUM/opm-digemid/vendor/laravel/framework/src/Illuminate/View/View.php(209): Livewire/Mechanisms/ExtendBlade/ExtendedCompilerEngine->get('D://DS-TI//CRM-DI...', Array)
#15 D:/DS-TI/CRM-DIMSUM/opm-digemid/vendor/laravel/framework/src/Illuminate/View/View.php(192): Illuminate/View/View->getContents()
#16 D:/DS-TI/CRM-DIMSUM/opm-digemid/vendor/laravel/framework/src/Illuminate/View/View.php(161): Illuminate/View/View->renderContents()
#17 D:/DS-TI/CRM-DIMSUM/opm-digemid/storage/framework/views/e4b023debb6b9caedfd1dad76b7a9c63.php(111): Illuminate/View/View->render()
#18 D:/DS-TI/CRM-DIMSUM/opm-digemid/vendor/livewire/livewire/src/Mechanisms/ExtendBlade/ExtendedCompilerEngine.php(37): include('D://DS-TI//CRM-DI...')
#19 D:/DS-TI/CRM-DIMSUM/opm-digemid/vendor/livewire/livewire/src/Mechanisms/ExtendBlade/ExtendedCompilerEngine.php(38): App/Filament/Pages/Ventas/HistoricoVentas->Livewire/Mechanisms/ExtendBlade/{closure}()
#20 D:/DS-TI/CRM-DIMSUM/opm-digemid/vendor/laravel/framework/src/Illuminate/View/Engines/CompilerEngine.php(75): Livewire/Mechanisms/ExtendBlade/ExtendedCompilerEngine->evaluatePath('D://DS-TI//CRM-DI...', Array)
#21 D:/DS-TI/CRM-DIMSUM/opm-digemid/vendor/livewire/livewire/src/Mechanisms/ExtendBlade/ExtendedCompilerEngine.php(16): Illuminate/View/Engines/CompilerEngine->get('D://DS-TI//CRM-DI...', Array)
#22 D:/DS-TI/CRM-DIMSUM/opm-digemid/vendor/laravel/framework/src/Illuminate/View/View.php(209): Livewire/Mechanisms/ExtendBlade/ExtendedCompilerEngine->get('D://DS-TI//CRM-DI...', Array)
#23 D:/DS-TI/CRM-DIMSUM/opm-digemid/vendor/laravel/framework/src/Illuminate/View/View.php(192): Illuminate/View/View->getContents()
#24 D:/DS-TI/CRM-DIMSUM/opm-digemid/vendor/laravel/framework/src/Illuminate/View/View.php(161): Illuminate/View/View->renderContents()
#25 D:/DS-TI/CRM-DIMSUM/opm-digemid/vendor/livewire/livewire/src/Mechanisms/HandleComponents/HandleComponents.php(417): Illuminate/View/View->render(Object(Closure))
#26 D:/DS-TI/CRM-DIMSUM/opm-digemid/vendor/livewire/livewire/src/Mechanisms/HandleComponents/HandleComponents.php(468): Livewire/Mechanisms/HandleComponents/HandleComponents->Livewire/Mechanisms/HandleComponents/{closure}()
#27 D:/DS-TI/CRM-DIMSUM/opm-digemid/vendor/livewire/livewire/src/Mechanisms/HandleComponents/HandleComponents.php(409): Livewire/Mechanisms/HandleComponents/HandleComponents->trackInRenderStack(Object(App/Filament/Pages/Ventas/HistoricoVentas), Object(Closure))
#28 D:/DS-TI/CRM-DIMSUM/opm-digemid/vendor/livewire/livewire/src/Mechanisms/HandleComponents/HandleComponents.php(245): Livewire/Mechanisms/HandleComponents/HandleComponents->render(Object(App/Filament/Pages/Ventas/HistoricoVentas))
#29 D:/DS-TI/CRM-DIMSUM/opm-digemid/vendor/livewire/livewire/src/LivewireManager.php(131): Livewire/Mechanisms/HandleComponents/HandleComponents->update(Array, Array, Array)
#30 D:/DS-TI/CRM-DIMSUM/opm-digemid/vendor/livewire/livewire/src/Mechanisms/HandleRequests/HandleRequests.php(205): Livewire/LivewireManager->update(Array, Array, Array)
#31 D:/DS-TI/CRM-DIMSUM/opm-digemid/vendor/laravel/framework/src/Illuminate/Routing/ControllerDispatcher.php(47): Livewire/Mechanisms/HandleRequests/HandleRequests->handleUpdate()
#32 D:/DS-TI/CRM-DIMSUM/opm-digemid/vendor/laravel/framework/src/Illuminate/Routing/Route.php(266): Illuminate/Routing/ControllerDispatcher->dispatch(Object(Illuminate/Routing/Route), Object(Livewire/Mechanisms/HandleRequests/HandleRequests), 'handleUpdate')
#33 D:/DS-TI/CRM-DIMSUM/opm-digemid/vendor/laravel/framework/src/Illuminate/Routing/Route.php(212): Illuminate/Routing/Route->runController()
#34 D:/DS-TI/CRM-DIMSUM/opm-digemid/vendor/laravel/framework/src/Illuminate/Routing/Router.php(808): Illuminate/Routing/Route->run()
#35 D:/DS-TI/CRM-DIMSUM/opm-digemid/vendor/laravel/framework/src/Illuminate/Pipeline/Pipeline.php(170): Illuminate/Routing/Router->Illuminate/Routing/{closure}(Object(Illuminate/Http/Request))
#36 D:/DS-TI/CRM-DIMSUM/opm-digemid/vendor/livewire/livewire/src/Mechanisms/HandleRequests/RequireLivewireHeaders.php(19): Illuminate/Pipeline/Pipeline->Illuminate/Pipeline/{closure}(Object(Illuminate/Http/Request))
#37 D:/DS-TI/CRM-DIMSUM/opm-digemid/vendor/laravel/framework/src/Illuminate/Pipeline/Pipeline.php(209): Livewire/Mechanisms/HandleRequests/RequireLivewireHeaders->handle(Object(Illuminate/Http/Request), Object(Closure))
#38 D:/DS-TI/CRM-DIMSUM/opm-digemid/vendor/laravel/framework/src/Illuminate/Routing/Middleware/SubstituteBindings.php(51): Illuminate/Pipeline/Pipeline->Illuminate/Pipeline/{closure}(Object(Illuminate/Http/Request))
#39 D:/DS-TI/CRM-DIMSUM/opm-digemid/vendor/laravel/framework/src/Illuminate/Pipeline/Pipeline.php(209): Illuminate/Routing/Middleware/SubstituteBindings->handle(Object(Illuminate/Http/Request), Object(Closure))
#40 D:/DS-TI/CRM-DIMSUM/opm-digemid/vendor/laravel/framework/src/Illuminate/Foundation/Http/Middleware/VerifyCsrfToken.php(88): Illuminate/Pipeline/Pipeline->Illuminate/Pipeline/{closure}(Object(Illuminate/Http/Request))
#41 D:/DS-TI/CRM-DIMSUM/opm-digemid/vendor/laravel/framework/src/Illuminate/Pipeline/Pipeline.php(209): Illuminate/Foundation/Http/Middleware/VerifyCsrfToken->handle(Object(Illuminate/Http/Request), Object(Closure))
#42 D:/DS-TI/CRM-DIMSUM/opm-digemid/vendor/laravel/framework/src/Illuminate/View/Middleware/ShareErrorsFromSession.php(49): Illuminate/Pipeline/Pipeline->Illuminate/Pipeline/{closure}(Object(Illuminate/Http/Request))
#43 D:/DS-TI/CRM-DIMSUM/opm-digemid/vendor/laravel/framework/src/Illuminate/Pipeline/Pipeline.php(209): Illuminate/View/Middleware/ShareErrorsFromSession->handle(Object(Illuminate/Http/Request), Object(Closure))
#44 D:/DS-TI/CRM-DIMSUM/opm-digemid/vendor/laravel/framework/src/Illuminate/Session/Middleware/StartSession.php(121): Illuminate/Pipeline/Pipeline->Illuminate/Pipeline/{closure}(Object(Illuminate/Http/Request))
#45 D:/DS-TI/CRM-DIMSUM/opm-digemid/vendor/laravel/framework/src/Illuminate/Session/Middleware/StartSession.php(64): Illuminate/Session/Middleware/StartSession->handleStatefulRequest(Object(Illuminate/Http/Request), Object(Illuminate/Session/Store), Object(Closure))
#46 D:/DS-TI/CRM-DIMSUM/opm-digemid/vendor/laravel/framework/src/Illuminate/Pipeline/Pipeline.php(209): Illuminate/Session/Middleware/StartSession->handle(Object(Illuminate/Http/Request), Object(Closure))
#47 D:/DS-TI/CRM-DIMSUM/opm-digemid/vendor/laravel/framework/src/Illuminate/Cookie/Middleware/AddQueuedCookiesToResponse.php(37): Illuminate/Pipeline/Pipeline->Illuminate/Pipeline/{closure}(Object(Illuminate/Http/Request))
#48 D:/DS-TI/CRM-DIMSUM/opm-digemid/vendor/laravel/framework/src/Illuminate/Pipeline/Pipeline.php(209): Illuminate/Cookie/Middleware/AddQueuedCookiesToResponse->handle(Object(Illuminate/Http/Request), Object(Closure))
#49 D:/DS-TI/CRM-DIMSUM/opm-digemid/vendor/laravel/framework/src/Illuminate/Cookie/Middleware/EncryptCookies.php(75): Illuminate/Pipeline/Pipeline->Illuminate/Pipeline/{closure}(Object(Illuminate/Http/Request))
#50 D:/DS-TI/CRM-DIMSUM/opm-digemid/vendor/laravel/framework/src/Illuminate/Pipeline/Pipeline.php(209): Illuminate/Cookie/Middleware/EncryptCookies->handle(Object(Illuminate/Http/Request), Object(Closure))
#51 D:/DS-TI/CRM-DIMSUM/opm-digemid/vendor/laravel/framework/src/Illuminate/Pipeline/Pipeline.php(127): Illuminate/Pipeline/Pipeline->Illuminate/Pipeline/{closure}(Object(Illuminate/Http/Request))
#52 D:/DS-TI/CRM-DIMSUM/opm-digemid/vendor/laravel/framework/src/Illuminate/Routing/Router.php(807): Illuminate/Pipeline/Pipeline->then(Object(Closure))
#53 D:/DS-TI/CRM-DIMSUM/opm-digemid/vendor/laravel/framework/src/Illuminate/Routing/Router.php(786): Illuminate/Routing/Router->runRouteWithinStack(Object(Illuminate/Routing/Route), Object(Illuminate/Http/Request))
#54 D:/DS-TI/CRM-DIMSUM/opm-digemid/vendor/laravel/framework/src/Illuminate/Routing/Router.php(750): Illuminate/Routing/Router->runRoute(Object(Illuminate/Http/Request), Object(Illuminate/Routing/Route))
#55 D:/DS-TI/CRM-DIMSUM/opm-digemid/vendor/laravel/framework/src/Illuminate/Routing/Router.php(739): Illuminate/Routing/Router->dispatchToRoute(Object(Illuminate/Http/Request))
#56 D:/DS-TI/CRM-DIMSUM/opm-digemid/vendor/laravel/framework/src/Illuminate/Foundation/Http/Kernel.php(201): Illuminate/Routing/Router->dispatch(Object(Illuminate/Http/Request))
#57 D:/DS-TI/CRM-DIMSUM/opm-digemid/vendor/laravel/framework/src/Illuminate/Pipeline/Pipeline.php(170): Illuminate/Foundation/Http/Kernel->Illuminate/Foundation/Http/{closure}(Object(Illuminate/Http/Request))
#58 D:/DS-TI/CRM-DIMSUM/opm-digemid/vendor/livewire/livewire/src/Features/SupportDisablingBackButtonCache/DisableBackButtonCacheMiddleware.php(19): Illuminate/Pipeline/Pipeline->Illuminate/Pipeline/{closure}(Object(Illuminate/Http/Request))
#59 D:/DS-TI/CRM-DIMSUM/opm-digemid/vendor/laravel/framework/src/Illuminate/Pipeline/Pipeline.php(209): Livewire/Features/SupportDisablingBackButtonCache/DisableBackButtonCacheMiddleware->handle(Object(Illuminate/Http/Request), Object(Closure))
#60 D:/DS-TI/CRM-DIMSUM/opm-digemid/app/Http/Middleware/SecurityHeaders.php(13): Illuminate/Pipeline/Pipeline->Illuminate/Pipeline/{closure}(Object(Illuminate/Http/Request))
#61 D:/DS-TI/CRM-DIMSUM/opm-digemid/vendor/laravel/framework/src/Illuminate/Pipeline/Pipeline.php(209): App/Http/Middleware/SecurityHeaders->handle(Object(Illuminate/Http/Request), Object(Closure))
#62 D:/DS-TI/CRM-DIMSUM/opm-digemid/vendor/laravel/framework/src/Illuminate/Foundation/Http/Middleware/ConvertEmptyStringsToNull.php(27): Illuminate/Pipeline/Pipeline->Illuminate/Pipeline/{closure}(Object(Illuminate/Http/Request))
#63 D:/DS-TI/CRM-DIMSUM/opm-digemid/vendor/laravel/framework/src/Illuminate/Pipeline/Pipeline.php(209): Illuminate/Foundation/Http/Middleware/ConvertEmptyStringsToNull->handle(Object(Illuminate/Http/Request), Object(Closure))
#64 D:/DS-TI/CRM-DIMSUM/opm-digemid/vendor/laravel/framework/src/Illuminate/Foundation/Http/Middleware/TrimStrings.php(47): Illuminate/Pipeline/Pipeline->Illuminate/Pipeline/{closure}(Object(Illuminate/Http/Request))
#65 D:/DS-TI/CRM-DIMSUM/opm-digemid/vendor/laravel/framework/src/Illuminate/Pipeline/Pipeline.php(209): Illuminate/Foundation/Http/Middleware/TrimStrings->handle(Object(Illuminate/Http/Request), Object(Closure))
#66 D:/DS-TI/CRM-DIMSUM/opm-digemid/vendor/laravel/framework/src/Illuminate/Http/Middleware/ValidatePostSize.php(27): Illuminate/Pipeline/Pipeline->Illuminate/Pipeline/{closure}(Object(Illuminate/Http/Request))
#67 D:/DS-TI/CRM-DIMSUM/opm-digemid/vendor/laravel/framework/src/Illuminate/Pipeline/Pipeline.php(209): Illuminate/Http/Middleware/ValidatePostSize->handle(Object(Illuminate/Http/Request), Object(Closure))
#68 D:/DS-TI/CRM-DIMSUM/opm-digemid/vendor/laravel/framework/src/Illuminate/Foundation/Http/Middleware/PreventRequestsDuringMaintenance.php(110): Illuminate/Pipeline/Pipeline->Illuminate/Pipeline/{closure}(Object(Illuminate/Http/Request))
#69 D:/DS-TI/CRM-DIMSUM/opm-digemid/vendor/laravel/framework/src/Illuminate/Pipeline/Pipeline.php(209): Illuminate/Foundation/Http/Middleware/PreventRequestsDuringMaintenance->handle(Object(Illuminate/Http/Request), Object(Closure))
#70 D:/DS-TI/CRM-DIMSUM/opm-digemid/vendor/laravel/framework/src/Illuminate/Http/Middleware/HandleCors.php(49): Illuminate/Pipeline/Pipeline->Illuminate/Pipeline/{closure}(Object(Illuminate/Http/Request))
#71 D:/DS-TI/CRM-DIMSUM/opm-digemid/vendor/laravel/framework/src/Illuminate/Pipeline/Pipeline.php(209): Illuminate/Http/Middleware/HandleCors->handle(Object(Illuminate/Http/Request), Object(Closure))
#72 D:/DS-TI/CRM-DIMSUM/opm-digemid/vendor/laravel/framework/src/Illuminate/Http/Middleware/TrustProxies.php(58): Illuminate/Pipeline/Pipeline->Illuminate/Pipeline/{closure}(Object(Illuminate/Http/Request))
#73 D:/DS-TI/CRM-DIMSUM/opm-digemid/vendor/laravel/framework/src/Illuminate/Pipeline/Pipeline.php(209): Illuminate/Http/Middleware/TrustProxies->handle(Object(Illuminate/Http/Request), Object(Closure))
#74 D:/DS-TI/CRM-DIMSUM/opm-digemid/vendor/laravel/framework/src/Illuminate/Foundation/Http/Middleware/InvokeDeferredCallbacks.php(22): Illuminate/Pipeline/Pipeline->Illuminate/Pipeline/{closure}(Object(Illuminate/Http/Request))
#75 D:/DS-TI/CRM-DIMSUM/opm-digemid/vendor/laravel/framework/src/Illuminate/Pipeline/Pipeline.php(209): Illuminate/Foundation/Http/Middleware/InvokeDeferredCallbacks->handle(Object(Illuminate/Http/Request), Object(Closure))
#76 D:/DS-TI/CRM-DIMSUM/opm-digemid/vendor/laravel/framework/src/Illuminate/Pipeline/Pipeline.php(127): Illuminate/Pipeline/Pipeline->Illuminate/Pipeline/{closure}(Object(Illuminate/Http/Request))
#77 D:/DS-TI/CRM-DIMSUM/opm-digemid/vendor/laravel/framework/src/Illuminate/Foundation/Http/Kernel.php(176): Illuminate/Pipeline/Pipeline->then(Object(Closure))
#78 D:/DS-TI/CRM-DIMSUM/opm-digemid/vendor/laravel/framework/src/Illuminate/Foundation/Http/Kernel.php(145): Illuminate/Foundation/Http/Kernel->sendRequestThroughRouter(Object(Illuminate/Http/Request))
#79 D:/DS-TI/CRM-DIMSUM/opm-digemid/vendor/laravel/framework/src/Illuminate/Foundation/Application.php(1220): Illuminate/Foundation/Http/Kernel->handle(Object(Illuminate/Http/Request))
#80 D:/DS-TI/CRM-DIMSUM/opm-digemid/public/index.php(17): Illuminate/Foundation/Application->handleRequest(Object(Illuminate/Http/Request))
#81 D:/DS-TI/CRM-DIMSUM/opm-digemid/vendor/laravel/framework/src/Illuminate/Foundation/resources/server.php(23): require_once('D://DS-TI//CRM-DI...')
#82 {main}
"} 
[2026-08-19 16:59:10] local.ERROR: The selected comprobante is invalid. {"userId":1,"exception":"[object] (Spatie\\LaravelIgnition\\Exceptions\\ViewException(code: 0): The selected comprobante is invalid. at D:/DS-TI/CRM-DIMSUM/opm-digemid/vendor/laravel/framework/src/Illuminate/Support/helpers.php:423)
[stacktrace]
#0 D:/DS-TI/CRM-DIMSUM/opm-digemid/vendor/laravel/framework/src/Illuminate/Validation/Validator.php(558): throw_if(true, 'Illuminate//Vali...', Object(Illuminate/Validation/Validator))
#1 D:/DS-TI/CRM-DIMSUM/opm-digemid/vendor/livewire/livewire/src/Features/SupportValidation/HandlesValidation.php(266): Illuminate/Validation/Validator->validate()
#2 D:/DS-TI/CRM-DIMSUM/opm-digemid/vendor/filament/schemas/src/Concerns/InteractsWithSchemas.php(358): Livewire/Component->validate(Array, Array, Array)
#3 D:/DS-TI/CRM-DIMSUM/opm-digemid/vendor/filament/schemas/src/Concerns/CanBeValidated.php(130): Filament/Pages/BasePage->validate(Array, Array, Array)
#4 D:/DS-TI/CRM-DIMSUM/opm-digemid/vendor/filament/schemas/src/Concerns/HasState.php(453): Filament/Schemas/Schema->validate()
#5 D:/DS-TI/CRM-DIMSUM/opm-digemid/vendor/filament/schemas/src/Components/Concerns/CanBeHidden.php(270): Filament/Schemas/Schema->Filament/Schemas/Concerns/{closure}()
#6 D:/DS-TI/CRM-DIMSUM/opm-digemid/vendor/filament/schemas/src/Concerns/HasState.php(452): Filament/Schemas/Components/Component::withVisibilityCache(Object(Closure))
#7 D:/DS-TI/CRM-DIMSUM/opm-digemid/app/Filament/Pages/Ventas/HistoricoVentas.php(155): Filament/Schemas/Schema->getState()
#8 D:/DS-TI/CRM-DIMSUM/opm-digemid/app/Filament/Pages/Ventas/HistoricoVentas.php(150): App/Filament/Pages/Ventas/HistoricoVentas->query()
#9 D:/DS-TI/CRM-DIMSUM/opm-digemid/resources/views/filament/pages/ventas/partials/historico-tabla.blade.php(1): App/Filament/Pages/Ventas/HistoricoVentas->rows()
#10 D:/DS-TI/CRM-DIMSUM/opm-digemid/vendor/livewire/livewire/src/Mechanisms/ExtendBlade/ExtendedCompilerEngine.php(37): include('D://DS-TI//CRM-DI...')
#11 D:/DS-TI/CRM-DIMSUM/opm-digemid/vendor/livewire/livewire/src/Mechanisms/ExtendBlade/ExtendedCompilerEngine.php(38): App/Filament/Pages/Ventas/HistoricoVentas->Livewire/Mechanisms/ExtendBlade/{closure}()
#12 D:/DS-TI/CRM-DIMSUM/opm-digemid/vendor/laravel/framework/src/Illuminate/View/Engines/CompilerEngine.php(75): Livewire/Mechanisms/ExtendBlade/ExtendedCompilerEngine->evaluatePath('D://DS-TI//CRM-DI...', Array)
#13 D:/DS-TI/CRM-DIMSUM/opm-digemid/vendor/livewire/livewire/src/Mechanisms/ExtendBlade/ExtendedCompilerEngine.php(16): Illuminate/View/Engines/CompilerEngine->get('D://DS-TI//CRM-DI...', Array)
#14 D:/DS-TI/CRM-DIMSUM/opm-digemid/vendor/laravel/framework/src/Illuminate/View/View.php(209): Livewire/Mechanisms/ExtendBlade/ExtendedCompilerEngine->get('D://DS-TI//CRM-DI...', Array)
#15 D:/DS-TI/CRM-DIMSUM/opm-digemid/vendor/laravel/framework/src/Illuminate/View/View.php(192): Illuminate/View/View->getContents()
#16 D:/DS-TI/CRM-DIMSUM/opm-digemid/vendor/laravel/framework/src/Illuminate/View/View.php(161): Illuminate/View/View->renderContents()
#17 D:/DS-TI/CRM-DIMSUM/opm-digemid/resources/views/filament/pages/ventas/historico.blade.php(28): Illuminate/View/View->render()
#18 D:/DS-TI/CRM-DIMSUM/opm-digemid/vendor/livewire/livewire/src/Mechanisms/ExtendBlade/ExtendedCompilerEngine.php(37): include('D://DS-TI//CRM-DI...')
#19 D:/DS-TI/CRM-DIMSUM/opm-digemid/vendor/livewire/livewire/src/Mechanisms/ExtendBlade/ExtendedCompilerEngine.php(38): App/Filament/Pages/Ventas/HistoricoVentas->Livewire/Mechanisms/ExtendBlade/{closure}()
#20 D:/DS-TI/CRM-DIMSUM/opm-digemid/vendor/laravel/framework/src/Illuminate/View/Engines/CompilerEngine.php(75): Livewire/Mechanisms/ExtendBlade/ExtendedCompilerEngine->evaluatePath('D://DS-TI//CRM-DI...', Array)
#21 D:/DS-TI/CRM-DIMSUM/opm-digemid/vendor/livewire/livewire/src/Mechanisms/ExtendBlade/ExtendedCompilerEngine.php(16): Illuminate/View/Engines/CompilerEngine->get('D://DS-TI//CRM-DI...', Array)
#22 D:/DS-TI/CRM-DIMSUM/opm-digemid/vendor/laravel/framework/src/Illuminate/View/View.php(209): Livewire/Mechanisms/ExtendBlade/ExtendedCompilerEngine->get('D://DS-TI//CRM-DI...', Array)
#23 D:/DS-TI/CRM-DIMSUM/opm-digemid/vendor/laravel/framework/src/Illuminate/View/View.php(192): Illuminate/View/View->getContents()
#24 D:/DS-TI/CRM-DIMSUM/opm-digemid/vendor/laravel/framework/src/Illuminate/View/View.php(161): Illuminate/View/View->renderContents()
#25 D:/DS-TI/CRM-DIMSUM/opm-digemid/vendor/livewire/livewire/src/Mechanisms/HandleComponents/HandleComponents.php(417): Illuminate/View/View->render(Object(Closure))
#26 D:/DS-TI/CRM-DIMSUM/opm-digemid/vendor/livewire/livewire/src/Mechanisms/HandleComponents/HandleComponents.php(468): Livewire/Mechanisms/HandleComponents/HandleComponents->Livewire/Mechanisms/HandleComponents/{closure}()
#27 D:/DS-TI/CRM-DIMSUM/opm-digemid/vendor/livewire/livewire/src/Mechanisms/HandleComponents/HandleComponents.php(409): Livewire/Mechanisms/HandleComponents/HandleComponents->trackInRenderStack(Object(App/Filament/Pages/Ventas/HistoricoVentas), Object(Closure))
#28 D:/DS-TI/CRM-DIMSUM/opm-digemid/vendor/livewire/livewire/src/Mechanisms/HandleComponents/HandleComponents.php(245): Livewire/Mechanisms/HandleComponents/HandleComponents->render(Object(App/Filament/Pages/Ventas/HistoricoVentas))
#29 D:/DS-TI/CRM-DIMSUM/opm-digemid/vendor/livewire/livewire/src/LivewireManager.php(131): Livewire/Mechanisms/HandleComponents/HandleComponents->update(Array, Array, Array)
#30 D:/DS-TI/CRM-DIMSUM/opm-digemid/vendor/livewire/livewire/src/Mechanisms/HandleRequests/HandleRequests.php(205): Livewire/LivewireManager->update(Array, Array, Array)
#31 D:/DS-TI/CRM-DIMSUM/opm-digemid/vendor/laravel/framework/src/Illuminate/Routing/ControllerDispatcher.php(47): Livewire/Mechanisms/HandleRequests/HandleRequests->handleUpdate()
#32 D:/DS-TI/CRM-DIMSUM/opm-digemid/vendor/laravel/framework/src/Illuminate/Routing/Route.php(266): Illuminate/Routing/ControllerDispatcher->dispatch(Object(Illuminate/Routing/Route), Object(Livewire/Mechanisms/HandleRequests/HandleRequests), 'handleUpdate')
#33 D:/DS-TI/CRM-DIMSUM/opm-digemid/vendor/laravel/framework/src/Illuminate/Routing/Route.php(212): Illuminate/Routing/Route->runController()
#34 D:/DS-TI/CRM-DIMSUM/opm-digemid/vendor/laravel/framework/src/Illuminate/Routing/Router.php(808): Illuminate/Routing/Route->run()
#35 D:/DS-TI/CRM-DIMSUM/opm-digemid/vendor/laravel/framework/src/Illuminate/Pipeline/Pipeline.php(170): Illuminate/Routing/Router->Illuminate/Routing/{closure}(Object(Illuminate/Http/Request))
#36 D:/DS-TI/CRM-DIMSUM/opm-digemid/vendor/livewire/livewire/src/Mechanisms/HandleRequests/RequireLivewireHeaders.php(19): Illuminate/Pipeline/Pipeline->Illuminate/Pipeline/{closure}(Object(Illuminate/Http/Request))
#37 D:/DS-TI/CRM-DIMSUM/opm-digemid/vendor/laravel/framework/src/Illuminate/Pipeline/Pipeline.php(209): Livewire/Mechanisms/HandleRequests/RequireLivewireHeaders->handle(Object(Illuminate/Http/Request), Object(Closure))
#38 D:/DS-TI/CRM-DIMSUM/opm-digemid/vendor/laravel/framework/src/Illuminate/Routing/Middleware/SubstituteBindings.php(51): Illuminate/Pipeline/Pipeline->Illuminate/Pipeline/{closure}(Object(Illuminate/Http/Request))
#39 D:/DS-TI/CRM-DIMSUM/opm-digemid/vendor/laravel/framework/src/Illuminate/Pipeline/Pipeline.php(209): Illuminate/Routing/Middleware/SubstituteBindings->handle(Object(Illuminate/Http/Request), Object(Closure))
#40 D:/DS-TI/CRM-DIMSUM/opm-digemid/vendor/laravel/framework/src/Illuminate/Foundation/Http/Middleware/VerifyCsrfToken.php(88): Illuminate/Pipeline/Pipeline->Illuminate/Pipeline/{closure}(Object(Illuminate/Http/Request))
#41 D:/DS-TI/CRM-DIMSUM/opm-digemid/vendor/laravel/framework/src/Illuminate/Pipeline/Pipeline.php(209): Illuminate/Foundation/Http/Middleware/VerifyCsrfToken->handle(Object(Illuminate/Http/Request), Object(Closure))
#42 D:/DS-TI/CRM-DIMSUM/opm-digemid/vendor/laravel/framework/src/Illuminate/View/Middleware/ShareErrorsFromSession.php(49): Illuminate/Pipeline/Pipeline->Illuminate/Pipeline/{closure}(Object(Illuminate/Http/Request))
#43 D:/DS-TI/CRM-DIMSUM/opm-digemid/vendor/laravel/framework/src/Illuminate/Pipeline/Pipeline.php(209): Illuminate/View/Middleware/ShareErrorsFromSession->handle(Object(Illuminate/Http/Request), Object(Closure))
#44 D:/DS-TI/CRM-DIMSUM/opm-digemid/vendor/laravel/framework/src/Illuminate/Session/Middleware/StartSession.php(121): Illuminate/Pipeline/Pipeline->Illuminate/Pipeline/{closure}(Object(Illuminate/Http/Request))
#45 D:/DS-TI/CRM-DIMSUM/opm-digemid/vendor/laravel/framework/src/Illuminate/Session/Middleware/StartSession.php(64): Illuminate/Session/Middleware/StartSession->handleStatefulRequest(Object(Illuminate/Http/Request), Object(Illuminate/Session/Store), Object(Closure))
#46 D:/DS-TI/CRM-DIMSUM/opm-digemid/vendor/laravel/framework/src/Illuminate/Pipeline/Pipeline.php(209): Illuminate/Session/Middleware/StartSession->handle(Object(Illuminate/Http/Request), Object(Closure))
#47 D:/DS-TI/CRM-DIMSUM/opm-digemid/vendor/laravel/framework/src/Illuminate/Cookie/Middleware/AddQueuedCookiesToResponse.php(37): Illuminate/Pipeline/Pipeline->Illuminate/Pipeline/{closure}(Object(Illuminate/Http/Request))
#48 D:/DS-TI/CRM-DIMSUM/opm-digemid/vendor/laravel/framework/src/Illuminate/Pipeline/Pipeline.php(209): Illuminate/Cookie/Middleware/AddQueuedCookiesToResponse->handle(Object(Illuminate/Http/Request), Object(Closure))
#49 D:/DS-TI/CRM-DIMSUM/opm-digemid/vendor/laravel/framework/src/Illuminate/Cookie/Middleware/EncryptCookies.php(75): Illuminate/Pipeline/Pipeline->Illuminate/Pipeline/{closure}(Object(Illuminate/Http/Request))
#50 D:/DS-TI/CRM-DIMSUM/opm-digemid/vendor/laravel/framework/src/Illuminate/Pipeline/Pipeline.php(209): Illuminate/Cookie/Middleware/EncryptCookies->handle(Object(Illuminate/Http/Request), Object(Closure))
#51 D:/DS-TI/CRM-DIMSUM/opm-digemid/vendor/laravel/framework/src/Illuminate/Pipeline/Pipeline.php(127): Illuminate/Pipeline/Pipeline->Illuminate/Pipeline/{closure}(Object(Illuminate/Http/Request))
#52 D:/DS-TI/CRM-DIMSUM/opm-digemid/vendor/laravel/framework/src/Illuminate/Routing/Router.php(807): Illuminate/Pipeline/Pipeline->then(Object(Closure))
#53 D:/DS-TI/CRM-DIMSUM/opm-digemid/vendor/laravel/framework/src/Illuminate/Routing/Router.php(786): Illuminate/Routing/Router->runRouteWithinStack(Object(Illuminate/Routing/Route), Object(Illuminate/Http/Request))
#54 D:/DS-TI/CRM-DIMSUM/opm-digemid/vendor/laravel/framework/src/Illuminate/Routing/Router.php(750): Illuminate/Routing/Router->runRoute(Object(Illuminate/Http/Request), Object(Illuminate/Routing/Route))
#55 D:/DS-TI/CRM-DIMSUM/opm-digemid/vendor/laravel/framework/src/Illuminate/Routing/Router.php(739): Illuminate/Routing/Router->dispatchToRoute(Object(Illuminate/Http/Request))
#56 D:/DS-TI/CRM-DIMSUM/opm-digemid/vendor/laravel/framework/src/Illuminate/Foundation/Http/Kernel.php(201): Illuminate/Routing/Router->dispatch(Object(Illuminate/Http/Request))
#57 D:/DS-TI/CRM-DIMSUM/opm-digemid/vendor/laravel/framework/src/Illuminate/Pipeline/Pipeline.php(170): Illuminate/Foundation/Http/Kernel->Illuminate/Foundation/Http/{closure}(Object(Illuminate/Http/Request))
#58 D:/DS-TI/CRM-DIMSUM/opm-digemid/vendor/livewire/livewire/src/Features/SupportDisablingBackButtonCache/DisableBackButtonCacheMiddleware.php(19): Illuminate/Pipeline/Pipeline->Illuminate/Pipeline/{closure}(Object(Illuminate/Http/Request))
#59 D:/DS-TI/CRM-DIMSUM/opm-digemid/vendor/laravel/framework/src/Illuminate/Pipeline/Pipeline.php(209): Livewire/Features/SupportDisablingBackButtonCache/DisableBackButtonCacheMiddleware->handle(Object(Illuminate/Http/Request), Object(Closure))
#60 D:/DS-TI/CRM-DIMSUM/opm-digemid/app/Http/Middleware/SecurityHeaders.php(13): Illuminate/Pipeline/Pipeline->Illuminate/Pipeline/{closure}(Object(Illuminate/Http/Request))
#61 D:/DS-TI/CRM-DIMSUM/opm-digemid/vendor/laravel/framework/src/Illuminate/Pipeline/Pipeline.php(209): App/Http/Middleware/SecurityHeaders->handle(Object(Illuminate/Http/Request), Object(Closure))
#62 D:/DS-TI/CRM-DIMSUM/opm-digemid/vendor/laravel/framework/src/Illuminate/Foundation/Http/Middleware/ConvertEmptyStringsToNull.php(27): Illuminate/Pipeline/Pipeline->Illuminate/Pipeline/{closure}(Object(Illuminate/Http/Request))
#63 D:/DS-TI/CRM-DIMSUM/opm-digemid/vendor/laravel/framework/src/Illuminate/Pipeline/Pipeline.php(209): Illuminate/Foundation/Http/Middleware/ConvertEmptyStringsToNull->handle(Object(Illuminate/Http/Request), Object(Closure))
#64 D:/DS-TI/CRM-DIMSUM/opm-digemid/vendor/laravel/framework/src/Illuminate/Foundation/Http/Middleware/TrimStrings.php(47): Illuminate/Pipeline/Pipeline->Illuminate/Pipeline/{closure}(Object(Illuminate/Http/Request))
#65 D:/DS-TI/CRM-DIMSUM/opm-digemid/vendor/laravel/framework/src/Illuminate/Pipeline/Pipeline.php(209): Illuminate/Foundation/Http/Middleware/TrimStrings->handle(Object(Illuminate/Http/Request), Object(Closure))
#66 D:/DS-TI/CRM-DIMSUM/opm-digemid/vendor/laravel/framework/src/Illuminate/Http/Middleware/ValidatePostSize.php(27): Illuminate/Pipeline/Pipeline->Illuminate/Pipeline/{closure}(Object(Illuminate/Http/Request))
#67 D:/DS-TI/CRM-DIMSUM/opm-digemid/vendor/laravel/framework/src/Illuminate/Pipeline/Pipeline.php(209): Illuminate/Http/Middleware/ValidatePostSize->handle(Object(Illuminate/Http/Request), Object(Closure))
#68 D:/DS-TI/CRM-DIMSUM/opm-digemid/vendor/laravel/framework/src/Illuminate/Foundation/Http/Middleware/PreventRequestsDuringMaintenance.php(110): Illuminate/Pipeline/Pipeline->Illuminate/Pipeline/{closure}(Object(Illuminate/Http/Request))
#69 D:/DS-TI/CRM-DIMSUM/opm-digemid/vendor/laravel/framework/src/Illuminate/Pipeline/Pipeline.php(209): Illuminate/Foundation/Http/Middleware/PreventRequestsDuringMaintenance->handle(Object(Illuminate/Http/Request), Object(Closure))
#70 D:/DS-TI/CRM-DIMSUM/opm-digemid/vendor/laravel/framework/src/Illuminate/Http/Middleware/HandleCors.php(49): Illuminate/Pipeline/Pipeline->Illuminate/Pipeline/{closure}(Object(Illuminate/Http/Request))
#71 D:/DS-TI/CRM-DIMSUM/opm-digemid/vendor/laravel/framework/src/Illuminate/Pipeline/Pipeline.php(209): Illuminate/Http/Middleware/HandleCors->handle(Object(Illuminate/Http/Request), Object(Closure))
#72 D:/DS-TI/CRM-DIMSUM/opm-digemid/vendor/laravel/framework/src/Illuminate/Http/Middleware/TrustProxies.php(58): Illuminate/Pipeline/Pipeline->Illuminate/Pipeline/{closure}(Object(Illuminate/Http/Request))
#73 D:/DS-TI/CRM-DIMSUM/opm-digemid/vendor/laravel/framework/src/Illuminate/Pipeline/Pipeline.php(209): Illuminate/Http/Middleware/TrustProxies->handle(Object(Illuminate/Http/Request), Object(Closure))
#74 D:/DS-TI/CRM-DIMSUM/opm-digemid/vendor/laravel/framework/src/Illuminate/Foundation/Http/Middleware/InvokeDeferredCallbacks.php(22): Illuminate/Pipeline/Pipeline->Illuminate/Pipeline/{closure}(Object(Illuminate/Http/Request))
#75 D:/DS-TI/CRM-DIMSUM/opm-digemid/vendor/laravel/framework/src/Illuminate/Pipeline/Pipeline.php(209): Illuminate/Foundation/Http/Middleware/InvokeDeferredCallbacks->handle(Object(Illuminate/Http/Request), Object(Closure))
#76 D:/DS-TI/CRM-DIMSUM/opm-digemid/vendor/laravel/framework/src/Illuminate/Pipeline/Pipeline.php(127): Illuminate/Pipeline/Pipeline->Illuminate/Pipeline/{closure}(Object(Illuminate/Http/Request))
#77 D:/DS-TI/CRM-DIMSUM/opm-digemid/vendor/laravel/framework/src/Illuminate/Foundation/Http/Kernel.php(176): Illuminate/Pipeline/Pipeline->then(Object(Closure))
#78 D:/DS-TI/CRM-DIMSUM/opm-digemid/vendor/laravel/framework/src/Illuminate/Foundation/Http/Kernel.php(145): Illuminate/Foundation/Http/Kernel->sendRequestThroughRouter(Object(Illuminate/Http/Request))
#79 D:/DS-TI/CRM-DIMSUM/opm-digemid/vendor/laravel/framework/src/Illuminate/Foundation/Application.php(1220): Illuminate/Foundation/Http/Kernel->handle(Object(Illuminate/Http/Request))
#80 D:/DS-TI/CRM-DIMSUM/opm-digemid/public/index.php(17): Illuminate/Foundation/Application->handleRequest(Object(Illuminate/Http/Request))
#81 D:/DS-TI/CRM-DIMSUM/opm-digemid/vendor/laravel/framework/src/Illuminate/Foundation/resources/server.php(23): require_once('D://DS-TI//CRM-DI...')
#82 {main}

[previous exception] [object] (Illuminate\\Validation\\ValidationException(code: 0): The selected comprobante is invalid. at D:/DS-TI/CRM-DIMSUM/opm-digemid/vendor/laravel/framework/src/Illuminate/Support/helpers.php:423)
[stacktrace]
#0 D:/DS-TI/CRM-DIMSUM/opm-digemid/vendor/laravel/framework/src/Illuminate/Validation/Validator.php(558): throw_if(true, 'Illuminate//Vali...', Object(Illuminate/Validation/Validator))
#1 D:/DS-TI/CRM-DIMSUM/opm-digemid/vendor/livewire/livewire/src/Features/SupportValidation/HandlesValidation.php(266): Illuminate/Validation/Validator->validate()
#2 D:/DS-TI/CRM-DIMSUM/opm-digemid/vendor/filament/schemas/src/Concerns/InteractsWithSchemas.php(358): Livewire/Component->validate(Array, Array, Array)
#3 D:/DS-TI/CRM-DIMSUM/opm-digemid/vendor/filament/schemas/src/Concerns/CanBeValidated.php(130): Filament/Pages/BasePage->validate(Array, Array, Array)
#4 D:/DS-TI/CRM-DIMSUM/opm-digemid/vendor/filament/schemas/src/Concerns/HasState.php(453): Filament/Schemas/Schema->validate()
#5 D:/DS-TI/CRM-DIMSUM/opm-digemid/vendor/filament/schemas/src/Components/Concerns/CanBeHidden.php(270): Filament/Schemas/Schema->Filament/Schemas/Concerns/{closure}()
#6 D:/DS-TI/CRM-DIMSUM/opm-digemid/vendor/filament/schemas/src/Concerns/HasState.php(452): Filament/Schemas/Components/Component::withVisibilityCache(Object(Closure))
#7 D:/DS-TI/CRM-DIMSUM/opm-digemid/app/Filament/Pages/Ventas/HistoricoVentas.php(155): Filament/Schemas/Schema->getState()
#8 D:/DS-TI/CRM-DIMSUM/opm-digemid/app/Filament/Pages/Ventas/HistoricoVentas.php(150): App/Filament/Pages/Ventas/HistoricoVentas->query()
#9 D:/DS-TI/CRM-DIMSUM/opm-digemid/storage/framework/views/f0aa5f32ef4051a12a6ffab18c67af57.php(1): App/Filament/Pages/Ventas/HistoricoVentas->rows()
#10 D:/DS-TI/CRM-DIMSUM/opm-digemid/vendor/livewire/livewire/src/Mechanisms/ExtendBlade/ExtendedCompilerEngine.php(37): include('D://DS-TI//CRM-DI...')
#11 D:/DS-TI/CRM-DIMSUM/opm-digemid/vendor/livewire/livewire/src/Mechanisms/ExtendBlade/ExtendedCompilerEngine.php(38): App/Filament/Pages/Ventas/HistoricoVentas->Livewire/Mechanisms/ExtendBlade/{closure}()
#12 D:/DS-TI/CRM-DIMSUM/opm-digemid/vendor/laravel/framework/src/Illuminate/View/Engines/CompilerEngine.php(75): Livewire/Mechanisms/ExtendBlade/ExtendedCompilerEngine->evaluatePath('D://DS-TI//CRM-DI...', Array)
#13 D:/DS-TI/CRM-DIMSUM/opm-digemid/vendor/livewire/livewire/src/Mechanisms/ExtendBlade/ExtendedCompilerEngine.php(16): Illuminate/View/Engines/CompilerEngine->get('D://DS-TI//CRM-DI...', Array)
#14 D:/DS-TI/CRM-DIMSUM/opm-digemid/vendor/laravel/framework/src/Illuminate/View/View.php(209): Livewire/Mechanisms/ExtendBlade/ExtendedCompilerEngine->get('D://DS-TI//CRM-DI...', Array)
#15 D:/DS-TI/CRM-DIMSUM/opm-digemid/vendor/laravel/framework/src/Illuminate/View/View.php(192): Illuminate/View/View->getContents()
#16 D:/DS-TI/CRM-DIMSUM/opm-digemid/vendor/laravel/framework/src/Illuminate/View/View.php(161): Illuminate/View/View->renderContents()
#17 D:/DS-TI/CRM-DIMSUM/opm-digemid/storage/framework/views/e4b023debb6b9caedfd1dad76b7a9c63.php(111): Illuminate/View/View->render()
#18 D:/DS-TI/CRM-DIMSUM/opm-digemid/vendor/livewire/livewire/src/Mechanisms/ExtendBlade/ExtendedCompilerEngine.php(37): include('D://DS-TI//CRM-DI...')
#19 D:/DS-TI/CRM-DIMSUM/opm-digemid/vendor/livewire/livewire/src/Mechanisms/ExtendBlade/ExtendedCompilerEngine.php(38): App/Filament/Pages/Ventas/HistoricoVentas->Livewire/Mechanisms/ExtendBlade/{closure}()
#20 D:/DS-TI/CRM-DIMSUM/opm-digemid/vendor/laravel/framework/src/Illuminate/View/Engines/CompilerEngine.php(75): Livewire/Mechanisms/ExtendBlade/ExtendedCompilerEngine->evaluatePath('D://DS-TI//CRM-DI...', Array)
#21 D:/DS-TI/CRM-DIMSUM/opm-digemid/vendor/livewire/livewire/src/Mechanisms/ExtendBlade/ExtendedCompilerEngine.php(16): Illuminate/View/Engines/CompilerEngine->get('D://DS-TI//CRM-DI...', Array)
#22 D:/DS-TI/CRM-DIMSUM/opm-digemid/vendor/laravel/framework/src/Illuminate/View/View.php(209): Livewire/Mechanisms/ExtendBlade/ExtendedCompilerEngine->get('D://DS-TI//CRM-DI...', Array)
#23 D:/DS-TI/CRM-DIMSUM/opm-digemid/vendor/laravel/framework/src/Illuminate/View/View.php(192): Illuminate/View/View->getContents()
#24 D:/DS-TI/CRM-DIMSUM/opm-digemid/vendor/laravel/framework/src/Illuminate/View/View.php(161): Illuminate/View/View->renderContents()
#25 D:/DS-TI/CRM-DIMSUM/opm-digemid/vendor/livewire/livewire/src/Mechanisms/HandleComponents/HandleComponents.php(417): Illuminate/View/View->render(Object(Closure))
#26 D:/DS-TI/CRM-DIMSUM/opm-digemid/vendor/livewire/livewire/src/Mechanisms/HandleComponents/HandleComponents.php(468): Livewire/Mechanisms/HandleComponents/HandleComponents->Livewire/Mechanisms/HandleComponents/{closure}()
#27 D:/DS-TI/CRM-DIMSUM/opm-digemid/vendor/livewire/livewire/src/Mechanisms/HandleComponents/HandleComponents.php(409): Livewire/Mechanisms/HandleComponents/HandleComponents->trackInRenderStack(Object(App/Filament/Pages/Ventas/HistoricoVentas), Object(Closure))
#28 D:/DS-TI/CRM-DIMSUM/opm-digemid/vendor/livewire/livewire/src/Mechanisms/HandleComponents/HandleComponents.php(245): Livewire/Mechanisms/HandleComponents/HandleComponents->render(Object(App/Filament/Pages/Ventas/HistoricoVentas))
#29 D:/DS-TI/CRM-DIMSUM/opm-digemid/vendor/livewire/livewire/src/LivewireManager.php(131): Livewire/Mechanisms/HandleComponents/HandleComponents->update(Array, Array, Array)
#30 D:/DS-TI/CRM-DIMSUM/opm-digemid/vendor/livewire/livewire/src/Mechanisms/HandleRequests/HandleRequests.php(205): Livewire/LivewireManager->update(Array, Array, Array)
#31 D:/DS-TI/CRM-DIMSUM/opm-digemid/vendor/laravel/framework/src/Illuminate/Routing/ControllerDispatcher.php(47): Livewire/Mechanisms/HandleRequests/HandleRequests->handleUpdate()
#32 D:/DS-TI/CRM-DIMSUM/opm-digemid/vendor/laravel/framework/src/Illuminate/Routing/Route.php(266): Illuminate/Routing/ControllerDispatcher->dispatch(Object(Illuminate/Routing/Route), Object(Livewire/Mechanisms/HandleRequests/HandleRequests), 'handleUpdate')
#33 D:/DS-TI/CRM-DIMSUM/opm-digemid/vendor/laravel/framework/src/Illuminate/Routing/Route.php(212): Illuminate/Routing/Route->runController()
#34 D:/DS-TI/CRM-DIMSUM/opm-digemid/vendor/laravel/framework/src/Illuminate/Routing/Router.php(808): Illuminate/Routing/Route->run()
#35 D:/DS-TI/CRM-DIMSUM/opm-digemid/vendor/laravel/framework/src/Illuminate/Pipeline/Pipeline.php(170): Illuminate/Routing/Router->Illuminate/Routing/{closure}(Object(Illuminate/Http/Request))
#36 D:/DS-TI/CRM-DIMSUM/opm-digemid/vendor/livewire/livewire/src/Mechanisms/HandleRequests/RequireLivewireHeaders.php(19): Illuminate/Pipeline/Pipeline->Illuminate/Pipeline/{closure}(Object(Illuminate/Http/Request))
#37 D:/DS-TI/CRM-DIMSUM/opm-digemid/vendor/laravel/framework/src/Illuminate/Pipeline/Pipeline.php(209): Livewire/Mechanisms/HandleRequests/RequireLivewireHeaders->handle(Object(Illuminate/Http/Request), Object(Closure))
#38 D:/DS-TI/CRM-DIMSUM/opm-digemid/vendor/laravel/framework/src/Illuminate/Routing/Middleware/SubstituteBindings.php(51): Illuminate/Pipeline/Pipeline->Illuminate/Pipeline/{closure}(Object(Illuminate/Http/Request))
#39 D:/DS-TI/CRM-DIMSUM/opm-digemid/vendor/laravel/framework/src/Illuminate/Pipeline/Pipeline.php(209): Illuminate/Routing/Middleware/SubstituteBindings->handle(Object(Illuminate/Http/Request), Object(Closure))
#40 D:/DS-TI/CRM-DIMSUM/opm-digemid/vendor/laravel/framework/src/Illuminate/Foundation/Http/Middleware/VerifyCsrfToken.php(88): Illuminate/Pipeline/Pipeline->Illuminate/Pipeline/{closure}(Object(Illuminate/Http/Request))
#41 D:/DS-TI/CRM-DIMSUM/opm-digemid/vendor/laravel/framework/src/Illuminate/Pipeline/Pipeline.php(209): Illuminate/Foundation/Http/Middleware/VerifyCsrfToken->handle(Object(Illuminate/Http/Request), Object(Closure))
#42 D:/DS-TI/CRM-DIMSUM/opm-digemid/vendor/laravel/framework/src/Illuminate/View/Middleware/ShareErrorsFromSession.php(49): Illuminate/Pipeline/Pipeline->Illuminate/Pipeline/{closure}(Object(Illuminate/Http/Request))
#43 D:/DS-TI/CRM-DIMSUM/opm-digemid/vendor/laravel/framework/src/Illuminate/Pipeline/Pipeline.php(209): Illuminate/View/Middleware/ShareErrorsFromSession->handle(Object(Illuminate/Http/Request), Object(Closure))
#44 D:/DS-TI/CRM-DIMSUM/opm-digemid/vendor/laravel/framework/src/Illuminate/Session/Middleware/StartSession.php(121): Illuminate/Pipeline/Pipeline->Illuminate/Pipeline/{closure}(Object(Illuminate/Http/Request))
#45 D:/DS-TI/CRM-DIMSUM/opm-digemid/vendor/laravel/framework/src/Illuminate/Session/Middleware/StartSession.php(64): Illuminate/Session/Middleware/StartSession->handleStatefulRequest(Object(Illuminate/Http/Request), Object(Illuminate/Session/Store), Object(Closure))
#46 D:/DS-TI/CRM-DIMSUM/opm-digemid/vendor/laravel/framework/src/Illuminate/Pipeline/Pipeline.php(209): Illuminate/Session/Middleware/StartSession->handle(Object(Illuminate/Http/Request), Object(Closure))
#47 D:/DS-TI/CRM-DIMSUM/opm-digemid/vendor/laravel/framework/src/Illuminate/Cookie/Middleware/AddQueuedCookiesToResponse.php(37): Illuminate/Pipeline/Pipeline->Illuminate/Pipeline/{closure}(Object(Illuminate/Http/Request))
#48 D:/DS-TI/CRM-DIMSUM/opm-digemid/vendor/laravel/framework/src/Illuminate/Pipeline/Pipeline.php(209): Illuminate/Cookie/Middleware/AddQueuedCookiesToResponse->handle(Object(Illuminate/Http/Request), Object(Closure))
#49 D:/DS-TI/CRM-DIMSUM/opm-digemid/vendor/laravel/framework/src/Illuminate/Cookie/Middleware/EncryptCookies.php(75): Illuminate/Pipeline/Pipeline->Illuminate/Pipeline/{closure}(Object(Illuminate/Http/Request))
#50 D:/DS-TI/CRM-DIMSUM/opm-digemid/vendor/laravel/framework/src/Illuminate/Pipeline/Pipeline.php(209): Illuminate/Cookie/Middleware/EncryptCookies->handle(Object(Illuminate/Http/Request), Object(Closure))
#51 D:/DS-TI/CRM-DIMSUM/opm-digemid/vendor/laravel/framework/src/Illuminate/Pipeline/Pipeline.php(127): Illuminate/Pipeline/Pipeline->Illuminate/Pipeline/{closure}(Object(Illuminate/Http/Request))
#52 D:/DS-TI/CRM-DIMSUM/opm-digemid/vendor/laravel/framework/src/Illuminate/Routing/Router.php(807): Illuminate/Pipeline/Pipeline->then(Object(Closure))
#53 D:/DS-TI/CRM-DIMSUM/opm-digemid/vendor/laravel/framework/src/Illuminate/Routing/Router.php(786): Illuminate/Routing/Router->runRouteWithinStack(Object(Illuminate/Routing/Route), Object(Illuminate/Http/Request))
#54 D:/DS-TI/CRM-DIMSUM/opm-digemid/vendor/laravel/framework/src/Illuminate/Routing/Router.php(750): Illuminate/Routing/Router->runRoute(Object(Illuminate/Http/Request), Object(Illuminate/Routing/Route))
#55 D:/DS-TI/CRM-DIMSUM/opm-digemid/vendor/laravel/framework/src/Illuminate/Routing/Router.php(739): Illuminate/Routing/Router->dispatchToRoute(Object(Illuminate/Http/Request))
#56 D:/DS-TI/CRM-DIMSUM/opm-digemid/vendor/laravel/framework/src/Illuminate/Foundation/Http/Kernel.php(201): Illuminate/Routing/Router->dispatch(Object(Illuminate/Http/Request))
#57 D:/DS-TI/CRM-DIMSUM/opm-digemid/vendor/laravel/framework/src/Illuminate/Pipeline/Pipeline.php(170): Illuminate/Foundation/Http/Kernel->Illuminate/Foundation/Http/{closure}(Object(Illuminate/Http/Request))
#58 D:/DS-TI/CRM-DIMSUM/opm-digemid/vendor/livewire/livewire/src/Features/SupportDisablingBackButtonCache/DisableBackButtonCacheMiddleware.php(19): Illuminate/Pipeline/Pipeline->Illuminate/Pipeline/{closure}(Object(Illuminate/Http/Request))
#59 D:/DS-TI/CRM-DIMSUM/opm-digemid/vendor/laravel/framework/src/Illuminate/Pipeline/Pipeline.php(209): Livewire/Features/SupportDisablingBackButtonCache/DisableBackButtonCacheMiddleware->handle(Object(Illuminate/Http/Request), Object(Closure))
#60 D:/DS-TI/CRM-DIMSUM/opm-digemid/app/Http/Middleware/SecurityHeaders.php(13): Illuminate/Pipeline/Pipeline->Illuminate/Pipeline/{closure}(Object(Illuminate/Http/Request))
#61 D:/DS-TI/CRM-DIMSUM/opm-digemid/vendor/laravel/framework/src/Illuminate/Pipeline/Pipeline.php(209): App/Http/Middleware/SecurityHeaders->handle(Object(Illuminate/Http/Request), Object(Closure))
#62 D:/DS-TI/CRM-DIMSUM/opm-digemid/vendor/laravel/framework/src/Illuminate/Foundation/Http/Middleware/ConvertEmptyStringsToNull.php(27): Illuminate/Pipeline/Pipeline->Illuminate/Pipeline/{closure}(Object(Illuminate/Http/Request))
#63 D:/DS-TI/CRM-DIMSUM/opm-digemid/vendor/laravel/framework/src/Illuminate/Pipeline/Pipeline.php(209): Illuminate/Foundation/Http/Middleware/ConvertEmptyStringsToNull->handle(Object(Illuminate/Http/Request), Object(Closure))
#64 D:/DS-TI/CRM-DIMSUM/opm-digemid/vendor/laravel/framework/src/Illuminate/Foundation/Http/Middleware/TrimStrings.php(47): Illuminate/Pipeline/Pipeline->Illuminate/Pipeline/{closure}(Object(Illuminate/Http/Request))
#65 D:/DS-TI/CRM-DIMSUM/opm-digemid/vendor/laravel/framework/src/Illuminate/Pipeline/Pipeline.php(209): Illuminate/Foundation/Http/Middleware/TrimStrings->handle(Object(Illuminate/Http/Request), Object(Closure))
#66 D:/DS-TI/CRM-DIMSUM/opm-digemid/vendor/laravel/framework/src/Illuminate/Http/Middleware/ValidatePostSize.php(27): Illuminate/Pipeline/Pipeline->Illuminate/Pipeline/{closure}(Object(Illuminate/Http/Request))
#67 D:/DS-TI/CRM-DIMSUM/opm-digemid/vendor/laravel/framework/src/Illuminate/Pipeline/Pipeline.php(209): Illuminate/Http/Middleware/ValidatePostSize->handle(Object(Illuminate/Http/Request), Object(Closure))
#68 D:/DS-TI/CRM-DIMSUM/opm-digemid/vendor/laravel/framework/src/Illuminate/Foundation/Http/Middleware/PreventRequestsDuringMaintenance.php(110): Illuminate/Pipeline/Pipeline->Illuminate/Pipeline/{closure}(Object(Illuminate/Http/Request))
#69 D:/DS-TI/CRM-DIMSUM/opm-digemid/vendor/laravel/framework/src/Illuminate/Pipeline/Pipeline.php(209): Illuminate/Foundation/Http/Middleware/PreventRequestsDuringMaintenance->handle(Object(Illuminate/Http/Request), Object(Closure))
#70 D:/DS-TI/CRM-DIMSUM/opm-digemid/vendor/laravel/framework/src/Illuminate/Http/Middleware/HandleCors.php(49): Illuminate/Pipeline/Pipeline->Illuminate/Pipeline/{closure}(Object(Illuminate/Http/Request))
#71 D:/DS-TI/CRM-DIMSUM/opm-digemid/vendor/laravel/framework/src/Illuminate/Pipeline/Pipeline.php(209): Illuminate/Http/Middleware/HandleCors->handle(Object(Illuminate/Http/Request), Object(Closure))
#72 D:/DS-TI/CRM-DIMSUM/opm-digemid/vendor/laravel/framework/src/Illuminate/Http/Middleware/TrustProxies.php(58): Illuminate/Pipeline/Pipeline->Illuminate/Pipeline/{closure}(Object(Illuminate/Http/Request))
#73 D:/DS-TI/CRM-DIMSUM/opm-digemid/vendor/laravel/framework/src/Illuminate/Pipeline/Pipeline.php(209): Illuminate/Http/Middleware/TrustProxies->handle(Object(Illuminate/Http/Request), Object(Closure))
#74 D:/DS-TI/CRM-DIMSUM/opm-digemid/vendor/laravel/framework/src/Illuminate/Foundation/Http/Middleware/InvokeDeferredCallbacks.php(22): Illuminate/Pipeline/Pipeline->Illuminate/Pipeline/{closure}(Object(Illuminate/Http/Request))
#75 D:/DS-TI/CRM-DIMSUM/opm-digemid/vendor/laravel/framework/src/Illuminate/Pipeline/Pipeline.php(209): Illuminate/Foundation/Http/Middleware/InvokeDeferredCallbacks->handle(Object(Illuminate/Http/Request), Object(Closure))
#76 D:/DS-TI/CRM-DIMSUM/opm-digemid/vendor/laravel/framework/src/Illuminate/Pipeline/Pipeline.php(127): Illuminate/Pipeline/Pipeline->Illuminate/Pipeline/{closure}(Object(Illuminate/Http/Request))
#77 D:/DS-TI/CRM-DIMSUM/opm-digemid/vendor/laravel/framework/src/Illuminate/Foundation/Http/Kernel.php(176): Illuminate/Pipeline/Pipeline->then(Object(Closure))
#78 D:/DS-TI/CRM-DIMSUM/opm-digemid/vendor/laravel/framework/src/Illuminate/Foundation/Http/Kernel.php(145): Illuminate/Foundation/Http/Kernel->sendRequestThroughRouter(Object(Illuminate/Http/Request))
#79 D:/DS-TI/CRM-DIMSUM/opm-digemid/vendor/laravel/framework/src/Illuminate/Foundation/Application.php(1220): Illuminate/Foundation/Http/Kernel->handle(Object(Illuminate/Http/Request))
#80 D:/DS-TI/CRM-DIMSUM/opm-digemid/public/index.php(17): Illuminate/Foundation/Application->handleRequest(Object(Illuminate/Http/Request))
#81 D:/DS-TI/CRM-DIMSUM/opm-digemid/vendor/laravel/framework/src/Illuminate/Foundation/resources/server.php(23): require_once('D://DS-TI//CRM-DI...')
#82 {main}
"} 
[2026-08-19 16:59:18] local.ERROR: The selected comprobante is invalid. {"userId":1,"exception":"[object] (Spatie\\LaravelIgnition\\Exceptions\\ViewException(code: 0): The selected comprobante is invalid. at D:/DS-TI/CRM-DIMSUM/opm-digemid/vendor/laravel/framework/src/Illuminate/Support/helpers.php:423)
[stacktrace]
#0 D:/DS-TI/CRM-DIMSUM/opm-digemid/vendor/laravel/framework/src/Illuminate/Validation/Validator.php(558): throw_if(true, 'Illuminate//Vali...', Object(Illuminate/Validation/Validator))
#1 D:/DS-TI/CRM-DIMSUM/opm-digemid/vendor/livewire/livewire/src/Features/SupportValidation/HandlesValidation.php(266): Illuminate/Validation/Validator->validate()
#2 D:/DS-TI/CRM-DIMSUM/opm-digemid/vendor/filament/schemas/src/Concerns/InteractsWithSchemas.php(358): Livewire/Component->validate(Array, Array, Array)
#3 D:/DS-TI/CRM-DIMSUM/opm-digemid/vendor/filament/schemas/src/Concerns/CanBeValidated.php(130): Filament/Pages/BasePage->validate(Array, Array, Array)
#4 D:/DS-TI/CRM-DIMSUM/opm-digemid/vendor/filament/schemas/src/Concerns/HasState.php(453): Filament/Schemas/Schema->validate()
#5 D:/DS-TI/CRM-DIMSUM/opm-digemid/vendor/filament/schemas/src/Components/Concerns/CanBeHidden.php(270): Filament/Schemas/Schema->Filament/Schemas/Concerns/{closure}()
#6 D:/DS-TI/CRM-DIMSUM/opm-digemid/vendor/filament/schemas/src/Concerns/HasState.php(452): Filament/Schemas/Components/Component::withVisibilityCache(Object(Closure))
#7 D:/DS-TI/CRM-DIMSUM/opm-digemid/app/Filament/Pages/Ventas/HistoricoVentas.php(155): Filament/Schemas/Schema->getState()
#8 D:/DS-TI/CRM-DIMSUM/opm-digemid/app/Filament/Pages/Ventas/HistoricoVentas.php(150): App/Filament/Pages/Ventas/HistoricoVentas->query()
#9 D:/DS-TI/CRM-DIMSUM/opm-digemid/resources/views/filament/pages/ventas/partials/historico-tabla.blade.php(1): App/Filament/Pages/Ventas/HistoricoVentas->rows()
#10 D:/DS-TI/CRM-DIMSUM/opm-digemid/vendor/livewire/livewire/src/Mechanisms/ExtendBlade/ExtendedCompilerEngine.php(37): include('D://DS-TI//CRM-DI...')
#11 D:/DS-TI/CRM-DIMSUM/opm-digemid/vendor/livewire/livewire/src/Mechanisms/ExtendBlade/ExtendedCompilerEngine.php(38): App/Filament/Pages/Ventas/HistoricoVentas->Livewire/Mechanisms/ExtendBlade/{closure}()
#12 D:/DS-TI/CRM-DIMSUM/opm-digemid/vendor/laravel/framework/src/Illuminate/View/Engines/CompilerEngine.php(75): Livewire/Mechanisms/ExtendBlade/ExtendedCompilerEngine->evaluatePath('D://DS-TI//CRM-DI...', Array)
#13 D:/DS-TI/CRM-DIMSUM/opm-digemid/vendor/livewire/livewire/src/Mechanisms/ExtendBlade/ExtendedCompilerEngine.php(16): Illuminate/View/Engines/CompilerEngine->get('D://DS-TI//CRM-DI...', Array)
#14 D:/DS-TI/CRM-DIMSUM/opm-digemid/vendor/laravel/framework/src/Illuminate/View/View.php(209): Livewire/Mechanisms/ExtendBlade/ExtendedCompilerEngine->get('D://DS-TI//CRM-DI...', Array)
#15 D:/DS-TI/CRM-DIMSUM/opm-digemid/vendor/laravel/framework/src/Illuminate/View/View.php(192): Illuminate/View/View->getContents()
#16 D:/DS-TI/CRM-DIMSUM/opm-digemid/vendor/laravel/framework/src/Illuminate/View/View.php(161): Illuminate/View/View->renderContents()
#17 D:/DS-TI/CRM-DIMSUM/opm-digemid/resources/views/filament/pages/ventas/historico.blade.php(28): Illuminate/View/View->render()
#18 D:/DS-TI/CRM-DIMSUM/opm-digemid/vendor/livewire/livewire/src/Mechanisms/ExtendBlade/ExtendedCompilerEngine.php(37): include('D://DS-TI//CRM-DI...')
#19 D:/DS-TI/CRM-DIMSUM/opm-digemid/vendor/livewire/livewire/src/Mechanisms/ExtendBlade/ExtendedCompilerEngine.php(38): App/Filament/Pages/Ventas/HistoricoVentas->Livewire/Mechanisms/ExtendBlade/{closure}()
#20 D:/DS-TI/CRM-DIMSUM/opm-digemid/vendor/laravel/framework/src/Illuminate/View/Engines/CompilerEngine.php(75): Livewire/Mechanisms/ExtendBlade/ExtendedCompilerEngine->evaluatePath('D://DS-TI//CRM-DI...', Array)
#21 D:/DS-TI/CRM-DIMSUM/opm-digemid/vendor/livewire/livewire/src/Mechanisms/ExtendBlade/ExtendedCompilerEngine.php(16): Illuminate/View/Engines/CompilerEngine->get('D://DS-TI//CRM-DI...', Array)
#22 D:/DS-TI/CRM-DIMSUM/opm-digemid/vendor/laravel/framework/src/Illuminate/View/View.php(209): Livewire/Mechanisms/ExtendBlade/ExtendedCompilerEngine->get('D://DS-TI//CRM-DI...', Array)
#23 D:/DS-TI/CRM-DIMSUM/opm-digemid/vendor/laravel/framework/src/Illuminate/View/View.php(192): Illuminate/View/View->getContents()
#24 D:/DS-TI/CRM-DIMSUM/opm-digemid/vendor/laravel/framework/src/Illuminate/View/View.php(161): Illuminate/View/View->renderContents()
#25 D:/DS-TI/CRM-DIMSUM/opm-digemid/vendor/livewire/livewire/src/Mechanisms/HandleComponents/HandleComponents.php(417): Illuminate/View/View->render(Object(Closure))
#26 D:/DS-TI/CRM-DIMSUM/opm-digemid/vendor/livewire/livewire/src/Mechanisms/HandleComponents/HandleComponents.php(468): Livewire/Mechanisms/HandleComponents/HandleComponents->Livewire/Mechanisms/HandleComponents/{closure}()
#27 D:/DS-TI/CRM-DIMSUM/opm-digemid/vendor/livewire/livewire/src/Mechanisms/HandleComponents/HandleComponents.php(409): Livewire/Mechanisms/HandleComponents/HandleComponents->trackInRenderStack(Object(App/Filament/Pages/Ventas/HistoricoVentas), Object(Closure))
#28 D:/DS-TI/CRM-DIMSUM/opm-digemid/vendor/livewire/livewire/src/Mechanisms/HandleComponents/HandleComponents.php(245): Livewire/Mechanisms/HandleComponents/HandleComponents->render(Object(App/Filament/Pages/Ventas/HistoricoVentas))
#29 D:/DS-TI/CRM-DIMSUM/opm-digemid/vendor/livewire/livewire/src/LivewireManager.php(131): Livewire/Mechanisms/HandleComponents/HandleComponents->update(Array, Array, Array)
#30 D:/DS-TI/CRM-DIMSUM/opm-digemid/vendor/livewire/livewire/src/Mechanisms/HandleRequests/HandleRequests.php(205): Livewire/LivewireManager->update(Array, Array, Array)
#31 D:/DS-TI/CRM-DIMSUM/opm-digemid/vendor/laravel/framework/src/Illuminate/Routing/ControllerDispatcher.php(47): Livewire/Mechanisms/HandleRequests/HandleRequests->handleUpdate()
#32 D:/DS-TI/CRM-DIMSUM/opm-digemid/vendor/laravel/framework/src/Illuminate/Routing/Route.php(266): Illuminate/Routing/ControllerDispatcher->dispatch(Object(Illuminate/Routing/Route), Object(Livewire/Mechanisms/HandleRequests/HandleRequests), 'handleUpdate')
#33 D:/DS-TI/CRM-DIMSUM/opm-digemid/vendor/laravel/framework/src/Illuminate/Routing/Route.php(212): Illuminate/Routing/Route->runController()
#34 D:/DS-TI/CRM-DIMSUM/opm-digemid/vendor/laravel/framework/src/Illuminate/Routing/Router.php(808): Illuminate/Routing/Route->run()
#35 D:/DS-TI/CRM-DIMSUM/opm-digemid/vendor/laravel/framework/src/Illuminate/Pipeline/Pipeline.php(170): Illuminate/Routing/Router->Illuminate/Routing/{closure}(Object(Illuminate/Http/Request))
#36 D:/DS-TI/CRM-DIMSUM/opm-digemid/vendor/livewire/livewire/src/Mechanisms/HandleRequests/RequireLivewireHeaders.php(19): Illuminate/Pipeline/Pipeline->Illuminate/Pipeline/{closure}(Object(Illuminate/Http/Request))
#37 D:/DS-TI/CRM-DIMSUM/opm-digemid/vendor/laravel/framework/src/Illuminate/Pipeline/Pipeline.php(209): Livewire/Mechanisms/HandleRequests/RequireLivewireHeaders->handle(Object(Illuminate/Http/Request), Object(Closure))
#38 D:/DS-TI/CRM-DIMSUM/opm-digemid/vendor/laravel/framework/src/Illuminate/Routing/Middleware/SubstituteBindings.php(51): Illuminate/Pipeline/Pipeline->Illuminate/Pipeline/{closure}(Object(Illuminate/Http/Request))
#39 D:/DS-TI/CRM-DIMSUM/opm-digemid/vendor/laravel/framework/src/Illuminate/Pipeline/Pipeline.php(209): Illuminate/Routing/Middleware/SubstituteBindings->handle(Object(Illuminate/Http/Request), Object(Closure))
#40 D:/DS-TI/CRM-DIMSUM/opm-digemid/vendor/laravel/framework/src/Illuminate/Foundation/Http/Middleware/VerifyCsrfToken.php(88): Illuminate/Pipeline/Pipeline->Illuminate/Pipeline/{closure}(Object(Illuminate/Http/Request))
#41 D:/DS-TI/CRM-DIMSUM/opm-digemid/vendor/laravel/framework/src/Illuminate/Pipeline/Pipeline.php(209): Illuminate/Foundation/Http/Middleware/VerifyCsrfToken->handle(Object(Illuminate/Http/Request), Object(Closure))
#42 D:/DS-TI/CRM-DIMSUM/opm-digemid/vendor/laravel/framework/src/Illuminate/View/Middleware/ShareErrorsFromSession.php(49): Illuminate/Pipeline/Pipeline->Illuminate/Pipeline/{closure}(Object(Illuminate/Http/Request))
#43 D:/DS-TI/CRM-DIMSUM/opm-digemid/vendor/laravel/framework/src/Illuminate/Pipeline/Pipeline.php(209): Illuminate/View/Middleware/ShareErrorsFromSession->handle(Object(Illuminate/Http/Request), Object(Closure))
#44 D:/DS-TI/CRM-DIMSUM/opm-digemid/vendor/laravel/framework/src/Illuminate/Session/Middleware/StartSession.php(121): Illuminate/Pipeline/Pipeline->Illuminate/Pipeline/{closure}(Object(Illuminate/Http/Request))
#45 D:/DS-TI/CRM-DIMSUM/opm-digemid/vendor/laravel/framework/src/Illuminate/Session/Middleware/StartSession.php(64): Illuminate/Session/Middleware/StartSession->handleStatefulRequest(Object(Illuminate/Http/Request), Object(Illuminate/Session/Store), Object(Closure))
#46 D:/DS-TI/CRM-DIMSUM/opm-digemid/vendor/laravel/framework/src/Illuminate/Pipeline/Pipeline.php(209): Illuminate/Session/Middleware/StartSession->handle(Object(Illuminate/Http/Request), Object(Closure))
#47 D:/DS-TI/CRM-DIMSUM/opm-digemid/vendor/laravel/framework/src/Illuminate/Cookie/Middleware/AddQueuedCookiesToResponse.php(37): Illuminate/Pipeline/Pipeline->Illuminate/Pipeline/{closure}(Object(Illuminate/Http/Request))
#48 D:/DS-TI/CRM-DIMSUM/opm-digemid/vendor/laravel/framework/src/Illuminate/Pipeline/Pipeline.php(209): Illuminate/Cookie/Middleware/AddQueuedCookiesToResponse->handle(Object(Illuminate/Http/Request), Object(Closure))
#49 D:/DS-TI/CRM-DIMSUM/opm-digemid/vendor/laravel/framework/src/Illuminate/Cookie/Middleware/EncryptCookies.php(75): Illuminate/Pipeline/Pipeline->Illuminate/Pipeline/{closure}(Object(Illuminate/Http/Request))
#50 D:/DS-TI/CRM-DIMSUM/opm-digemid/vendor/laravel/framework/src/Illuminate/Pipeline/Pipeline.php(209): Illuminate/Cookie/Middleware/EncryptCookies->handle(Object(Illuminate/Http/Request), Object(Closure))
#51 D:/DS-TI/CRM-DIMSUM/opm-digemid/vendor/laravel/framework/src/Illuminate/Pipeline/Pipeline.php(127): Illuminate/Pipeline/Pipeline->Illuminate/Pipeline/{closure}(Object(Illuminate/Http/Request))
#52 D:/DS-TI/CRM-DIMSUM/opm-digemid/vendor/laravel/framework/src/Illuminate/Routing/Router.php(807): Illuminate/Pipeline/Pipeline->then(Object(Closure))
#53 D:/DS-TI/CRM-DIMSUM/opm-digemid/vendor/laravel/framework/src/Illuminate/Routing/Router.php(786): Illuminate/Routing/Router->runRouteWithinStack(Object(Illuminate/Routing/Route), Object(Illuminate/Http/Request))
#54 D:/DS-TI/CRM-DIMSUM/opm-digemid/vendor/laravel/framework/src/Illuminate/Routing/Router.php(750): Illuminate/Routing/Router->runRoute(Object(Illuminate/Http/Request), Object(Illuminate/Routing/Route))
#55 D:/DS-TI/CRM-DIMSUM/opm-digemid/vendor/laravel/framework/src/Illuminate/Routing/Router.php(739): Illuminate/Routing/Router->dispatchToRoute(Object(Illuminate/Http/Request))
#56 D:/DS-TI/CRM-DIMSUM/opm-digemid/vendor/laravel/framework/src/Illuminate/Foundation/Http/Kernel.php(201): Illuminate/Routing/Router->dispatch(Object(Illuminate/Http/Request))
#57 D:/DS-TI/CRM-DIMSUM/opm-digemid/vendor/laravel/framework/src/Illuminate/Pipeline/Pipeline.php(170): Illuminate/Foundation/Http/Kernel->Illuminate/Foundation/Http/{closure}(Object(Illuminate/Http/Request))
#58 D:/DS-TI/CRM-DIMSUM/opm-digemid/vendor/livewire/livewire/src/Features/SupportDisablingBackButtonCache/DisableBackButtonCacheMiddleware.php(19): Illuminate/Pipeline/Pipeline->Illuminate/Pipeline/{closure}(Object(Illuminate/Http/Request))
#59 D:/DS-TI/CRM-DIMSUM/opm-digemid/vendor/laravel/framework/src/Illuminate/Pipeline/Pipeline.php(209): Livewire/Features/SupportDisablingBackButtonCache/DisableBackButtonCacheMiddleware->handle(Object(Illuminate/Http/Request), Object(Closure))
#60 D:/DS-TI/CRM-DIMSUM/opm-digemid/app/Http/Middleware/SecurityHeaders.php(13): Illuminate/Pipeline/Pipeline->Illuminate/Pipeline/{closure}(Object(Illuminate/Http/Request))
#61 D:/DS-TI/CRM-DIMSUM/opm-digemid/vendor/laravel/framework/src/Illuminate/Pipeline/Pipeline.php(209): App/Http/Middleware/SecurityHeaders->handle(Object(Illuminate/Http/Request), Object(Closure))
#62 D:/DS-TI/CRM-DIMSUM/opm-digemid/vendor/laravel/framework/src/Illuminate/Foundation/Http/Middleware/ConvertEmptyStringsToNull.php(27): Illuminate/Pipeline/Pipeline->Illuminate/Pipeline/{closure}(Object(Illuminate/Http/Request))
#63 D:/DS-TI/CRM-DIMSUM/opm-digemid/vendor/laravel/framework/src/Illuminate/Pipeline/Pipeline.php(209): Illuminate/Foundation/Http/Middleware/ConvertEmptyStringsToNull->handle(Object(Illuminate/Http/Request), Object(Closure))
#64 D:/DS-TI/CRM-DIMSUM/opm-digemid/vendor/laravel/framework/src/Illuminate/Foundation/Http/Middleware/TrimStrings.php(47): Illuminate/Pipeline/Pipeline->Illuminate/Pipeline/{closure}(Object(Illuminate/Http/Request))
#65 D:/DS-TI/CRM-DIMSUM/opm-digemid/vendor/laravel/framework/src/Illuminate/Pipeline/Pipeline.php(209): Illuminate/Foundation/Http/Middleware/TrimStrings->handle(Object(Illuminate/Http/Request), Object(Closure))
#66 D:/DS-TI/CRM-DIMSUM/opm-digemid/vendor/laravel/framework/src/Illuminate/Http/Middleware/ValidatePostSize.php(27): Illuminate/Pipeline/Pipeline->Illuminate/Pipeline/{closure}(Object(Illuminate/Http/Request))
#67 D:/DS-TI/CRM-DIMSUM/opm-digemid/vendor/laravel/framework/src/Illuminate/Pipeline/Pipeline.php(209): Illuminate/Http/Middleware/ValidatePostSize->handle(Object(Illuminate/Http/Request), Object(Closure))
#68 D:/DS-TI/CRM-DIMSUM/opm-digemid/vendor/laravel/framework/src/Illuminate/Foundation/Http/Middleware/PreventRequestsDuringMaintenance.php(110): Illuminate/Pipeline/Pipeline->Illuminate/Pipeline/{closure}(Object(Illuminate/Http/Request))
#69 D:/DS-TI/CRM-DIMSUM/opm-digemid/vendor/laravel/framework/src/Illuminate/Pipeline/Pipeline.php(209): Illuminate/Foundation/Http/Middleware/PreventRequestsDuringMaintenance->handle(Object(Illuminate/Http/Request), Object(Closure))
#70 D:/DS-TI/CRM-DIMSUM/opm-digemid/vendor/laravel/framework/src/Illuminate/Http/Middleware/HandleCors.php(49): Illuminate/Pipeline/Pipeline->Illuminate/Pipeline/{closure}(Object(Illuminate/Http/Request))
#71 D:/DS-TI/CRM-DIMSUM/opm-digemid/vendor/laravel/framework/src/Illuminate/Pipeline/Pipeline.php(209): Illuminate/Http/Middleware/HandleCors->handle(Object(Illuminate/Http/Request), Object(Closure))
#72 D:/DS-TI/CRM-DIMSUM/opm-digemid/vendor/laravel/framework/src/Illuminate/Http/Middleware/TrustProxies.php(58): Illuminate/Pipeline/Pipeline->Illuminate/Pipeline/{closure}(Object(Illuminate/Http/Request))
#73 D:/DS-TI/CRM-DIMSUM/opm-digemid/vendor/laravel/framework/src/Illuminate/Pipeline/Pipeline.php(209): Illuminate/Http/Middleware/TrustProxies->handle(Object(Illuminate/Http/Request), Object(Closure))
#74 D:/DS-TI/CRM-DIMSUM/opm-digemid/vendor/laravel/framework/src/Illuminate/Foundation/Http/Middleware/InvokeDeferredCallbacks.php(22): Illuminate/Pipeline/Pipeline->Illuminate/Pipeline/{closure}(Object(Illuminate/Http/Request))
#75 D:/DS-TI/CRM-DIMSUM/opm-digemid/vendor/laravel/framework/src/Illuminate/Pipeline/Pipeline.php(209): Illuminate/Foundation/Http/Middleware/InvokeDeferredCallbacks->handle(Object(Illuminate/Http/Request), Object(Closure))
#76 D:/DS-TI/CRM-DIMSUM/opm-digemid/vendor/laravel/framework/src/Illuminate/Pipeline/Pipeline.php(127): Illuminate/Pipeline/Pipeline->Illuminate/Pipeline/{closure}(Object(Illuminate/Http/Request))
#77 D:/DS-TI/CRM-DIMSUM/opm-digemid/vendor/laravel/framework/src/Illuminate/Foundation/Http/Kernel.php(176): Illuminate/Pipeline/Pipeline->then(Object(Closure))
#78 D:/DS-TI/CRM-DIMSUM/opm-digemid/vendor/laravel/framework/src/Illuminate/Foundation/Http/Kernel.php(145): Illuminate/Foundation/Http/Kernel->sendRequestThroughRouter(Object(Illuminate/Http/Request))
#79 D:/DS-TI/CRM-DIMSUM/opm-digemid/vendor/laravel/framework/src/Illuminate/Foundation/Application.php(1220): Illuminate/Foundation/Http/Kernel->handle(Object(Illuminate/Http/Request))
#80 D:/DS-TI/CRM-DIMSUM/opm-digemid/public/index.php(17): Illuminate/Foundation/Application->handleRequest(Object(Illuminate/Http/Request))
#81 D:/DS-TI/CRM-DIMSUM/opm-digemid/vendor/laravel/framework/src/Illuminate/Foundation/resources/server.php(23): require_once('D://DS-TI//CRM-DI...')
#82 {main}

[previous exception] [object] (Illuminate\\Validation\\ValidationException(code: 0): The selected comprobante is invalid. at D:/DS-TI/CRM-DIMSUM/opm-digemid/vendor/laravel/framework/src/Illuminate/Support/helpers.php:423)
[stacktrace]
#0 D:/DS-TI/CRM-DIMSUM/opm-digemid/vendor/laravel/framework/src/Illuminate/Validation/Validator.php(558): throw_if(true, 'Illuminate//Vali...', Object(Illuminate/Validation/Validator))
#1 D:/DS-TI/CRM-DIMSUM/opm-digemid/vendor/livewire/livewire/src/Features/SupportValidation/HandlesValidation.php(266): Illuminate/Validation/Validator->validate()
#2 D:/DS-TI/CRM-DIMSUM/opm-digemid/vendor/filament/schemas/src/Concerns/InteractsWithSchemas.php(358): Livewire/Component->validate(Array, Array, Array)
#3 D:/DS-TI/CRM-DIMSUM/opm-digemid/vendor/filament/schemas/src/Concerns/CanBeValidated.php(130): Filament/Pages/BasePage->validate(Array, Array, Array)
#4 D:/DS-TI/CRM-DIMSUM/opm-digemid/vendor/filament/schemas/src/Concerns/HasState.php(453): Filament/Schemas/Schema->validate()
#5 D:/DS-TI/CRM-DIMSUM/opm-digemid/vendor/filament/schemas/src/Components/Concerns/CanBeHidden.php(270): Filament/Schemas/Schema->Filament/Schemas/Concerns/{closure}()
#6 D:/DS-TI/CRM-DIMSUM/opm-digemid/vendor/filament/schemas/src/Concerns/HasState.php(452): Filament/Schemas/Components/Component::withVisibilityCache(Object(Closure))
#7 D:/DS-TI/CRM-DIMSUM/opm-digemid/app/Filament/Pages/Ventas/HistoricoVentas.php(155): Filament/Schemas/Schema->getState()
#8 D:/DS-TI/CRM-DIMSUM/opm-digemid/app/Filament/Pages/Ventas/HistoricoVentas.php(150): App/Filament/Pages/Ventas/HistoricoVentas->query()
#9 D:/DS-TI/CRM-DIMSUM/opm-digemid/storage/framework/views/f0aa5f32ef4051a12a6ffab18c67af57.php(1): App/Filament/Pages/Ventas/HistoricoVentas->rows()
#10 D:/DS-TI/CRM-DIMSUM/opm-digemid/vendor/livewire/livewire/src/Mechanisms/ExtendBlade/ExtendedCompilerEngine.php(37): include('D://DS-TI//CRM-DI...')
#11 D:/DS-TI/CRM-DIMSUM/opm-digemid/vendor/livewire/livewire/src/Mechanisms/ExtendBlade/ExtendedCompilerEngine.php(38): App/Filament/Pages/Ventas/HistoricoVentas->Livewire/Mechanisms/ExtendBlade/{closure}()
#12 D:/DS-TI/CRM-DIMSUM/opm-digemid/vendor/laravel/framework/src/Illuminate/View/Engines/CompilerEngine.php(75): Livewire/Mechanisms/ExtendBlade/ExtendedCompilerEngine->evaluatePath('D://DS-TI//CRM-DI...', Array)
#13 D:/DS-TI/CRM-DIMSUM/opm-digemid/vendor/livewire/livewire/src/Mechanisms/ExtendBlade/ExtendedCompilerEngine.php(16): Illuminate/View/Engines/CompilerEngine->get('D://DS-TI//CRM-DI...', Array)
#14 D:/DS-TI/CRM-DIMSUM/opm-digemid/vendor/laravel/framework/src/Illuminate/View/View.php(209): Livewire/Mechanisms/ExtendBlade/ExtendedCompilerEngine->get('D://DS-TI//CRM-DI...', Array)
#15 D:/DS-TI/CRM-DIMSUM/opm-digemid/vendor/laravel/framework/src/Illuminate/View/View.php(192): Illuminate/View/View->getContents()
#16 D:/DS-TI/CRM-DIMSUM/opm-digemid/vendor/laravel/framework/src/Illuminate/View/View.php(161): Illuminate/View/View->renderContents()
#17 D:/DS-TI/CRM-DIMSUM/opm-digemid/storage/framework/views/e4b023debb6b9caedfd1dad76b7a9c63.php(111): Illuminate/View/View->render()
#18 D:/DS-TI/CRM-DIMSUM/opm-digemid/vendor/livewire/livewire/src/Mechanisms/ExtendBlade/ExtendedCompilerEngine.php(37): include('D://DS-TI//CRM-DI...')
#19 D:/DS-TI/CRM-DIMSUM/opm-digemid/vendor/livewire/livewire/src/Mechanisms/ExtendBlade/ExtendedCompilerEngine.php(38): App/Filament/Pages/Ventas/HistoricoVentas->Livewire/Mechanisms/ExtendBlade/{closure}()
#20 D:/DS-TI/CRM-DIMSUM/opm-digemid/vendor/laravel/framework/src/Illuminate/View/Engines/CompilerEngine.php(75): Livewire/Mechanisms/ExtendBlade/ExtendedCompilerEngine->evaluatePath('D://DS-TI//CRM-DI...', Array)
#21 D:/DS-TI/CRM-DIMSUM/opm-digemid/vendor/livewire/livewire/src/Mechanisms/ExtendBlade/ExtendedCompilerEngine.php(16): Illuminate/View/Engines/CompilerEngine->get('D://DS-TI//CRM-DI...', Array)
#22 D:/DS-TI/CRM-DIMSUM/opm-digemid/vendor/laravel/framework/src/Illuminate/View/View.php(209): Livewire/Mechanisms/ExtendBlade/ExtendedCompilerEngine->get('D://DS-TI//CRM-DI...', Array)
#23 D:/DS-TI/CRM-DIMSUM/opm-digemid/vendor/laravel/framework/src/Illuminate/View/View.php(192): Illuminate/View/View->getContents()
#24 D:/DS-TI/CRM-DIMSUM/opm-digemid/vendor/laravel/framework/src/Illuminate/View/View.php(161): Illuminate/View/View->renderContents()
#25 D:/DS-TI/CRM-DIMSUM/opm-digemid/vendor/livewire/livewire/src/Mechanisms/HandleComponents/HandleComponents.php(417): Illuminate/View/View->render(Object(Closure))
#26 D:/DS-TI/CRM-DIMSUM/opm-digemid/vendor/livewire/livewire/src/Mechanisms/HandleComponents/HandleComponents.php(468): Livewire/Mechanisms/HandleComponents/HandleComponents->Livewire/Mechanisms/HandleComponents/{closure}()
#27 D:/DS-TI/CRM-DIMSUM/opm-digemid/vendor/livewire/livewire/src/Mechanisms/HandleComponents/HandleComponents.php(409): Livewire/Mechanisms/HandleComponents/HandleComponents->trackInRenderStack(Object(App/Filament/Pages/Ventas/HistoricoVentas), Object(Closure))
#28 D:/DS-TI/CRM-DIMSUM/opm-digemid/vendor/livewire/livewire/src/Mechanisms/HandleComponents/HandleComponents.php(245): Livewire/Mechanisms/HandleComponents/HandleComponents->render(Object(App/Filament/Pages/Ventas/HistoricoVentas))
#29 D:/DS-TI/CRM-DIMSUM/opm-digemid/vendor/livewire/livewire/src/LivewireManager.php(131): Livewire/Mechanisms/HandleComponents/HandleComponents->update(Array, Array, Array)
#30 D:/DS-TI/CRM-DIMSUM/opm-digemid/vendor/livewire/livewire/src/Mechanisms/HandleRequests/HandleRequests.php(205): Livewire/LivewireManager->update(Array, Array, Array)
#31 D:/DS-TI/CRM-DIMSUM/opm-digemid/vendor/laravel/framework/src/Illuminate/Routing/ControllerDispatcher.php(47): Livewire/Mechanisms/HandleRequests/HandleRequests->handleUpdate()
#32 D:/DS-TI/CRM-DIMSUM/opm-digemid/vendor/laravel/framework/src/Illuminate/Routing/Route.php(266): Illuminate/Routing/ControllerDispatcher->dispatch(Object(Illuminate/Routing/Route), Object(Livewire/Mechanisms/HandleRequests/HandleRequests), 'handleUpdate')
#33 D:/DS-TI/CRM-DIMSUM/opm-digemid/vendor/laravel/framework/src/Illuminate/Routing/Route.php(212): Illuminate/Routing/Route->runController()
#34 D:/DS-TI/CRM-DIMSUM/opm-digemid/vendor/laravel/framework/src/Illuminate/Routing/Router.php(808): Illuminate/Routing/Route->run()
#35 D:/DS-TI/CRM-DIMSUM/opm-digemid/vendor/laravel/framework/src/Illuminate/Pipeline/Pipeline.php(170): Illuminate/Routing/Router->Illuminate/Routing/{closure}(Object(Illuminate/Http/Request))
#36 D:/DS-TI/CRM-DIMSUM/opm-digemid/vendor/livewire/livewire/src/Mechanisms/HandleRequests/RequireLivewireHeaders.php(19): Illuminate/Pipeline/Pipeline->Illuminate/Pipeline/{closure}(Object(Illuminate/Http/Request))
#37 D:/DS-TI/CRM-DIMSUM/opm-digemid/vendor/laravel/framework/src/Illuminate/Pipeline/Pipeline.php(209): Livewire/Mechanisms/HandleRequests/RequireLivewireHeaders->handle(Object(Illuminate/Http/Request), Object(Closure))
#38 D:/DS-TI/CRM-DIMSUM/opm-digemid/vendor/laravel/framework/src/Illuminate/Routing/Middleware/SubstituteBindings.php(51): Illuminate/Pipeline/Pipeline->Illuminate/Pipeline/{closure}(Object(Illuminate/Http/Request))
#39 D:/DS-TI/CRM-DIMSUM/opm-digemid/vendor/laravel/framework/src/Illuminate/Pipeline/Pipeline.php(209): Illuminate/Routing/Middleware/SubstituteBindings->handle(Object(Illuminate/Http/Request), Object(Closure))
#40 D:/DS-TI/CRM-DIMSUM/opm-digemid/vendor/laravel/framework/src/Illuminate/Foundation/Http/Middleware/VerifyCsrfToken.php(88): Illuminate/Pipeline/Pipeline->Illuminate/Pipeline/{closure}(Object(Illuminate/Http/Request))
#41 D:/DS-TI/CRM-DIMSUM/opm-digemid/vendor/laravel/framework/src/Illuminate/Pipeline/Pipeline.php(209): Illuminate/Foundation/Http/Middleware/VerifyCsrfToken->handle(Object(Illuminate/Http/Request), Object(Closure))
#42 D:/DS-TI/CRM-DIMSUM/opm-digemid/vendor/laravel/framework/src/Illuminate/View/Middleware/ShareErrorsFromSession.php(49): Illuminate/Pipeline/Pipeline->Illuminate/Pipeline/{closure}(Object(Illuminate/Http/Request))
#43 D:/DS-TI/CRM-DIMSUM/opm-digemid/vendor/laravel/framework/src/Illuminate/Pipeline/Pipeline.php(209): Illuminate/View/Middleware/ShareErrorsFromSession->handle(Object(Illuminate/Http/Request), Object(Closure))
#44 D:/DS-TI/CRM-DIMSUM/opm-digemid/vendor/laravel/framework/src/Illuminate/Session/Middleware/StartSession.php(121): Illuminate/Pipeline/Pipeline->Illuminate/Pipeline/{closure}(Object(Illuminate/Http/Request))
#45 D:/DS-TI/CRM-DIMSUM/opm-digemid/vendor/laravel/framework/src/Illuminate/Session/Middleware/StartSession.php(64): Illuminate/Session/Middleware/StartSession->handleStatefulRequest(Object(Illuminate/Http/Request), Object(Illuminate/Session/Store), Object(Closure))
#46 D:/DS-TI/CRM-DIMSUM/opm-digemid/vendor/laravel/framework/src/Illuminate/Pipeline/Pipeline.php(209): Illuminate/Session/Middleware/StartSession->handle(Object(Illuminate/Http/Request), Object(Closure))
#47 D:/DS-TI/CRM-DIMSUM/opm-digemid/vendor/laravel/framework/src/Illuminate/Cookie/Middleware/AddQueuedCookiesToResponse.php(37): Illuminate/Pipeline/Pipeline->Illuminate/Pipeline/{closure}(Object(Illuminate/Http/Request))
#48 D:/DS-TI/CRM-DIMSUM/opm-digemid/vendor/laravel/framework/src/Illuminate/Pipeline/Pipeline.php(209): Illuminate/Cookie/Middleware/AddQueuedCookiesToResponse->handle(Object(Illuminate/Http/Request), Object(Closure))
#49 D:/DS-TI/CRM-DIMSUM/opm-digemid/vendor/laravel/framework/src/Illuminate/Cookie/Middleware/EncryptCookies.php(75): Illuminate/Pipeline/Pipeline->Illuminate/Pipeline/{closure}(Object(Illuminate/Http/Request))
#50 D:/DS-TI/CRM-DIMSUM/opm-digemid/vendor/laravel/framework/src/Illuminate/Pipeline/Pipeline.php(209): Illuminate/Cookie/Middleware/EncryptCookies->handle(Object(Illuminate/Http/Request), Object(Closure))
#51 D:/DS-TI/CRM-DIMSUM/opm-digemid/vendor/laravel/framework/src/Illuminate/Pipeline/Pipeline.php(127): Illuminate/Pipeline/Pipeline->Illuminate/Pipeline/{closure}(Object(Illuminate/Http/Request))
#52 D:/DS-TI/CRM-DIMSUM/opm-digemid/vendor/laravel/framework/src/Illuminate/Routing/Router.php(807): Illuminate/Pipeline/Pipeline->then(Object(Closure))
#53 D:/DS-TI/CRM-DIMSUM/opm-digemid/vendor/laravel/framework/src/Illuminate/Routing/Router.php(786): Illuminate/Routing/Router->runRouteWithinStack(Object(Illuminate/Routing/Route), Object(Illuminate/Http/Request))
#54 D:/DS-TI/CRM-DIMSUM/opm-digemid/vendor/laravel/framework/src/Illuminate/Routing/Router.php(750): Illuminate/Routing/Router->runRoute(Object(Illuminate/Http/Request), Object(Illuminate/Routing/Route))
#55 D:/DS-TI/CRM-DIMSUM/opm-digemid/vendor/laravel/framework/src/Illuminate/Routing/Router.php(739): Illuminate/Routing/Router->dispatchToRoute(Object(Illuminate/Http/Request))
#56 D:/DS-TI/CRM-DIMSUM/opm-digemid/vendor/laravel/framework/src/Illuminate/Foundation/Http/Kernel.php(201): Illuminate/Routing/Router->dispatch(Object(Illuminate/Http/Request))
#57 D:/DS-TI/CRM-DIMSUM/opm-digemid/vendor/laravel/framework/src/Illuminate/Pipeline/Pipeline.php(170): Illuminate/Foundation/Http/Kernel->Illuminate/Foundation/Http/{closure}(Object(Illuminate/Http/Request))
#58 D:/DS-TI/CRM-DIMSUM/opm-digemid/vendor/livewire/livewire/src/Features/SupportDisablingBackButtonCache/DisableBackButtonCacheMiddleware.php(19): Illuminate/Pipeline/Pipeline->Illuminate/Pipeline/{closure}(Object(Illuminate/Http/Request))
#59 D:/DS-TI/CRM-DIMSUM/opm-digemid/vendor/laravel/framework/src/Illuminate/Pipeline/Pipeline.php(209): Livewire/Features/SupportDisablingBackButtonCache/DisableBackButtonCacheMiddleware->handle(Object(Illuminate/Http/Request), Object(Closure))
#60 D:/DS-TI/CRM-DIMSUM/opm-digemid/app/Http/Middleware/SecurityHeaders.php(13): Illuminate/Pipeline/Pipeline->Illuminate/Pipeline/{closure}(Object(Illuminate/Http/Request))
#61 D:/DS-TI/CRM-DIMSUM/opm-digemid/vendor/laravel/framework/src/Illuminate/Pipeline/Pipeline.php(209): App/Http/Middleware/SecurityHeaders->handle(Object(Illuminate/Http/Request), Object(Closure))
#62 D:/DS-TI/CRM-DIMSUM/opm-digemid/vendor/laravel/framework/src/Illuminate/Foundation/Http/Middleware/ConvertEmptyStringsToNull.php(27): Illuminate/Pipeline/Pipeline->Illuminate/Pipeline/{closure}(Object(Illuminate/Http/Request))
#63 D:/DS-TI/CRM-DIMSUM/opm-digemid/vendor/laravel/framework/src/Illuminate/Pipeline/Pipeline.php(209): Illuminate/Foundation/Http/Middleware/ConvertEmptyStringsToNull->handle(Object(Illuminate/Http/Request), Object(Closure))
#64 D:/DS-TI/CRM-DIMSUM/opm-digemid/vendor/laravel/framework/src/Illuminate/Foundation/Http/Middleware/TrimStrings.php(47): Illuminate/Pipeline/Pipeline->Illuminate/Pipeline/{closure}(Object(Illuminate/Http/Request))
#65 D:/DS-TI/CRM-DIMSUM/opm-digemid/vendor/laravel/framework/src/Illuminate/Pipeline/Pipeline.php(209): Illuminate/Foundation/Http/Middleware/TrimStrings->handle(Object(Illuminate/Http/Request), Object(Closure))
#66 D:/DS-TI/CRM-DIMSUM/opm-digemid/vendor/laravel/framework/src/Illuminate/Http/Middleware/ValidatePostSize.php(27): Illuminate/Pipeline/Pipeline->Illuminate/Pipeline/{closure}(Object(Illuminate/Http/Request))
#67 D:/DS-TI/CRM-DIMSUM/opm-digemid/vendor/laravel/framework/src/Illuminate/Pipeline/Pipeline.php(209): Illuminate/Http/Middleware/ValidatePostSize->handle(Object(Illuminate/Http/Request), Object(Closure))
#68 D:/DS-TI/CRM-DIMSUM/opm-digemid/vendor/laravel/framework/src/Illuminate/Foundation/Http/Middleware/PreventRequestsDuringMaintenance.php(110): Illuminate/Pipeline/Pipeline->Illuminate/Pipeline/{closure}(Object(Illuminate/Http/Request))
#69 D:/DS-TI/CRM-DIMSUM/opm-digemid/vendor/laravel/framework/src/Illuminate/Pipeline/Pipeline.php(209): Illuminate/Foundation/Http/Middleware/PreventRequestsDuringMaintenance->handle(Object(Illuminate/Http/Request), Object(Closure))
#70 D:/DS-TI/CRM-DIMSUM/opm-digemid/vendor/laravel/framework/src/Illuminate/Http/Middleware/HandleCors.php(49): Illuminate/Pipeline/Pipeline->Illuminate/Pipeline/{closure}(Object(Illuminate/Http/Request))
#71 D:/DS-TI/CRM-DIMSUM/opm-digemid/vendor/laravel/framework/src/Illuminate/Pipeline/Pipeline.php(209): Illuminate/Http/Middleware/HandleCors->handle(Object(Illuminate/Http/Request), Object(Closure))
#72 D:/DS-TI/CRM-DIMSUM/opm-digemid/vendor/laravel/framework/src/Illuminate/Http/Middleware/TrustProxies.php(58): Illuminate/Pipeline/Pipeline->Illuminate/Pipeline/{closure}(Object(Illuminate/Http/Request))
#73 D:/DS-TI/CRM-DIMSUM/opm-digemid/vendor/laravel/framework/src/Illuminate/Pipeline/Pipeline.php(209): Illuminate/Http/Middleware/TrustProxies->handle(Object(Illuminate/Http/Request), Object(Closure))
#74 D:/DS-TI/CRM-DIMSUM/opm-digemid/vendor/laravel/framework/src/Illuminate/Foundation/Http/Middleware/InvokeDeferredCallbacks.php(22): Illuminate/Pipeline/Pipeline->Illuminate/Pipeline/{closure}(Object(Illuminate/Http/Request))
#75 D:/DS-TI/CRM-DIMSUM/opm-digemid/vendor/laravel/framework/src/Illuminate/Pipeline/Pipeline.php(209): Illuminate/Foundation/Http/Middleware/InvokeDeferredCallbacks->handle(Object(Illuminate/Http/Request), Object(Closure))
#76 D:/DS-TI/CRM-DIMSUM/opm-digemid/vendor/laravel/framework/src/Illuminate/Pipeline/Pipeline.php(127): Illuminate/Pipeline/Pipeline->Illuminate/Pipeline/{closure}(Object(Illuminate/Http/Request))
#77 D:/DS-TI/CRM-DIMSUM/opm-digemid/vendor/laravel/framework/src/Illuminate/Foundation/Http/Kernel.php(176): Illuminate/Pipeline/Pipeline->then(Object(Closure))
#78 D:/DS-TI/CRM-DIMSUM/opm-digemid/vendor/laravel/framework/src/Illuminate/Foundation/Http/Kernel.php(145): Illuminate/Foundation/Http/Kernel->sendRequestThroughRouter(Object(Illuminate/Http/Request))
#79 D:/DS-TI/CRM-DIMSUM/opm-digemid/vendor/laravel/framework/src/Illuminate/Foundation/Application.php(1220): Illuminate/Foundation/Http/Kernel->handle(Object(Illuminate/Http/Request))
#80 D:/DS-TI/CRM-DIMSUM/opm-digemid/public/index.php(17): Illuminate/Foundation/Application->handleRequest(Object(Illuminate/Http/Request))
#81 D:/DS-TI/CRM-DIMSUM/opm-digemid/vendor/laravel/framework/src/Illuminate/Foundation/resources/server.php(23): require_once('D://DS-TI//CRM-DI...')
#82 {main}
"} 
[2026-08-19 17:12:21] local.ERROR: Class "Illuminate\Support\CarbonPeriod" not found {"userId":1,"exception":"[object] (Spatie\\LaravelIgnition\\Exceptions\\ViewException(code: 0): Class \"Illuminate\\Support\\CarbonPeriod\" not found at D:/DS-TI/CRM-DIMSUM/opm-digemid/app/Filament/Pages/Ventas/ExtraccionVentas.php:288)
[stacktrace]
#0 D:/DS-TI/CRM-DIMSUM/opm-digemid/vendor/laravel/framework/src/Illuminate/Collections/Traits/EnumeratesValues.php(261): App/Filament/Pages/Ventas/ExtraccionVentas->App/Filament/Pages/Ventas/{closure}(Object(App/Models/VentaExtraccion), 0)
#1 D:/DS-TI/CRM-DIMSUM/opm-digemid/app/Filament/Pages/Ventas/ExtraccionVentas.php(267): Illuminate/Support/Collection->each(Object(Closure))
#2 D:/DS-TI/CRM-DIMSUM/opm-digemid/app/Filament/Pages/Ventas/ExtraccionVentas.php(217): App/Filament/Pages/Ventas/ExtraccionVentas->coverageForLocal('1', 2026)
#3 D:/DS-TI/CRM-DIMSUM/opm-digemid/resources/views/filament/pages/ventas/partials/extraccion-cobertura.blade.php(1): App/Filament/Pages/Ventas/ExtraccionVentas->coverageMap()
#4 D:/DS-TI/CRM-DIMSUM/opm-digemid/vendor/livewire/livewire/src/Mechanisms/ExtendBlade/ExtendedCompilerEngine.php(37): include('D://DS-TI//CRM-DI...')
#5 D:/DS-TI/CRM-DIMSUM/opm-digemid/vendor/livewire/livewire/src/Mechanisms/ExtendBlade/ExtendedCompilerEngine.php(38): App/Filament/Pages/Ventas/ExtraccionVentas->Livewire/Mechanisms/ExtendBlade/{closure}()
#6 D:/DS-TI/CRM-DIMSUM/opm-digemid/vendor/laravel/framework/src/Illuminate/View/Engines/CompilerEngine.php(75): Livewire/Mechanisms/ExtendBlade/ExtendedCompilerEngine->evaluatePath('D://DS-TI//CRM-DI...', Array)
#7 D:/DS-TI/CRM-DIMSUM/opm-digemid/vendor/livewire/livewire/src/Mechanisms/ExtendBlade/ExtendedCompilerEngine.php(16): Illuminate/View/Engines/CompilerEngine->get('D://DS-TI//CRM-DI...', Array)
#8 D:/DS-TI/CRM-DIMSUM/opm-digemid/vendor/laravel/framework/src/Illuminate/View/View.php(209): Livewire/Mechanisms/ExtendBlade/ExtendedCompilerEngine->get('D://DS-TI//CRM-DI...', Array)
#9 D:/DS-TI/CRM-DIMSUM/opm-digemid/vendor/laravel/framework/src/Illuminate/View/View.php(192): Illuminate/View/View->getContents()
#10 D:/DS-TI/CRM-DIMSUM/opm-digemid/vendor/laravel/framework/src/Illuminate/View/View.php(161): Illuminate/View/View->renderContents()
#11 D:/DS-TI/CRM-DIMSUM/opm-digemid/resources/views/filament/pages/ventas/extraccion.blade.php(35): Illuminate/View/View->render()
#12 D:/DS-TI/CRM-DIMSUM/opm-digemid/vendor/livewire/livewire/src/Mechanisms/ExtendBlade/ExtendedCompilerEngine.php(37): include('D://DS-TI//CRM-DI...')
#13 D:/DS-TI/CRM-DIMSUM/opm-digemid/vendor/livewire/livewire/src/Mechanisms/ExtendBlade/ExtendedCompilerEngine.php(38): App/Filament/Pages/Ventas/ExtraccionVentas->Livewire/Mechanisms/ExtendBlade/{closure}()
#14 D:/DS-TI/CRM-DIMSUM/opm-digemid/vendor/laravel/framework/src/Illuminate/View/Engines/CompilerEngine.php(75): Livewire/Mechanisms/ExtendBlade/ExtendedCompilerEngine->evaluatePath('D://DS-TI//CRM-DI...', Array)
#15 D:/DS-TI/CRM-DIMSUM/opm-digemid/vendor/livewire/livewire/src/Mechanisms/ExtendBlade/ExtendedCompilerEngine.php(16): Illuminate/View/Engines/CompilerEngine->get('D://DS-TI//CRM-DI...', Array)
#16 D:/DS-TI/CRM-DIMSUM/opm-digemid/vendor/laravel/framework/src/Illuminate/View/View.php(209): Livewire/Mechanisms/ExtendBlade/ExtendedCompilerEngine->get('D://DS-TI//CRM-DI...', Array)
#17 D:/DS-TI/CRM-DIMSUM/opm-digemid/vendor/laravel/framework/src/Illuminate/View/View.php(192): Illuminate/View/View->getContents()
#18 D:/DS-TI/CRM-DIMSUM/opm-digemid/vendor/laravel/framework/src/Illuminate/View/View.php(161): Illuminate/View/View->renderContents()
#19 D:/DS-TI/CRM-DIMSUM/opm-digemid/vendor/livewire/livewire/src/Mechanisms/HandleComponents/HandleComponents.php(417): Illuminate/View/View->render(Object(Closure))
#20 D:/DS-TI/CRM-DIMSUM/opm-digemid/vendor/livewire/livewire/src/Mechanisms/HandleComponents/HandleComponents.php(468): Livewire/Mechanisms/HandleComponents/HandleComponents->Livewire/Mechanisms/HandleComponents/{closure}()
#21 D:/DS-TI/CRM-DIMSUM/opm-digemid/vendor/livewire/livewire/src/Mechanisms/HandleComponents/HandleComponents.php(409): Livewire/Mechanisms/HandleComponents/HandleComponents->trackInRenderStack(Object(App/Filament/Pages/Ventas/ExtraccionVentas), Object(Closure))
#22 D:/DS-TI/CRM-DIMSUM/opm-digemid/vendor/livewire/livewire/src/Mechanisms/HandleComponents/HandleComponents.php(83): Livewire/Mechanisms/HandleComponents/HandleComponents->render(Object(App/Filament/Pages/Ventas/ExtraccionVentas), '<div></div>')
#23 D:/DS-TI/CRM-DIMSUM/opm-digemid/vendor/livewire/livewire/src/LivewireManager.php(102): Livewire/Mechanisms/HandleComponents/HandleComponents->mount('App//Filament//Pa...', Array, NULL, Array)
#24 D:/DS-TI/CRM-DIMSUM/opm-digemid/vendor/livewire/livewire/src/Features/SupportPageComponents/HandlesPageComponents.php(19): Livewire/LivewireManager->mount('App//Filament//Pa...', Array)
#25 D:/DS-TI/CRM-DIMSUM/opm-digemid/vendor/livewire/livewire/src/Features/SupportPageComponents/SupportPageComponents.php(118): Livewire/Component->Livewire/Features/SupportPageComponents/{closure}()
#26 D:/DS-TI/CRM-DIMSUM/opm-digemid/vendor/livewire/livewire/src/Features/SupportPageComponents/HandlesPageComponents.php(14): Livewire/Features/SupportPageComponents/SupportPageComponents::interceptTheRenderOfTheComponentAndRetreiveTheLayoutConfiguration(Object(Closure))
#27 D:/DS-TI/CRM-DIMSUM/opm-digemid/vendor/laravel/framework/src/Illuminate/Routing/ControllerDispatcher.php(47): Livewire/Component->__invoke()
#28 D:/DS-TI/CRM-DIMSUM/opm-digemid/vendor/laravel/framework/src/Illuminate/Routing/Route.php(266): Illuminate/Routing/ControllerDispatcher->dispatch(Object(Illuminate/Routing/Route), Object(App/Filament/Pages/Ventas/ExtraccionVentas), '__invoke')
#29 D:/DS-TI/CRM-DIMSUM/opm-digemid/vendor/laravel/framework/src/Illuminate/Routing/Route.php(212): Illuminate/Routing/Route->runController()
#30 D:/DS-TI/CRM-DIMSUM/opm-digemid/vendor/laravel/framework/src/Illuminate/Routing/Router.php(808): Illuminate/Routing/Route->run()
#31 D:/DS-TI/CRM-DIMSUM/opm-digemid/vendor/laravel/framework/src/Illuminate/Pipeline/Pipeline.php(170): Illuminate/Routing/Router->Illuminate/Routing/{closure}(Object(Illuminate/Http/Request))
#32 D:/DS-TI/CRM-DIMSUM/opm-digemid/vendor/filament/filament/src/Http/Middleware/DispatchServingFilamentEvent.php(15): Illuminate/Pipeline/Pipeline->Illuminate/Pipeline/{closure}(Object(Illuminate/Http/Request))
#33 D:/DS-TI/CRM-DIMSUM/opm-digemid/vendor/laravel/framework/src/Illuminate/Pipeline/Pipeline.php(209): Filament/Http/Middleware/DispatchServingFilamentEvent->handle(Object(Illuminate/Http/Request), Object(Closure))
#34 D:/DS-TI/CRM-DIMSUM/opm-digemid/vendor/filament/filament/src/Http/Middleware/DisableBladeIconComponents.php(14): Illuminate/Pipeline/Pipeline->Illuminate/Pipeline/{closure}(Object(Illuminate/Http/Request))
#35 D:/DS-TI/CRM-DIMSUM/opm-digemid/vendor/laravel/framework/src/Illuminate/Pipeline/Pipeline.php(209): Filament/Http/Middleware/DisableBladeIconComponents->handle(Object(Illuminate/Http/Request), Object(Closure))
#36 D:/DS-TI/CRM-DIMSUM/opm-digemid/vendor/laravel/framework/src/Illuminate/Routing/Middleware/SubstituteBindings.php(51): Illuminate/Pipeline/Pipeline->Illuminate/Pipeline/{closure}(Object(Illuminate/Http/Request))
#37 D:/DS-TI/CRM-DIMSUM/opm-digemid/vendor/laravel/framework/src/Illuminate/Pipeline/Pipeline.php(209): Illuminate/Routing/Middleware/SubstituteBindings->handle(Object(Illuminate/Http/Request), Object(Closure))
#38 D:/DS-TI/CRM-DIMSUM/opm-digemid/vendor/laravel/framework/src/Illuminate/Foundation/Http/Middleware/VerifyCsrfToken.php(88): Illuminate/Pipeline/Pipeline->Illuminate/Pipeline/{closure}(Object(Illuminate/Http/Request))
#39 D:/DS-TI/CRM-DIMSUM/opm-digemid/vendor/laravel/framework/src/Illuminate/Pipeline/Pipeline.php(209): Illuminate/Foundation/Http/Middleware/VerifyCsrfToken->handle(Object(Illuminate/Http/Request), Object(Closure))
#40 D:/DS-TI/CRM-DIMSUM/opm-digemid/vendor/laravel/framework/src/Illuminate/Session/Middleware/AuthenticateSession.php(67): Illuminate/Pipeline/Pipeline->Illuminate/Pipeline/{closure}(Object(Illuminate/Http/Request))
#41 D:/DS-TI/CRM-DIMSUM/opm-digemid/vendor/laravel/framework/src/Illuminate/Pipeline/Pipeline.php(209): Illuminate/Session/Middleware/AuthenticateSession->handle(Object(Illuminate/Http/Request), Object(Closure))
#42 D:/DS-TI/CRM-DIMSUM/opm-digemid/vendor/laravel/framework/src/Illuminate/Auth/Middleware/Authenticate.php(64): Illuminate/Pipeline/Pipeline->Illuminate/Pipeline/{closure}(Object(Illuminate/Http/Request))
#43 D:/DS-TI/CRM-DIMSUM/opm-digemid/vendor/laravel/framework/src/Illuminate/Pipeline/Pipeline.php(209): Illuminate/Auth/Middleware/Authenticate->handle(Object(Illuminate/Http/Request), Object(Closure))
#44 D:/DS-TI/CRM-DIMSUM/opm-digemid/vendor/laravel/framework/src/Illuminate/View/Middleware/ShareErrorsFromSession.php(49): Illuminate/Pipeline/Pipeline->Illuminate/Pipeline/{closure}(Object(Illuminate/Http/Request))
#45 D:/DS-TI/CRM-DIMSUM/opm-digemid/vendor/laravel/framework/src/Illuminate/Pipeline/Pipeline.php(209): Illuminate/View/Middleware/ShareErrorsFromSession->handle(Object(Illuminate/Http/Request), Object(Closure))
#46 D:/DS-TI/CRM-DIMSUM/opm-digemid/vendor/laravel/framework/src/Illuminate/Session/Middleware/StartSession.php(121): Illuminate/Pipeline/Pipeline->Illuminate/Pipeline/{closure}(Object(Illuminate/Http/Request))
#47 D:/DS-TI/CRM-DIMSUM/opm-digemid/vendor/laravel/framework/src/Illuminate/Session/Middleware/StartSession.php(64): Illuminate/Session/Middleware/StartSession->handleStatefulRequest(Object(Illuminate/Http/Request), Object(Illuminate/Session/Store), Object(Closure))
#48 D:/DS-TI/CRM-DIMSUM/opm-digemid/vendor/laravel/framework/src/Illuminate/Pipeline/Pipeline.php(209): Illuminate/Session/Middleware/StartSession->handle(Object(Illuminate/Http/Request), Object(Closure))
#49 D:/DS-TI/CRM-DIMSUM/opm-digemid/vendor/laravel/framework/src/Illuminate/Cookie/Middleware/AddQueuedCookiesToResponse.php(37): Illuminate/Pipeline/Pipeline->Illuminate/Pipeline/{closure}(Object(Illuminate/Http/Request))
#50 D:/DS-TI/CRM-DIMSUM/opm-digemid/vendor/laravel/framework/src/Illuminate/Pipeline/Pipeline.php(209): Illuminate/Cookie/Middleware/AddQueuedCookiesToResponse->handle(Object(Illuminate/Http/Request), Object(Closure))
#51 D:/DS-TI/CRM-DIMSUM/opm-digemid/vendor/laravel/framework/src/Illuminate/Cookie/Middleware/EncryptCookies.php(75): Illuminate/Pipeline/Pipeline->Illuminate/Pipeline/{closure}(Object(Illuminate/Http/Request))
#52 D:/DS-TI/CRM-DIMSUM/opm-digemid/vendor/laravel/framework/src/Illuminate/Pipeline/Pipeline.php(209): Illuminate/Cookie/Middleware/EncryptCookies->handle(Object(Illuminate/Http/Request), Object(Closure))
#53 D:/DS-TI/CRM-DIMSUM/opm-digemid/vendor/filament/filament/src/Http/Middleware/SetUpPanel.php(19): Illuminate/Pipeline/Pipeline->Illuminate/Pipeline/{closure}(Object(Illuminate/Http/Request))
#54 D:/DS-TI/CRM-DIMSUM/opm-digemid/vendor/laravel/framework/src/Illuminate/Pipeline/Pipeline.php(209): Filament/Http/Middleware/SetUpPanel->handle(Object(Illuminate/Http/Request), Object(Closure), Object(Filament/Panel))
#55 D:/DS-TI/CRM-DIMSUM/opm-digemid/vendor/laravel/framework/src/Illuminate/Pipeline/Pipeline.php(127): Illuminate/Pipeline/Pipeline->Illuminate/Pipeline/{closure}(Object(Illuminate/Http/Request))
#56 D:/DS-TI/CRM-DIMSUM/opm-digemid/vendor/laravel/framework/src/Illuminate/Routing/Router.php(807): Illuminate/Pipeline/Pipeline->then(Object(Closure))
#57 D:/DS-TI/CRM-DIMSUM/opm-digemid/vendor/laravel/framework/src/Illuminate/Routing/Router.php(786): Illuminate/Routing/Router->runRouteWithinStack(Object(Illuminate/Routing/Route), Object(Illuminate/Http/Request))
#58 D:/DS-TI/CRM-DIMSUM/opm-digemid/vendor/laravel/framework/src/Illuminate/Routing/Router.php(750): Illuminate/Routing/Router->runRoute(Object(Illuminate/Http/Request), Object(Illuminate/Routing/Route))
#59 D:/DS-TI/CRM-DIMSUM/opm-digemid/vendor/laravel/framework/src/Illuminate/Routing/Router.php(739): Illuminate/Routing/Router->dispatchToRoute(Object(Illuminate/Http/Request))
#60 D:/DS-TI/CRM-DIMSUM/opm-digemid/vendor/laravel/framework/src/Illuminate/Foundation/Http/Kernel.php(201): Illuminate/Routing/Router->dispatch(Object(Illuminate/Http/Request))
#61 D:/DS-TI/CRM-DIMSUM/opm-digemid/vendor/laravel/framework/src/Illuminate/Pipeline/Pipeline.php(170): Illuminate/Foundation/Http/Kernel->Illuminate/Foundation/Http/{closure}(Object(Illuminate/Http/Request))
#62 D:/DS-TI/CRM-DIMSUM/opm-digemid/vendor/livewire/livewire/src/Features/SupportDisablingBackButtonCache/DisableBackButtonCacheMiddleware.php(19): Illuminate/Pipeline/Pipeline->Illuminate/Pipeline/{closure}(Object(Illuminate/Http/Request))
#63 D:/DS-TI/CRM-DIMSUM/opm-digemid/vendor/laravel/framework/src/Illuminate/Pipeline/Pipeline.php(209): Livewire/Features/SupportDisablingBackButtonCache/DisableBackButtonCacheMiddleware->handle(Object(Illuminate/Http/Request), Object(Closure))
#64 D:/DS-TI/CRM-DIMSUM/opm-digemid/app/Http/Middleware/SecurityHeaders.php(13): Illuminate/Pipeline/Pipeline->Illuminate/Pipeline/{closure}(Object(Illuminate/Http/Request))
#65 D:/DS-TI/CRM-DIMSUM/opm-digemid/vendor/laravel/framework/src/Illuminate/Pipeline/Pipeline.php(209): App/Http/Middleware/SecurityHeaders->handle(Object(Illuminate/Http/Request), Object(Closure))
#66 D:/DS-TI/CRM-DIMSUM/opm-digemid/vendor/laravel/framework/src/Illuminate/Foundation/Http/Middleware/TransformsRequest.php(21): Illuminate/Pipeline/Pipeline->Illuminate/Pipeline/{closure}(Object(Illuminate/Http/Request))
#67 D:/DS-TI/CRM-DIMSUM/opm-digemid/vendor/laravel/framework/src/Illuminate/Foundation/Http/Middleware/ConvertEmptyStringsToNull.php(31): Illuminate/Foundation/Http/Middleware/TransformsRequest->handle(Object(Illuminate/Http/Request), Object(Closure))
#68 D:/DS-TI/CRM-DIMSUM/opm-digemid/vendor/laravel/framework/src/Illuminate/Pipeline/Pipeline.php(209): Illuminate/Foundation/Http/Middleware/ConvertEmptyStringsToNull->handle(Object(Illuminate/Http/Request), Object(Closure))
#69 D:/DS-TI/CRM-DIMSUM/opm-digemid/vendor/laravel/framework/src/Illuminate/Foundation/Http/Middleware/TransformsRequest.php(21): Illuminate/Pipeline/Pipeline->Illuminate/Pipeline/{closure}(Object(Illuminate/Http/Request))
#70 D:/DS-TI/CRM-DIMSUM/opm-digemid/vendor/laravel/framework/src/Illuminate/Foundation/Http/Middleware/TrimStrings.php(51): Illuminate/Foundation/Http/Middleware/TransformsRequest->handle(Object(Illuminate/Http/Request), Object(Closure))
#71 D:/DS-TI/CRM-DIMSUM/opm-digemid/vendor/laravel/framework/src/Illuminate/Pipeline/Pipeline.php(209): Illuminate/Foundation/Http/Middleware/TrimStrings->handle(Object(Illuminate/Http/Request), Object(Closure))
#72 D:/DS-TI/CRM-DIMSUM/opm-digemid/vendor/laravel/framework/src/Illuminate/Http/Middleware/ValidatePostSize.php(27): Illuminate/Pipeline/Pipeline->Illuminate/Pipeline/{closure}(Object(Illuminate/Http/Request))
#73 D:/DS-TI/CRM-DIMSUM/opm-digemid/vendor/laravel/framework/src/Illuminate/Pipeline/Pipeline.php(209): Illuminate/Http/Middleware/ValidatePostSize->handle(Object(Illuminate/Http/Request), Object(Closure))
#74 D:/DS-TI/CRM-DIMSUM/opm-digemid/vendor/laravel/framework/src/Illuminate/Foundation/Http/Middleware/PreventRequestsDuringMaintenance.php(110): Illuminate/Pipeline/Pipeline->Illuminate/Pipeline/{closure}(Object(Illuminate/Http/Request))
#75 D:/DS-TI/CRM-DIMSUM/opm-digemid/vendor/laravel/framework/src/Illuminate/Pipeline/Pipeline.php(209): Illuminate/Foundation/Http/Middleware/PreventRequestsDuringMaintenance->handle(Object(Illuminate/Http/Request), Object(Closure))
#76 D:/DS-TI/CRM-DIMSUM/opm-digemid/vendor/laravel/framework/src/Illuminate/Http/Middleware/HandleCors.php(49): Illuminate/Pipeline/Pipeline->Illuminate/Pipeline/{closure}(Object(Illuminate/Http/Request))
#77 D:/DS-TI/CRM-DIMSUM/opm-digemid/vendor/laravel/framework/src/Illuminate/Pipeline/Pipeline.php(209): Illuminate/Http/Middleware/HandleCors->handle(Object(Illuminate/Http/Request), Object(Closure))
#78 D:/DS-TI/CRM-DIMSUM/opm-digemid/vendor/laravel/framework/src/Illuminate/Http/Middleware/TrustProxies.php(58): Illuminate/Pipeline/Pipeline->Illuminate/Pipeline/{closure}(Object(Illuminate/Http/Request))
#79 D:/DS-TI/CRM-DIMSUM/opm-digemid/vendor/laravel/framework/src/Illuminate/Pipeline/Pipeline.php(209): Illuminate/Http/Middleware/TrustProxies->handle(Object(Illuminate/Http/Request), Object(Closure))
#80 D:/DS-TI/CRM-DIMSUM/opm-digemid/vendor/laravel/framework/src/Illuminate/Foundation/Http/Middleware/InvokeDeferredCallbacks.php(22): Illuminate/Pipeline/Pipeline->Illuminate/Pipeline/{closure}(Object(Illuminate/Http/Request))
#81 D:/DS-TI/CRM-DIMSUM/opm-digemid/vendor/laravel/framework/src/Illuminate/Pipeline/Pipeline.php(209): Illuminate/Foundation/Http/Middleware/InvokeDeferredCallbacks->handle(Object(Illuminate/Http/Request), Object(Closure))
#82 D:/DS-TI/CRM-DIMSUM/opm-digemid/vendor/laravel/framework/src/Illuminate/Pipeline/Pipeline.php(127): Illuminate/Pipeline/Pipeline->Illuminate/Pipeline/{closure}(Object(Illuminate/Http/Request))
#83 D:/DS-TI/CRM-DIMSUM/opm-digemid/vendor/laravel/framework/src/Illuminate/Foundation/Http/Kernel.php(176): Illuminate/Pipeline/Pipeline->then(Object(Closure))
#84 D:/DS-TI/CRM-DIMSUM/opm-digemid/vendor/laravel/framework/src/Illuminate/Foundation/Http/Kernel.php(145): Illuminate/Foundation/Http/Kernel->sendRequestThroughRouter(Object(Illuminate/Http/Request))
#85 D:/DS-TI/CRM-DIMSUM/opm-digemid/vendor/laravel/framework/src/Illuminate/Foundation/Application.php(1220): Illuminate/Foundation/Http/Kernel->handle(Object(Illuminate/Http/Request))
#86 D:/DS-TI/CRM-DIMSUM/opm-digemid/public/index.php(17): Illuminate/Foundation/Application->handleRequest(Object(Illuminate/Http/Request))
#87 D:/DS-TI/CRM-DIMSUM/opm-digemid/vendor/laravel/framework/src/Illuminate/Foundation/resources/server.php(23): require_once('D://DS-TI//CRM-DI...')
#88 {main}

[previous exception] [object] (Error(code: 0): Class \"Illuminate\\Support\\CarbonPeriod\" not found at D:/DS-TI/CRM-DIMSUM/opm-digemid/app/Filament/Pages/Ventas/ExtraccionVentas.php:288)
[stacktrace]
#0 D:/DS-TI/CRM-DIMSUM/opm-digemid/vendor/laravel/framework/src/Illuminate/Collections/Traits/EnumeratesValues.php(261): App/Filament/Pages/Ventas/ExtraccionVentas->App/Filament/Pages/Ventas/{closure}(Object(App/Models/VentaExtraccion), 0)
#1 D:/DS-TI/CRM-DIMSUM/opm-digemid/app/Filament/Pages/Ventas/ExtraccionVentas.php(267): Illuminate/Support/Collection->each(Object(Closure))
#2 D:/DS-TI/CRM-DIMSUM/opm-digemid/app/Filament/Pages/Ventas/ExtraccionVentas.php(217): App/Filament/Pages/Ventas/ExtraccionVentas->coverageForLocal('1', 2026)
#3 D:/DS-TI/CRM-DIMSUM/opm-digemid/storage/framework/views/211cb8379a194d17e3c0f4cee5958287.php(2): App/Filament/Pages/Ventas/ExtraccionVentas->coverageMap()
#4 D:/DS-TI/CRM-DIMSUM/opm-digemid/vendor/livewire/livewire/src/Mechanisms/ExtendBlade/ExtendedCompilerEngine.php(37): include('D://DS-TI//CRM-DI...')
#5 D:/DS-TI/CRM-DIMSUM/opm-digemid/vendor/livewire/livewire/src/Mechanisms/ExtendBlade/ExtendedCompilerEngine.php(38): App/Filament/Pages/Ventas/ExtraccionVentas->Livewire/Mechanisms/ExtendBlade/{closure}()
#6 D:/DS-TI/CRM-DIMSUM/opm-digemid/vendor/laravel/framework/src/Illuminate/View/Engines/CompilerEngine.php(75): Livewire/Mechanisms/ExtendBlade/ExtendedCompilerEngine->evaluatePath('D://DS-TI//CRM-DI...', Array)
#7 D:/DS-TI/CRM-DIMSUM/opm-digemid/vendor/livewire/livewire/src/Mechanisms/ExtendBlade/ExtendedCompilerEngine.php(16): Illuminate/View/Engines/CompilerEngine->get('D://DS-TI//CRM-DI...', Array)
#8 D:/DS-TI/CRM-DIMSUM/opm-digemid/vendor/laravel/framework/src/Illuminate/View/View.php(209): Livewire/Mechanisms/ExtendBlade/ExtendedCompilerEngine->get('D://DS-TI//CRM-DI...', Array)
#9 D:/DS-TI/CRM-DIMSUM/opm-digemid/vendor/laravel/framework/src/Illuminate/View/View.php(192): Illuminate/View/View->getContents()
#10 D:/DS-TI/CRM-DIMSUM/opm-digemid/vendor/laravel/framework/src/Illuminate/View/View.php(161): Illuminate/View/View->renderContents()
#11 D:/DS-TI/CRM-DIMSUM/opm-digemid/storage/framework/views/220600a7f133b7fb4f59ba58da394235.php(104): Illuminate/View/View->render()
#12 D:/DS-TI/CRM-DIMSUM/opm-digemid/vendor/livewire/livewire/src/Mechanisms/ExtendBlade/ExtendedCompilerEngine.php(37): include('D://DS-TI//CRM-DI...')
#13 D:/DS-TI/CRM-DIMSUM/opm-digemid/vendor/livewire/livewire/src/Mechanisms/ExtendBlade/ExtendedCompilerEngine.php(38): App/Filament/Pages/Ventas/ExtraccionVentas->Livewire/Mechanisms/ExtendBlade/{closure}()
#14 D:/DS-TI/CRM-DIMSUM/opm-digemid/vendor/laravel/framework/src/Illuminate/View/Engines/CompilerEngine.php(75): Livewire/Mechanisms/ExtendBlade/ExtendedCompilerEngine->evaluatePath('D://DS-TI//CRM-DI...', Array)
#15 D:/DS-TI/CRM-DIMSUM/opm-digemid/vendor/livewire/livewire/src/Mechanisms/ExtendBlade/ExtendedCompilerEngine.php(16): Illuminate/View/Engines/CompilerEngine->get('D://DS-TI//CRM-DI...', Array)
#16 D:/DS-TI/CRM-DIMSUM/opm-digemid/vendor/laravel/framework/src/Illuminate/View/View.php(209): Livewire/Mechanisms/ExtendBlade/ExtendedCompilerEngine->get('D://DS-TI//CRM-DI...', Array)
#17 D:/DS-TI/CRM-DIMSUM/opm-digemid/vendor/laravel/framework/src/Illuminate/View/View.php(192): Illuminate/View/View->getContents()
#18 D:/DS-TI/CRM-DIMSUM/opm-digemid/vendor/laravel/framework/src/Illuminate/View/View.php(161): Illuminate/View/View->renderContents()
#19 D:/DS-TI/CRM-DIMSUM/opm-digemid/vendor/livewire/livewire/src/Mechanisms/HandleComponents/HandleComponents.php(417): Illuminate/View/View->render(Object(Closure))
#20 D:/DS-TI/CRM-DIMSUM/opm-digemid/vendor/livewire/livewire/src/Mechanisms/HandleComponents/HandleComponents.php(468): Livewire/Mechanisms/HandleComponents/HandleComponents->Livewire/Mechanisms/HandleComponents/{closure}()
#21 D:/DS-TI/CRM-DIMSUM/opm-digemid/vendor/livewire/livewire/src/Mechanisms/HandleComponents/HandleComponents.php(409): Livewire/Mechanisms/HandleComponents/HandleComponents->trackInRenderStack(Object(App/Filament/Pages/Ventas/ExtraccionVentas), Object(Closure))
#22 D:/DS-TI/CRM-DIMSUM/opm-digemid/vendor/livewire/livewire/src/Mechanisms/HandleComponents/HandleComponents.php(83): Livewire/Mechanisms/HandleComponents/HandleComponents->render(Object(App/Filament/Pages/Ventas/ExtraccionVentas), '<div></div>')
#23 D:/DS-TI/CRM-DIMSUM/opm-digemid/vendor/livewire/livewire/src/LivewireManager.php(102): Livewire/Mechanisms/HandleComponents/HandleComponents->mount('App//Filament//Pa...', Array, NULL, Array)
#24 D:/DS-TI/CRM-DIMSUM/opm-digemid/vendor/livewire/livewire/src/Features/SupportPageComponents/HandlesPageComponents.php(19): Livewire/LivewireManager->mount('App//Filament//Pa...', Array)
#25 D:/DS-TI/CRM-DIMSUM/opm-digemid/vendor/livewire/livewire/src/Features/SupportPageComponents/SupportPageComponents.php(118): Livewire/Component->Livewire/Features/SupportPageComponents/{closure}()
#26 D:/DS-TI/CRM-DIMSUM/opm-digemid/vendor/livewire/livewire/src/Features/SupportPageComponents/HandlesPageComponents.php(14): Livewire/Features/SupportPageComponents/SupportPageComponents::interceptTheRenderOfTheComponentAndRetreiveTheLayoutConfiguration(Object(Closure))
#27 D:/DS-TI/CRM-DIMSUM/opm-digemid/vendor/laravel/framework/src/Illuminate/Routing/ControllerDispatcher.php(47): Livewire/Component->__invoke()
#28 D:/DS-TI/CRM-DIMSUM/opm-digemid/vendor/laravel/framework/src/Illuminate/Routing/Route.php(266): Illuminate/Routing/ControllerDispatcher->dispatch(Object(Illuminate/Routing/Route), Object(App/Filament/Pages/Ventas/ExtraccionVentas), '__invoke')
#29 D:/DS-TI/CRM-DIMSUM/opm-digemid/vendor/laravel/framework/src/Illuminate/Routing/Route.php(212): Illuminate/Routing/Route->runController()
#30 D:/DS-TI/CRM-DIMSUM/opm-digemid/vendor/laravel/framework/src/Illuminate/Routing/Router.php(808): Illuminate/Routing/Route->run()
#31 D:/DS-TI/CRM-DIMSUM/opm-digemid/vendor/laravel/framework/src/Illuminate/Pipeline/Pipeline.php(170): Illuminate/Routing/Router->Illuminate/Routing/{closure}(Object(Illuminate/Http/Request))
#32 D:/DS-TI/CRM-DIMSUM/opm-digemid/vendor/filament/filament/src/Http/Middleware/DispatchServingFilamentEvent.php(15): Illuminate/Pipeline/Pipeline->Illuminate/Pipeline/{closure}(Object(Illuminate/Http/Request))
#33 D:/DS-TI/CRM-DIMSUM/opm-digemid/vendor/laravel/framework/src/Illuminate/Pipeline/Pipeline.php(209): Filament/Http/Middleware/DispatchServingFilamentEvent->handle(Object(Illuminate/Http/Request), Object(Closure))
#34 D:/DS-TI/CRM-DIMSUM/opm-digemid/vendor/filament/filament/src/Http/Middleware/DisableBladeIconComponents.php(14): Illuminate/Pipeline/Pipeline->Illuminate/Pipeline/{closure}(Object(Illuminate/Http/Request))
#35 D:/DS-TI/CRM-DIMSUM/opm-digemid/vendor/laravel/framework/src/Illuminate/Pipeline/Pipeline.php(209): Filament/Http/Middleware/DisableBladeIconComponents->handle(Object(Illuminate/Http/Request), Object(Closure))
#36 D:/DS-TI/CRM-DIMSUM/opm-digemid/vendor/laravel/framework/src/Illuminate/Routing/Middleware/SubstituteBindings.php(51): Illuminate/Pipeline/Pipeline->Illuminate/Pipeline/{closure}(Object(Illuminate/Http/Request))
#37 D:/DS-TI/CRM-DIMSUM/opm-digemid/vendor/laravel/framework/src/Illuminate/Pipeline/Pipeline.php(209): Illuminate/Routing/Middleware/SubstituteBindings->handle(Object(Illuminate/Http/Request), Object(Closure))
#38 D:/DS-TI/CRM-DIMSUM/opm-digemid/vendor/laravel/framework/src/Illuminate/Foundation/Http/Middleware/VerifyCsrfToken.php(88): Illuminate/Pipeline/Pipeline->Illuminate/Pipeline/{closure}(Object(Illuminate/Http/Request))
#39 D:/DS-TI/CRM-DIMSUM/opm-digemid/vendor/laravel/framework/src/Illuminate/Pipeline/Pipeline.php(209): Illuminate/Foundation/Http/Middleware/VerifyCsrfToken->handle(Object(Illuminate/Http/Request), Object(Closure))
#40 D:/DS-TI/CRM-DIMSUM/opm-digemid/vendor/laravel/framework/src/Illuminate/Session/Middleware/AuthenticateSession.php(67): Illuminate/Pipeline/Pipeline->Illuminate/Pipeline/{closure}(Object(Illuminate/Http/Request))
#41 D:/DS-TI/CRM-DIMSUM/opm-digemid/vendor/laravel/framework/src/Illuminate/Pipeline/Pipeline.php(209): Illuminate/Session/Middleware/AuthenticateSession->handle(Object(Illuminate/Http/Request), Object(Closure))
#42 D:/DS-TI/CRM-DIMSUM/opm-digemid/vendor/laravel/framework/src/Illuminate/Auth/Middleware/Authenticate.php(64): Illuminate/Pipeline/Pipeline->Illuminate/Pipeline/{closure}(Object(Illuminate/Http/Request))
#43 D:/DS-TI/CRM-DIMSUM/opm-digemid/vendor/laravel/framework/src/Illuminate/Pipeline/Pipeline.php(209): Illuminate/Auth/Middleware/Authenticate->handle(Object(Illuminate/Http/Request), Object(Closure))
#44 D:/DS-TI/CRM-DIMSUM/opm-digemid/vendor/laravel/framework/src/Illuminate/View/Middleware/ShareErrorsFromSession.php(49): Illuminate/Pipeline/Pipeline->Illuminate/Pipeline/{closure}(Object(Illuminate/Http/Request))
#45 D:/DS-TI/CRM-DIMSUM/opm-digemid/vendor/laravel/framework/src/Illuminate/Pipeline/Pipeline.php(209): Illuminate/View/Middleware/ShareErrorsFromSession->handle(Object(Illuminate/Http/Request), Object(Closure))
#46 D:/DS-TI/CRM-DIMSUM/opm-digemid/vendor/laravel/framework/src/Illuminate/Session/Middleware/StartSession.php(121): Illuminate/Pipeline/Pipeline->Illuminate/Pipeline/{closure}(Object(Illuminate/Http/Request))
#47 D:/DS-TI/CRM-DIMSUM/opm-digemid/vendor/laravel/framework/src/Illuminate/Session/Middleware/StartSession.php(64): Illuminate/Session/Middleware/StartSession->handleStatefulRequest(Object(Illuminate/Http/Request), Object(Illuminate/Session/Store), Object(Closure))
#48 D:/DS-TI/CRM-DIMSUM/opm-digemid/vendor/laravel/framework/src/Illuminate/Pipeline/Pipeline.php(209): Illuminate/Session/Middleware/StartSession->handle(Object(Illuminate/Http/Request), Object(Closure))
#49 D:/DS-TI/CRM-DIMSUM/opm-digemid/vendor/laravel/framework/src/Illuminate/Cookie/Middleware/AddQueuedCookiesToResponse.php(37): Illuminate/Pipeline/Pipeline->Illuminate/Pipeline/{closure}(Object(Illuminate/Http/Request))
#50 D:/DS-TI/CRM-DIMSUM/opm-digemid/vendor/laravel/framework/src/Illuminate/Pipeline/Pipeline.php(209): Illuminate/Cookie/Middleware/AddQueuedCookiesToResponse->handle(Object(Illuminate/Http/Request), Object(Closure))
#51 D:/DS-TI/CRM-DIMSUM/opm-digemid/vendor/laravel/framework/src/Illuminate/Cookie/Middleware/EncryptCookies.php(75): Illuminate/Pipeline/Pipeline->Illuminate/Pipeline/{closure}(Object(Illuminate/Http/Request))
#52 D:/DS-TI/CRM-DIMSUM/opm-digemid/vendor/laravel/framework/src/Illuminate/Pipeline/Pipeline.php(209): Illuminate/Cookie/Middleware/EncryptCookies->handle(Object(Illuminate/Http/Request), Object(Closure))
#53 D:/DS-TI/CRM-DIMSUM/opm-digemid/vendor/filament/filament/src/Http/Middleware/SetUpPanel.php(19): Illuminate/Pipeline/Pipeline->Illuminate/Pipeline/{closure}(Object(Illuminate/Http/Request))
#54 D:/DS-TI/CRM-DIMSUM/opm-digemid/vendor/laravel/framework/src/Illuminate/Pipeline/Pipeline.php(209): Filament/Http/Middleware/SetUpPanel->handle(Object(Illuminate/Http/Request), Object(Closure), Object(Filament/Panel))
#55 D:/DS-TI/CRM-DIMSUM/opm-digemid/vendor/laravel/framework/src/Illuminate/Pipeline/Pipeline.php(127): Illuminate/Pipeline/Pipeline->Illuminate/Pipeline/{closure}(Object(Illuminate/Http/Request))
#56 D:/DS-TI/CRM-DIMSUM/opm-digemid/vendor/laravel/framework/src/Illuminate/Routing/Router.php(807): Illuminate/Pipeline/Pipeline->then(Object(Closure))
#57 D:/DS-TI/CRM-DIMSUM/opm-digemid/vendor/laravel/framework/src/Illuminate/Routing/Router.php(786): Illuminate/Routing/Router->runRouteWithinStack(Object(Illuminate/Routing/Route), Object(Illuminate/Http/Request))
#58 D:/DS-TI/CRM-DIMSUM/opm-digemid/vendor/laravel/framework/src/Illuminate/Routing/Router.php(750): Illuminate/Routing/Router->runRoute(Object(Illuminate/Http/Request), Object(Illuminate/Routing/Route))
#59 D:/DS-TI/CRM-DIMSUM/opm-digemid/vendor/laravel/framework/src/Illuminate/Routing/Router.php(739): Illuminate/Routing/Router->dispatchToRoute(Object(Illuminate/Http/Request))
#60 D:/DS-TI/CRM-DIMSUM/opm-digemid/vendor/laravel/framework/src/Illuminate/Foundation/Http/Kernel.php(201): Illuminate/Routing/Router->dispatch(Object(Illuminate/Http/Request))
#61 D:/DS-TI/CRM-DIMSUM/opm-digemid/vendor/laravel/framework/src/Illuminate/Pipeline/Pipeline.php(170): Illuminate/Foundation/Http/Kernel->Illuminate/Foundation/Http/{closure}(Object(Illuminate/Http/Request))
#62 D:/DS-TI/CRM-DIMSUM/opm-digemid/vendor/livewire/livewire/src/Features/SupportDisablingBackButtonCache/DisableBackButtonCacheMiddleware.php(19): Illuminate/Pipeline/Pipeline->Illuminate/Pipeline/{closure}(Object(Illuminate/Http/Request))
#63 D:/DS-TI/CRM-DIMSUM/opm-digemid/vendor/laravel/framework/src/Illuminate/Pipeline/Pipeline.php(209): Livewire/Features/SupportDisablingBackButtonCache/DisableBackButtonCacheMiddleware->handle(Object(Illuminate/Http/Request), Object(Closure))
#64 D:/DS-TI/CRM-DIMSUM/opm-digemid/app/Http/Middleware/SecurityHeaders.php(13): Illuminate/Pipeline/Pipeline->Illuminate/Pipeline/{closure}(Object(Illuminate/Http/Request))
#65 D:/DS-TI/CRM-DIMSUM/opm-digemid/vendor/laravel/framework/src/Illuminate/Pipeline/Pipeline.php(209): App/Http/Middleware/SecurityHeaders->handle(Object(Illuminate/Http/Request), Object(Closure))
#66 D:/DS-TI/CRM-DIMSUM/opm-digemid/vendor/laravel/framework/src/Illuminate/Foundation/Http/Middleware/TransformsRequest.php(21): Illuminate/Pipeline/Pipeline->Illuminate/Pipeline/{closure}(Object(Illuminate/Http/Request))
#67 D:/DS-TI/CRM-DIMSUM/opm-digemid/vendor/laravel/framework/src/Illuminate/Foundation/Http/Middleware/ConvertEmptyStringsToNull.php(31): Illuminate/Foundation/Http/Middleware/TransformsRequest->handle(Object(Illuminate/Http/Request), Object(Closure))
#68 D:/DS-TI/CRM-DIMSUM/opm-digemid/vendor/laravel/framework/src/Illuminate/Pipeline/Pipeline.php(209): Illuminate/Foundation/Http/Middleware/ConvertEmptyStringsToNull->handle(Object(Illuminate/Http/Request), Object(Closure))
#69 D:/DS-TI/CRM-DIMSUM/opm-digemid/vendor/laravel/framework/src/Illuminate/Foundation/Http/Middleware/TransformsRequest.php(21): Illuminate/Pipeline/Pipeline->Illuminate/Pipeline/{closure}(Object(Illuminate/Http/Request))
#70 D:/DS-TI/CRM-DIMSUM/opm-digemid/vendor/laravel/framework/src/Illuminate/Foundation/Http/Middleware/TrimStrings.php(51): Illuminate/Foundation/Http/Middleware/TransformsRequest->handle(Object(Illuminate/Http/Request), Object(Closure))
#71 D:/DS-TI/CRM-DIMSUM/opm-digemid/vendor/laravel/framework/src/Illuminate/Pipeline/Pipeline.php(209): Illuminate/Foundation/Http/Middleware/TrimStrings->handle(Object(Illuminate/Http/Request), Object(Closure))
#72 D:/DS-TI/CRM-DIMSUM/opm-digemid/vendor/laravel/framework/src/Illuminate/Http/Middleware/ValidatePostSize.php(27): Illuminate/Pipeline/Pipeline->Illuminate/Pipeline/{closure}(Object(Illuminate/Http/Request))
#73 D:/DS-TI/CRM-DIMSUM/opm-digemid/vendor/laravel/framework/src/Illuminate/Pipeline/Pipeline.php(209): Illuminate/Http/Middleware/ValidatePostSize->handle(Object(Illuminate/Http/Request), Object(Closure))
#74 D:/DS-TI/CRM-DIMSUM/opm-digemid/vendor/laravel/framework/src/Illuminate/Foundation/Http/Middleware/PreventRequestsDuringMaintenance.php(110): Illuminate/Pipeline/Pipeline->Illuminate/Pipeline/{closure}(Object(Illuminate/Http/Request))
#75 D:/DS-TI/CRM-DIMSUM/opm-digemid/vendor/laravel/framework/src/Illuminate/Pipeline/Pipeline.php(209): Illuminate/Foundation/Http/Middleware/PreventRequestsDuringMaintenance->handle(Object(Illuminate/Http/Request), Object(Closure))
#76 D:/DS-TI/CRM-DIMSUM/opm-digemid/vendor/laravel/framework/src/Illuminate/Http/Middleware/HandleCors.php(49): Illuminate/Pipeline/Pipeline->Illuminate/Pipeline/{closure}(Object(Illuminate/Http/Request))
#77 D:/DS-TI/CRM-DIMSUM/opm-digemid/vendor/laravel/framework/src/Illuminate/Pipeline/Pipeline.php(209): Illuminate/Http/Middleware/HandleCors->handle(Object(Illuminate/Http/Request), Object(Closure))
#78 D:/DS-TI/CRM-DIMSUM/opm-digemid/vendor/laravel/framework/src/Illuminate/Http/Middleware/TrustProxies.php(58): Illuminate/Pipeline/Pipeline->Illuminate/Pipeline/{closure}(Object(Illuminate/Http/Request))
#79 D:/DS-TI/CRM-DIMSUM/opm-digemid/vendor/laravel/framework/src/Illuminate/Pipeline/Pipeline.php(209): Illuminate/Http/Middleware/TrustProxies->handle(Object(Illuminate/Http/Request), Object(Closure))
#80 D:/DS-TI/CRM-DIMSUM/opm-digemid/vendor/laravel/framework/src/Illuminate/Foundation/Http/Middleware/InvokeDeferredCallbacks.php(22): Illuminate/Pipeline/Pipeline->Illuminate/Pipeline/{closure}(Object(Illuminate/Http/Request))
#81 D:/DS-TI/CRM-DIMSUM/opm-digemid/vendor/laravel/framework/src/Illuminate/Pipeline/Pipeline.php(209): Illuminate/Foundation/Http/Middleware/InvokeDeferredCallbacks->handle(Object(Illuminate/Http/Request), Object(Closure))
#82 D:/DS-TI/CRM-DIMSUM/opm-digemid/vendor/laravel/framework/src/Illuminate/Pipeline/Pipeline.php(127): Illuminate/Pipeline/Pipeline->Illuminate/Pipeline/{closure}(Object(Illuminate/Http/Request))
#83 D:/DS-TI/CRM-DIMSUM/opm-digemid/vendor/laravel/framework/src/Illuminate/Foundation/Http/Kernel.php(176): Illuminate/Pipeline/Pipeline->then(Object(Closure))
#84 D:/DS-TI/CRM-DIMSUM/opm-digemid/vendor/laravel/framework/src/Illuminate/Foundation/Http/Kernel.php(145): Illuminate/Foundation/Http/Kernel->sendRequestThroughRouter(Object(Illuminate/Http/Request))
#85 D:/DS-TI/CRM-DIMSUM/opm-digemid/vendor/laravel/framework/src/Illuminate/Foundation/Application.php(1220): Illuminate/Foundation/Http/Kernel->handle(Object(Illuminate/Http/Request))
#86 D:/DS-TI/CRM-DIMSUM/opm-digemid/public/index.php(17): Illuminate/Foundation/Application->handleRequest(Object(Illuminate/Http/Request))
#87 D:/DS-TI/CRM-DIMSUM/opm-digemid/vendor/laravel/framework/src/Illuminate/Foundation/resources/server.php(23): require_once('D://DS-TI//CRM-DI...')
#88 {main}
"} 
[2026-08-19 18:05:14] local.ERROR: No se pudo consultar Logística. Intenta nuevamente. {"exception":"[object] (RuntimeException(code: 0): No se pudo consultar Logística. Intenta nuevamente. at D:/DS-TI/CRM-DIMSUM/opm-digemid/app/Services/SalesGatewayClient.php:48)
[stacktrace]
#0 D:/DS-TI/CRM-DIMSUM/opm-digemid/app/Services/SalesGatewayClient.php(39): App/Services/SalesGatewayClient->get('/api/ventas/666...')
#1 D:/DS-TI/CRM-DIMSUM/opm-digemid/app/Jobs/ExtraerVentasJob.php(98): App/Services/SalesGatewayClient->saleDetail('666495')
#2 D:/DS-TI/CRM-DIMSUM/opm-digemid/app/Jobs/ExtraerVentasJob.php(65): App/Jobs/ExtraerVentasJob->procesarVenta(Object(App/Models/VentaExtraccion), Object(App/Services/SalesGatewayClient), Array)
#3 D:/DS-TI/CRM-DIMSUM/opm-digemid/app/Jobs/ExtraerVentasJob.php(36): App/Jobs/ExtraerVentasJob->procesar(Object(App/Models/VentaExtraccion), Object(App/Services/SalesGatewayClient))
#4 D:/DS-TI/CRM-DIMSUM/opm-digemid/vendor/laravel/framework/src/Illuminate/Container/BoundMethod.php(36): App/Jobs/ExtraerVentasJob->handle(Object(App/Services/SalesGatewayClient))
#5 D:/DS-TI/CRM-DIMSUM/opm-digemid/vendor/laravel/framework/src/Illuminate/Container/Util.php(43): Illuminate/Container/BoundMethod::Illuminate/Container/{closure}()
#6 D:/DS-TI/CRM-DIMSUM/opm-digemid/vendor/laravel/framework/src/Illuminate/Container/BoundMethod.php(95): Illuminate/Container/Util::unwrapIfClosure(Object(Closure))
#7 D:/DS-TI/CRM-DIMSUM/opm-digemid/vendor/laravel/framework/src/Illuminate/Container/BoundMethod.php(35): Illuminate/Container/BoundMethod::callBoundMethod(Object(Illuminate/Foundation/Application), Array, Object(Closure))
#8 D:/DS-TI/CRM-DIMSUM/opm-digemid/vendor/laravel/framework/src/Illuminate/Container/Container.php(696): Illuminate/Container/BoundMethod::call(Object(Illuminate/Foundation/Application), Array, Array, NULL)
#9 D:/DS-TI/CRM-DIMSUM/opm-digemid/vendor/laravel/framework/src/Illuminate/Bus/Dispatcher.php(126): Illuminate/Container/Container->call(Array)
#10 D:/DS-TI/CRM-DIMSUM/opm-digemid/vendor/laravel/framework/src/Illuminate/Pipeline/Pipeline.php(170): Illuminate/Bus/Dispatcher->Illuminate/Bus/{closure}(Object(App/Jobs/ExtraerVentasJob))
#11 D:/DS-TI/CRM-DIMSUM/opm-digemid/vendor/laravel/framework/src/Illuminate/Pipeline/Pipeline.php(127): Illuminate/Pipeline/Pipeline->Illuminate/Pipeline/{closure}(Object(App/Jobs/ExtraerVentasJob))
#12 D:/DS-TI/CRM-DIMSUM/opm-digemid/vendor/laravel/framework/src/Illuminate/Bus/Dispatcher.php(130): Illuminate/Pipeline/Pipeline->then(Object(Closure))
#13 D:/DS-TI/CRM-DIMSUM/opm-digemid/vendor/laravel/framework/src/Illuminate/Queue/CallQueuedHandler.php(126): Illuminate/Bus/Dispatcher->dispatchNow(Object(App/Jobs/ExtraerVentasJob), false)
#14 D:/DS-TI/CRM-DIMSUM/opm-digemid/vendor/laravel/framework/src/Illuminate/Pipeline/Pipeline.php(170): Illuminate/Queue/CallQueuedHandler->Illuminate/Queue/{closure}(Object(App/Jobs/ExtraerVentasJob))
#15 D:/DS-TI/CRM-DIMSUM/opm-digemid/vendor/laravel/framework/src/Illuminate/Pipeline/Pipeline.php(127): Illuminate/Pipeline/Pipeline->Illuminate/Pipeline/{closure}(Object(App/Jobs/ExtraerVentasJob))
#16 D:/DS-TI/CRM-DIMSUM/opm-digemid/vendor/laravel/framework/src/Illuminate/Queue/CallQueuedHandler.php(121): Illuminate/Pipeline/Pipeline->then(Object(Closure))
#17 D:/DS-TI/CRM-DIMSUM/opm-digemid/vendor/laravel/framework/src/Illuminate/Queue/CallQueuedHandler.php(69): Illuminate/Queue/CallQueuedHandler->dispatchThroughMiddleware(Object(Illuminate/Queue/Jobs/DatabaseJob), Object(App/Jobs/ExtraerVentasJob))
#18 D:/DS-TI/CRM-DIMSUM/opm-digemid/vendor/laravel/framework/src/Illuminate/Queue/Jobs/Job.php(102): Illuminate/Queue/CallQueuedHandler->call(Object(Illuminate/Queue/Jobs/DatabaseJob), Array)
#19 D:/DS-TI/CRM-DIMSUM/opm-digemid/vendor/laravel/framework/src/Illuminate/Queue/Worker.php(461): Illuminate/Queue/Jobs/Job->fire()
#20 D:/DS-TI/CRM-DIMSUM/opm-digemid/vendor/laravel/framework/src/Illuminate/Queue/Worker.php(411): Illuminate/Queue/Worker->process('database', Object(Illuminate/Queue/Jobs/DatabaseJob), Object(Illuminate/Queue/WorkerOptions))
#21 D:/DS-TI/CRM-DIMSUM/opm-digemid/vendor/laravel/framework/src/Illuminate/Queue/Worker.php(189): Illuminate/Queue/Worker->runJob(Object(Illuminate/Queue/Jobs/DatabaseJob), 'database', Object(Illuminate/Queue/WorkerOptions))
#22 D:/DS-TI/CRM-DIMSUM/opm-digemid/vendor/laravel/framework/src/Illuminate/Queue/Console/WorkCommand.php(150): Illuminate/Queue/Worker->daemon('database', 'default', Object(Illuminate/Queue/WorkerOptions))
#23 D:/DS-TI/CRM-DIMSUM/opm-digemid/vendor/laravel/framework/src/Illuminate/Queue/Console/WorkCommand.php(133): Illuminate/Queue/Console/WorkCommand->runWorker('database', 'default')
#24 D:/DS-TI/CRM-DIMSUM/opm-digemid/vendor/laravel/framework/src/Illuminate/Container/BoundMethod.php(36): Illuminate/Queue/Console/WorkCommand->handle()
#25 D:/DS-TI/CRM-DIMSUM/opm-digemid/vendor/laravel/framework/src/Illuminate/Container/Util.php(43): Illuminate/Container/BoundMethod::Illuminate/Container/{closure}()
#26 D:/DS-TI/CRM-DIMSUM/opm-digemid/vendor/laravel/framework/src/Illuminate/Container/BoundMethod.php(95): Illuminate/Container/Util::unwrapIfClosure(Object(Closure))
#27 D:/DS-TI/CRM-DIMSUM/opm-digemid/vendor/laravel/framework/src/Illuminate/Container/BoundMethod.php(35): Illuminate/Container/BoundMethod::callBoundMethod(Object(Illuminate/Foundation/Application), Array, Object(Closure))
#28 D:/DS-TI/CRM-DIMSUM/opm-digemid/vendor/laravel/framework/src/Illuminate/Container/Container.php(696): Illuminate/Container/BoundMethod::call(Object(Illuminate/Foundation/Application), Array, Array, NULL)
#29 D:/DS-TI/CRM-DIMSUM/opm-digemid/vendor/laravel/framework/src/Illuminate/Console/Command.php(213): Illuminate/Container/Container->call(Array)
#30 D:/DS-TI/CRM-DIMSUM/opm-digemid/vendor/symfony/console/Command/Command.php(341): Illuminate/Console/Command->execute(Object(Symfony/Component/Console/Input/ArgvInput), Object(Illuminate/Console/OutputStyle))
#31 D:/DS-TI/CRM-DIMSUM/opm-digemid/vendor/laravel/framework/src/Illuminate/Console/Command.php(182): Symfony/Component/Console/Command/Command->run(Object(Symfony/Component/Console/Input/ArgvInput), Object(Illuminate/Console/OutputStyle))
#32 D:/DS-TI/CRM-DIMSUM/opm-digemid/vendor/symfony/console/Application.php(1117): Illuminate/Console/Command->run(Object(Symfony/Component/Console/Input/ArgvInput), Object(Symfony/Component/Console/Output/ConsoleOutput))
#33 D:/DS-TI/CRM-DIMSUM/opm-digemid/vendor/symfony/console/Application.php(356): Symfony/Component/Console/Application->doRunCommand(Object(Illuminate/Queue/Console/WorkCommand), Object(Symfony/Component/Console/Input/ArgvInput), Object(Symfony/Component/Console/Output/ConsoleOutput))
#34 D:/DS-TI/CRM-DIMSUM/opm-digemid/vendor/symfony/console/Application.php(195): Symfony/Component/Console/Application->doRun(Object(Symfony/Component/Console/Input/ArgvInput), Object(Symfony/Component/Console/Output/ConsoleOutput))
#35 D:/DS-TI/CRM-DIMSUM/opm-digemid/vendor/laravel/framework/src/Illuminate/Foundation/Console/Kernel.php(198): Symfony/Component/Console/Application->run(Object(Symfony/Component/Console/Input/ArgvInput), Object(Symfony/Component/Console/Output/ConsoleOutput))
#36 D:/DS-TI/CRM-DIMSUM/opm-digemid/vendor/laravel/framework/src/Illuminate/Foundation/Application.php(1235): Illuminate/Foundation/Console/Kernel->handle(Object(Symfony/Component/Console/Input/ArgvInput), Object(Symfony/Component/Console/Output/ConsoleOutput))
#37 D:/DS-TI/CRM-DIMSUM/opm-digemid/artisan(13): Illuminate/Foundation/Application->handleCommand(Object(Symfony/Component/Console/Input/ArgvInput))
#38 {main}
"} 
[2026-08-19 18:58:06] local.ERROR: No se pudo consultar Logística. Intenta nuevamente. {"exception":"[object] (RuntimeException(code: 0): No se pudo consultar Logística. Intenta nuevamente. at D:/DS-TI/CRM-DIMSUM/opm-digemid/app/Services/SalesGatewayClient.php:48)
[stacktrace]
#0 D:/DS-TI/CRM-DIMSUM/opm-digemid/app/Services/SalesGatewayClient.php(39): App/Services/SalesGatewayClient->get('/api/ventas/666...')
#1 D:/DS-TI/CRM-DIMSUM/opm-digemid/app/Jobs/ExtraerVentasJob.php(98): App/Services/SalesGatewayClient->saleDetail('666494')
#2 D:/DS-TI/CRM-DIMSUM/opm-digemid/app/Jobs/ExtraerVentasJob.php(65): App/Jobs/ExtraerVentasJob->procesarVenta(Object(App/Models/VentaExtraccion), Object(App/Services/SalesGatewayClient), Array)
#3 D:/DS-TI/CRM-DIMSUM/opm-digemid/app/Jobs/ExtraerVentasJob.php(36): App/Jobs/ExtraerVentasJob->procesar(Object(App/Models/VentaExtraccion), Object(App/Services/SalesGatewayClient))
#4 D:/DS-TI/CRM-DIMSUM/opm-digemid/vendor/laravel/framework/src/Illuminate/Container/BoundMethod.php(36): App/Jobs/ExtraerVentasJob->handle(Object(App/Services/SalesGatewayClient))
#5 D:/DS-TI/CRM-DIMSUM/opm-digemid/vendor/laravel/framework/src/Illuminate/Container/Util.php(43): Illuminate/Container/BoundMethod::Illuminate/Container/{closure}()
#6 D:/DS-TI/CRM-DIMSUM/opm-digemid/vendor/laravel/framework/src/Illuminate/Container/BoundMethod.php(95): Illuminate/Container/Util::unwrapIfClosure(Object(Closure))
#7 D:/DS-TI/CRM-DIMSUM/opm-digemid/vendor/laravel/framework/src/Illuminate/Container/BoundMethod.php(35): Illuminate/Container/BoundMethod::callBoundMethod(Object(Illuminate/Foundation/Application), Array, Object(Closure))
#8 D:/DS-TI/CRM-DIMSUM/opm-digemid/vendor/laravel/framework/src/Illuminate/Container/Container.php(696): Illuminate/Container/BoundMethod::call(Object(Illuminate/Foundation/Application), Array, Array, NULL)
#9 D:/DS-TI/CRM-DIMSUM/opm-digemid/vendor/laravel/framework/src/Illuminate/Bus/Dispatcher.php(126): Illuminate/Container/Container->call(Array)
#10 D:/DS-TI/CRM-DIMSUM/opm-digemid/vendor/laravel/framework/src/Illuminate/Pipeline/Pipeline.php(170): Illuminate/Bus/Dispatcher->Illuminate/Bus/{closure}(Object(App/Jobs/ExtraerVentasJob))
#11 D:/DS-TI/CRM-DIMSUM/opm-digemid/vendor/laravel/framework/src/Illuminate/Pipeline/Pipeline.php(127): Illuminate/Pipeline/Pipeline->Illuminate/Pipeline/{closure}(Object(App/Jobs/ExtraerVentasJob))
#12 D:/DS-TI/CRM-DIMSUM/opm-digemid/vendor/laravel/framework/src/Illuminate/Bus/Dispatcher.php(130): Illuminate/Pipeline/Pipeline->then(Object(Closure))
#13 D:/DS-TI/CRM-DIMSUM/opm-digemid/vendor/laravel/framework/src/Illuminate/Queue/CallQueuedHandler.php(126): Illuminate/Bus/Dispatcher->dispatchNow(Object(App/Jobs/ExtraerVentasJob), false)
#14 D:/DS-TI/CRM-DIMSUM/opm-digemid/vendor/laravel/framework/src/Illuminate/Pipeline/Pipeline.php(170): Illuminate/Queue/CallQueuedHandler->Illuminate/Queue/{closure}(Object(App/Jobs/ExtraerVentasJob))
#15 D:/DS-TI/CRM-DIMSUM/opm-digemid/vendor/laravel/framework/src/Illuminate/Pipeline/Pipeline.php(127): Illuminate/Pipeline/Pipeline->Illuminate/Pipeline/{closure}(Object(App/Jobs/ExtraerVentasJob))
#16 D:/DS-TI/CRM-DIMSUM/opm-digemid/vendor/laravel/framework/src/Illuminate/Queue/CallQueuedHandler.php(121): Illuminate/Pipeline/Pipeline->then(Object(Closure))
#17 D:/DS-TI/CRM-DIMSUM/opm-digemid/vendor/laravel/framework/src/Illuminate/Queue/CallQueuedHandler.php(69): Illuminate/Queue/CallQueuedHandler->dispatchThroughMiddleware(Object(Illuminate/Queue/Jobs/DatabaseJob), Object(App/Jobs/ExtraerVentasJob))
#18 D:/DS-TI/CRM-DIMSUM/opm-digemid/vendor/laravel/framework/src/Illuminate/Queue/Jobs/Job.php(102): Illuminate/Queue/CallQueuedHandler->call(Object(Illuminate/Queue/Jobs/DatabaseJob), Array)
#19 D:/DS-TI/CRM-DIMSUM/opm-digemid/vendor/laravel/framework/src/Illuminate/Queue/Worker.php(461): Illuminate/Queue/Jobs/Job->fire()
#20 D:/DS-TI/CRM-DIMSUM/opm-digemid/vendor/laravel/framework/src/Illuminate/Queue/Worker.php(411): Illuminate/Queue/Worker->process('database', Object(Illuminate/Queue/Jobs/DatabaseJob), Object(Illuminate/Queue/WorkerOptions))
#21 D:/DS-TI/CRM-DIMSUM/opm-digemid/vendor/laravel/framework/src/Illuminate/Queue/Worker.php(189): Illuminate/Queue/Worker->runJob(Object(Illuminate/Queue/Jobs/DatabaseJob), 'database', Object(Illuminate/Queue/WorkerOptions))
#22 D:/DS-TI/CRM-DIMSUM/opm-digemid/vendor/laravel/framework/src/Illuminate/Queue/Console/WorkCommand.php(150): Illuminate/Queue/Worker->daemon('database', 'default', Object(Illuminate/Queue/WorkerOptions))
#23 D:/DS-TI/CRM-DIMSUM/opm-digemid/vendor/laravel/framework/src/Illuminate/Queue/Console/WorkCommand.php(133): Illuminate/Queue/Console/WorkCommand->runWorker('database', 'default')
#24 D:/DS-TI/CRM-DIMSUM/opm-digemid/vendor/laravel/framework/src/Illuminate/Container/BoundMethod.php(36): Illuminate/Queue/Console/WorkCommand->handle()
#25 D:/DS-TI/CRM-DIMSUM/opm-digemid/vendor/laravel/framework/src/Illuminate/Container/Util.php(43): Illuminate/Container/BoundMethod::Illuminate/Container/{closure}()
#26 D:/DS-TI/CRM-DIMSUM/opm-digemid/vendor/laravel/framework/src/Illuminate/Container/BoundMethod.php(95): Illuminate/Container/Util::unwrapIfClosure(Object(Closure))
#27 D:/DS-TI/CRM-DIMSUM/opm-digemid/vendor/laravel/framework/src/Illuminate/Container/BoundMethod.php(35): Illuminate/Container/BoundMethod::callBoundMethod(Object(Illuminate/Foundation/Application), Array, Object(Closure))
#28 D:/DS-TI/CRM-DIMSUM/opm-digemid/vendor/laravel/framework/src/Illuminate/Container/Container.php(696): Illuminate/Container/BoundMethod::call(Object(Illuminate/Foundation/Application), Array, Array, NULL)
#29 D:/DS-TI/CRM-DIMSUM/opm-digemid/vendor/laravel/framework/src/Illuminate/Console/Command.php(213): Illuminate/Container/Container->call(Array)
#30 D:/DS-TI/CRM-DIMSUM/opm-digemid/vendor/symfony/console/Command/Command.php(341): Illuminate/Console/Command->execute(Object(Symfony/Component/Console/Input/ArgvInput), Object(Illuminate/Console/OutputStyle))
#31 D:/DS-TI/CRM-DIMSUM/opm-digemid/vendor/laravel/framework/src/Illuminate/Console/Command.php(182): Symfony/Component/Console/Command/Command->run(Object(Symfony/Component/Console/Input/ArgvInput), Object(Illuminate/Console/OutputStyle))
#32 D:/DS-TI/CRM-DIMSUM/opm-digemid/vendor/symfony/console/Application.php(1117): Illuminate/Console/Command->run(Object(Symfony/Component/Console/Input/ArgvInput), Object(Symfony/Component/Console/Output/ConsoleOutput))
#33 D:/DS-TI/CRM-DIMSUM/opm-digemid/vendor/symfony/console/Application.php(356): Symfony/Component/Console/Application->doRunCommand(Object(Illuminate/Queue/Console/WorkCommand), Object(Symfony/Component/Console/Input/ArgvInput), Object(Symfony/Component/Console/Output/ConsoleOutput))
#34 D:/DS-TI/CRM-DIMSUM/opm-digemid/vendor/symfony/console/Application.php(195): Symfony/Component/Console/Application->doRun(Object(Symfony/Component/Console/Input/ArgvInput), Object(Symfony/Component/Console/Output/ConsoleOutput))
#35 D:/DS-TI/CRM-DIMSUM/opm-digemid/vendor/laravel/framework/src/Illuminate/Foundation/Console/Kernel.php(198): Symfony/Component/Console/Application->run(Object(Symfony/Component/Console/Input/ArgvInput), Object(Symfony/Component/Console/Output/ConsoleOutput))
#36 D:/DS-TI/CRM-DIMSUM/opm-digemid/vendor/laravel/framework/src/Illuminate/Foundation/Application.php(1235): Illuminate/Foundation/Console/Kernel->handle(Object(Symfony/Component/Console/Input/ArgvInput), Object(Symfony/Component/Console/Output/ConsoleOutput))
#37 D:/DS-TI/CRM-DIMSUM/opm-digemid/artisan(13): Illuminate/Foundation/Application->handleCommand(Object(Symfony/Component/Console/Input/ArgvInput))
#38 {main}
"} 
[2026-08-19 18:58:06] local.ERROR: No se pudo consultar Logística. Intenta nuevamente. {"exception":"[object] (RuntimeException(code: 0): No se pudo consultar Logística. Intenta nuevamente. at D:/DS-TI/CRM-DIMSUM/opm-digemid/app/Services/SalesGatewayClient.php:48)
[stacktrace]
#0 D:/DS-TI/CRM-DIMSUM/opm-digemid/app/Services/SalesGatewayClient.php(39): App/Services/SalesGatewayClient->get('/api/ventas/666...')
#1 D:/DS-TI/CRM-DIMSUM/opm-digemid/app/Jobs/ExtraerVentasJob.php(98): App/Services/SalesGatewayClient->saleDetail('666493')
#2 D:/DS-TI/CRM-DIMSUM/opm-digemid/app/Jobs/ExtraerVentasJob.php(65): App/Jobs/ExtraerVentasJob->procesarVenta(Object(App/Models/VentaExtraccion), Object(App/Services/SalesGatewayClient), Array)
#3 D:/DS-TI/CRM-DIMSUM/opm-digemid/app/Jobs/ExtraerVentasJob.php(36): App/Jobs/ExtraerVentasJob->procesar(Object(App/Models/VentaExtraccion), Object(App/Services/SalesGatewayClient))
#4 D:/DS-TI/CRM-DIMSUM/opm-digemid/vendor/laravel/framework/src/Illuminate/Container/BoundMethod.php(36): App/Jobs/ExtraerVentasJob->handle(Object(App/Services/SalesGatewayClient))
#5 D:/DS-TI/CRM-DIMSUM/opm-digemid/vendor/laravel/framework/src/Illuminate/Container/Util.php(43): Illuminate/Container/BoundMethod::Illuminate/Container/{closure}()
#6 D:/DS-TI/CRM-DIMSUM/opm-digemid/vendor/laravel/framework/src/Illuminate/Container/BoundMethod.php(95): Illuminate/Container/Util::unwrapIfClosure(Object(Closure))
#7 D:/DS-TI/CRM-DIMSUM/opm-digemid/vendor/laravel/framework/src/Illuminate/Container/BoundMethod.php(35): Illuminate/Container/BoundMethod::callBoundMethod(Object(Illuminate/Foundation/Application), Array, Object(Closure))
#8 D:/DS-TI/CRM-DIMSUM/opm-digemid/vendor/laravel/framework/src/Illuminate/Container/Container.php(696): Illuminate/Container/BoundMethod::call(Object(Illuminate/Foundation/Application), Array, Array, NULL)
#9 D:/DS-TI/CRM-DIMSUM/opm-digemid/vendor/laravel/framework/src/Illuminate/Bus/Dispatcher.php(126): Illuminate/Container/Container->call(Array)
#10 D:/DS-TI/CRM-DIMSUM/opm-digemid/vendor/laravel/framework/src/Illuminate/Pipeline/Pipeline.php(170): Illuminate/Bus/Dispatcher->Illuminate/Bus/{closure}(Object(App/Jobs/ExtraerVentasJob))
#11 D:/DS-TI/CRM-DIMSUM/opm-digemid/vendor/laravel/framework/src/Illuminate/Pipeline/Pipeline.php(127): Illuminate/Pipeline/Pipeline->Illuminate/Pipeline/{closure}(Object(App/Jobs/ExtraerVentasJob))
#12 D:/DS-TI/CRM-DIMSUM/opm-digemid/vendor/laravel/framework/src/Illuminate/Bus/Dispatcher.php(130): Illuminate/Pipeline/Pipeline->then(Object(Closure))
#13 D:/DS-TI/CRM-DIMSUM/opm-digemid/vendor/laravel/framework/src/Illuminate/Queue/CallQueuedHandler.php(126): Illuminate/Bus/Dispatcher->dispatchNow(Object(App/Jobs/ExtraerVentasJob), false)
#14 D:/DS-TI/CRM-DIMSUM/opm-digemid/vendor/laravel/framework/src/Illuminate/Pipeline/Pipeline.php(170): Illuminate/Queue/CallQueuedHandler->Illuminate/Queue/{closure}(Object(App/Jobs/ExtraerVentasJob))
#15 D:/DS-TI/CRM-DIMSUM/opm-digemid/vendor/laravel/framework/src/Illuminate/Pipeline/Pipeline.php(127): Illuminate/Pipeline/Pipeline->Illuminate/Pipeline/{closure}(Object(App/Jobs/ExtraerVentasJob))
#16 D:/DS-TI/CRM-DIMSUM/opm-digemid/vendor/laravel/framework/src/Illuminate/Queue/CallQueuedHandler.php(121): Illuminate/Pipeline/Pipeline->then(Object(Closure))
#17 D:/DS-TI/CRM-DIMSUM/opm-digemid/vendor/laravel/framework/src/Illuminate/Queue/CallQueuedHandler.php(69): Illuminate/Queue/CallQueuedHandler->dispatchThroughMiddleware(Object(Illuminate/Queue/Jobs/DatabaseJob), Object(App/Jobs/ExtraerVentasJob))
#18 D:/DS-TI/CRM-DIMSUM/opm-digemid/vendor/laravel/framework/src/Illuminate/Queue/Jobs/Job.php(102): Illuminate/Queue/CallQueuedHandler->call(Object(Illuminate/Queue/Jobs/DatabaseJob), Array)
#19 D:/DS-TI/CRM-DIMSUM/opm-digemid/vendor/laravel/framework/src/Illuminate/Queue/Worker.php(461): Illuminate/Queue/Jobs/Job->fire()
#20 D:/DS-TI/CRM-DIMSUM/opm-digemid/vendor/laravel/framework/src/Illuminate/Queue/Worker.php(411): Illuminate/Queue/Worker->process('database', Object(Illuminate/Queue/Jobs/DatabaseJob), Object(Illuminate/Queue/WorkerOptions))
#21 D:/DS-TI/CRM-DIMSUM/opm-digemid/vendor/laravel/framework/src/Illuminate/Queue/Worker.php(189): Illuminate/Queue/Worker->runJob(Object(Illuminate/Queue/Jobs/DatabaseJob), 'database', Object(Illuminate/Queue/WorkerOptions))
#22 D:/DS-TI/CRM-DIMSUM/opm-digemid/vendor/laravel/framework/src/Illuminate/Queue/Console/WorkCommand.php(150): Illuminate/Queue/Worker->daemon('database', 'default', Object(Illuminate/Queue/WorkerOptions))
#23 D:/DS-TI/CRM-DIMSUM/opm-digemid/vendor/laravel/framework/src/Illuminate/Queue/Console/WorkCommand.php(133): Illuminate/Queue/Console/WorkCommand->runWorker('database', 'default')
#24 D:/DS-TI/CRM-DIMSUM/opm-digemid/vendor/laravel/framework/src/Illuminate/Container/BoundMethod.php(36): Illuminate/Queue/Console/WorkCommand->handle()
#25 D:/DS-TI/CRM-DIMSUM/opm-digemid/vendor/laravel/framework/src/Illuminate/Container/Util.php(43): Illuminate/Container/BoundMethod::Illuminate/Container/{closure}()
#26 D:/DS-TI/CRM-DIMSUM/opm-digemid/vendor/laravel/framework/src/Illuminate/Container/BoundMethod.php(95): Illuminate/Container/Util::unwrapIfClosure(Object(Closure))
#27 D:/DS-TI/CRM-DIMSUM/opm-digemid/vendor/laravel/framework/src/Illuminate/Container/BoundMethod.php(35): Illuminate/Container/BoundMethod::callBoundMethod(Object(Illuminate/Foundation/Application), Array, Object(Closure))
#28 D:/DS-TI/CRM-DIMSUM/opm-digemid/vendor/laravel/framework/src/Illuminate/Container/Container.php(696): Illuminate/Container/BoundMethod::call(Object(Illuminate/Foundation/Application), Array, Array, NULL)
#29 D:/DS-TI/CRM-DIMSUM/opm-digemid/vendor/laravel/framework/src/Illuminate/Console/Command.php(213): Illuminate/Container/Container->call(Array)
#30 D:/DS-TI/CRM-DIMSUM/opm-digemid/vendor/symfony/console/Command/Command.php(341): Illuminate/Console/Command->execute(Object(Symfony/Component/Console/Input/ArgvInput), Object(Illuminate/Console/OutputStyle))
#31 D:/DS-TI/CRM-DIMSUM/opm-digemid/vendor/laravel/framework/src/Illuminate/Console/Command.php(182): Symfony/Component/Console/Command/Command->run(Object(Symfony/Component/Console/Input/ArgvInput), Object(Illuminate/Console/OutputStyle))
#32 D:/DS-TI/CRM-DIMSUM/opm-digemid/vendor/symfony/console/Application.php(1117): Illuminate/Console/Command->run(Object(Symfony/Component/Console/Input/ArgvInput), Object(Symfony/Component/Console/Output/ConsoleOutput))
#33 D:/DS-TI/CRM-DIMSUM/opm-digemid/vendor/symfony/console/Application.php(356): Symfony/Component/Console/Application->doRunCommand(Object(Illuminate/Queue/Console/WorkCommand), Object(Symfony/Component/Console/Input/ArgvInput), Object(Symfony/Component/Console/Output/ConsoleOutput))
#34 D:/DS-TI/CRM-DIMSUM/opm-digemid/vendor/symfony/console/Application.php(195): Symfony/Component/Console/Application->doRun(Object(Symfony/Component/Console/Input/ArgvInput), Object(Symfony/Component/Console/Output/ConsoleOutput))
#35 D:/DS-TI/CRM-DIMSUM/opm-digemid/vendor/laravel/framework/src/Illuminate/Foundation/Console/Kernel.php(198): Symfony/Component/Console/Application->run(Object(Symfony/Component/Console/Input/ArgvInput), Object(Symfony/Component/Console/Output/ConsoleOutput))
#36 D:/DS-TI/CRM-DIMSUM/opm-digemid/vendor/laravel/framework/src/Illuminate/Foundation/Application.php(1235): Illuminate/Foundation/Console/Kernel->handle(Object(Symfony/Component/Console/Input/ArgvInput), Object(Symfony/Component/Console/Output/ConsoleOutput))
#37 D:/DS-TI/CRM-DIMSUM/opm-digemid/artisan(13): Illuminate/Foundation/Application->handleCommand(Object(Symfony/Component/Console/Input/ArgvInput))
#38 {main}
"} 
[2026-08-19 18:58:06] local.ERROR: No se pudo consultar Logística. Intenta nuevamente. {"exception":"[object] (RuntimeException(code: 0): No se pudo consultar Logística. Intenta nuevamente. at D:/DS-TI/CRM-DIMSUM/opm-digemid/app/Services/SalesGatewayClient.php:48)
[stacktrace]
#0 D:/DS-TI/CRM-DIMSUM/opm-digemid/app/Services/SalesGatewayClient.php(39): App/Services/SalesGatewayClient->get('/api/ventas/666...')
#1 D:/DS-TI/CRM-DIMSUM/opm-digemid/app/Jobs/ExtraerVentasJob.php(98): App/Services/SalesGatewayClient->saleDetail('666492')
#2 D:/DS-TI/CRM-DIMSUM/opm-digemid/app/Jobs/ExtraerVentasJob.php(65): App/Jobs/ExtraerVentasJob->procesarVenta(Object(App/Models/VentaExtraccion), Object(App/Services/SalesGatewayClient), Array)
#3 D:/DS-TI/CRM-DIMSUM/opm-digemid/app/Jobs/ExtraerVentasJob.php(36): App/Jobs/ExtraerVentasJob->procesar(Object(App/Models/VentaExtraccion), Object(App/Services/SalesGatewayClient))
#4 D:/DS-TI/CRM-DIMSUM/opm-digemid/vendor/laravel/framework/src/Illuminate/Container/BoundMethod.php(36): App/Jobs/ExtraerVentasJob->handle(Object(App/Services/SalesGatewayClient))
#5 D:/DS-TI/CRM-DIMSUM/opm-digemid/vendor/laravel/framework/src/Illuminate/Container/Util.php(43): Illuminate/Container/BoundMethod::Illuminate/Container/{closure}()
#6 D:/DS-TI/CRM-DIMSUM/opm-digemid/vendor/laravel/framework/src/Illuminate/Container/BoundMethod.php(95): Illuminate/Container/Util::unwrapIfClosure(Object(Closure))
#7 D:/DS-TI/CRM-DIMSUM/opm-digemid/vendor/laravel/framework/src/Illuminate/Container/BoundMethod.php(35): Illuminate/Container/BoundMethod::callBoundMethod(Object(Illuminate/Foundation/Application), Array, Object(Closure))
#8 D:/DS-TI/CRM-DIMSUM/opm-digemid/vendor/laravel/framework/src/Illuminate/Container/Container.php(696): Illuminate/Container/BoundMethod::call(Object(Illuminate/Foundation/Application), Array, Array, NULL)
#9 D:/DS-TI/CRM-DIMSUM/opm-digemid/vendor/laravel/framework/src/Illuminate/Bus/Dispatcher.php(126): Illuminate/Container/Container->call(Array)
#10 D:/DS-TI/CRM-DIMSUM/opm-digemid/vendor/laravel/framework/src/Illuminate/Pipeline/Pipeline.php(170): Illuminate/Bus/Dispatcher->Illuminate/Bus/{closure}(Object(App/Jobs/ExtraerVentasJob))
#11 D:/DS-TI/CRM-DIMSUM/opm-digemid/vendor/laravel/framework/src/Illuminate/Pipeline/Pipeline.php(127): Illuminate/Pipeline/Pipeline->Illuminate/Pipeline/{closure}(Object(App/Jobs/ExtraerVentasJob))
#12 D:/DS-TI/CRM-DIMSUM/opm-digemid/vendor/laravel/framework/src/Illuminate/Bus/Dispatcher.php(130): Illuminate/Pipeline/Pipeline->then(Object(Closure))
#13 D:/DS-TI/CRM-DIMSUM/opm-digemid/vendor/laravel/framework/src/Illuminate/Queue/CallQueuedHandler.php(126): Illuminate/Bus/Dispatcher->dispatchNow(Object(App/Jobs/ExtraerVentasJob), false)
#14 D:/DS-TI/CRM-DIMSUM/opm-digemid/vendor/laravel/framework/src/Illuminate/Pipeline/Pipeline.php(170): Illuminate/Queue/CallQueuedHandler->Illuminate/Queue/{closure}(Object(App/Jobs/ExtraerVentasJob))
#15 D:/DS-TI/CRM-DIMSUM/opm-digemid/vendor/laravel/framework/src/Illuminate/Pipeline/Pipeline.php(127): Illuminate/Pipeline/Pipeline->Illuminate/Pipeline/{closure}(Object(App/Jobs/ExtraerVentasJob))
#16 D:/DS-TI/CRM-DIMSUM/opm-digemid/vendor/laravel/framework/src/Illuminate/Queue/CallQueuedHandler.php(121): Illuminate/Pipeline/Pipeline->then(Object(Closure))
#17 D:/DS-TI/CRM-DIMSUM/opm-digemid/vendor/laravel/framework/src/Illuminate/Queue/CallQueuedHandler.php(69): Illuminate/Queue/CallQueuedHandler->dispatchThroughMiddleware(Object(Illuminate/Queue/Jobs/DatabaseJob), Object(App/Jobs/ExtraerVentasJob))
#18 D:/DS-TI/CRM-DIMSUM/opm-digemid/vendor/laravel/framework/src/Illuminate/Queue/Jobs/Job.php(102): Illuminate/Queue/CallQueuedHandler->call(Object(Illuminate/Queue/Jobs/DatabaseJob), Array)
#19 D:/DS-TI/CRM-DIMSUM/opm-digemid/vendor/laravel/framework/src/Illuminate/Queue/Worker.php(461): Illuminate/Queue/Jobs/Job->fire()
#20 D:/DS-TI/CRM-DIMSUM/opm-digemid/vendor/laravel/framework/src/Illuminate/Queue/Worker.php(411): Illuminate/Queue/Worker->process('database', Object(Illuminate/Queue/Jobs/DatabaseJob), Object(Illuminate/Queue/WorkerOptions))
#21 D:/DS-TI/CRM-DIMSUM/opm-digemid/vendor/laravel/framework/src/Illuminate/Queue/Worker.php(189): Illuminate/Queue/Worker->runJob(Object(Illuminate/Queue/Jobs/DatabaseJob), 'database', Object(Illuminate/Queue/WorkerOptions))
#22 D:/DS-TI/CRM-DIMSUM/opm-digemid/vendor/laravel/framework/src/Illuminate/Queue/Console/WorkCommand.php(150): Illuminate/Queue/Worker->daemon('database', 'default', Object(Illuminate/Queue/WorkerOptions))
#23 D:/DS-TI/CRM-DIMSUM/opm-digemid/vendor/laravel/framework/src/Illuminate/Queue/Console/WorkCommand.php(133): Illuminate/Queue/Console/WorkCommand->runWorker('database', 'default')
#24 D:/DS-TI/CRM-DIMSUM/opm-digemid/vendor/laravel/framework/src/Illuminate/Container/BoundMethod.php(36): Illuminate/Queue/Console/WorkCommand->handle()
#25 D:/DS-TI/CRM-DIMSUM/opm-digemid/vendor/laravel/framework/src/Illuminate/Container/Util.php(43): Illuminate/Container/BoundMethod::Illuminate/Container/{closure}()
#26 D:/DS-TI/CRM-DIMSUM/opm-digemid/vendor/laravel/framework/src/Illuminate/Container/BoundMethod.php(95): Illuminate/Container/Util::unwrapIfClosure(Object(Closure))
#27 D:/DS-TI/CRM-DIMSUM/opm-digemid/vendor/laravel/framework/src/Illuminate/Container/BoundMethod.php(35): Illuminate/Container/BoundMethod::callBoundMethod(Object(Illuminate/Foundation/Application), Array, Object(Closure))
#28 D:/DS-TI/CRM-DIMSUM/opm-digemid/vendor/laravel/framework/src/Illuminate/Container/Container.php(696): Illuminate/Container/BoundMethod::call(Object(Illuminate/Foundation/Application), Array, Array, NULL)
#29 D:/DS-TI/CRM-DIMSUM/opm-digemid/vendor/laravel/framework/src/Illuminate/Console/Command.php(213): Illuminate/Container/Container->call(Array)
#30 D:/DS-TI/CRM-DIMSUM/opm-digemid/vendor/symfony/console/Command/Command.php(341): Illuminate/Console/Command->execute(Object(Symfony/Component/Console/Input/ArgvInput), Object(Illuminate/Console/OutputStyle))
#31 D:/DS-TI/CRM-DIMSUM/opm-digemid/vendor/laravel/framework/src/Illuminate/Console/Command.php(182): Symfony/Component/Console/Command/Command->run(Object(Symfony/Component/Console/Input/ArgvInput), Object(Illuminate/Console/OutputStyle))
#32 D:/DS-TI/CRM-DIMSUM/opm-digemid/vendor/symfony/console/Application.php(1117): Illuminate/Console/Command->run(Object(Symfony/Component/Console/Input/ArgvInput), Object(Symfony/Component/Console/Output/ConsoleOutput))
#33 D:/DS-TI/CRM-DIMSUM/opm-digemid/vendor/symfony/console/Application.php(356): Symfony/Component/Console/Application->doRunCommand(Object(Illuminate/Queue/Console/WorkCommand), Object(Symfony/Component/Console/Input/ArgvInput), Object(Symfony/Component/Console/Output/ConsoleOutput))
#34 D:/DS-TI/CRM-DIMSUM/opm-digemid/vendor/symfony/console/Application.php(195): Symfony/Component/Console/Application->doRun(Object(Symfony/Component/Console/Input/ArgvInput), Object(Symfony/Component/Console/Output/ConsoleOutput))
#35 D:/DS-TI/CRM-DIMSUM/opm-digemid/vendor/laravel/framework/src/Illuminate/Foundation/Console/Kernel.php(198): Symfony/Component/Console/Application->run(Object(Symfony/Component/Console/Input/ArgvInput), Object(Symfony/Component/Console/Output/ConsoleOutput))
#36 D:/DS-TI/CRM-DIMSUM/opm-digemid/vendor/laravel/framework/src/Illuminate/Foundation/Application.php(1235): Illuminate/Foundation/Console/Kernel->handle(Object(Symfony/Component/Console/Input/ArgvInput), Object(Symfony/Component/Console/Output/ConsoleOutput))
#37 D:/DS-TI/CRM-DIMSUM/opm-digemid/artisan(13): Illuminate/Foundation/Application->handleCommand(Object(Symfony/Component/Console/Input/ArgvInput))
#38 {main}
"} 
[2026-08-19 18:58:07] local.ERROR: No se pudo consultar Logística. Intenta nuevamente. {"exception":"[object] (RuntimeException(code: 0): No se pudo consultar Logística. Intenta nuevamente. at D:/DS-TI/CRM-DIMSUM/opm-digemid/app/Services/SalesGatewayClient.php:48)
[stacktrace]
#0 D:/DS-TI/CRM-DIMSUM/opm-digemid/app/Services/SalesGatewayClient.php(39): App/Services/SalesGatewayClient->get('/api/ventas/666...')
#1 D:/DS-TI/CRM-DIMSUM/opm-digemid/app/Jobs/ExtraerVentasJob.php(98): App/Services/SalesGatewayClient->saleDetail('666491')
#2 D:/DS-TI/CRM-DIMSUM/opm-digemid/app/Jobs/ExtraerVentasJob.php(65): App/Jobs/ExtraerVentasJob->procesarVenta(Object(App/Models/VentaExtraccion), Object(App/Services/SalesGatewayClient), Array)
#3 D:/DS-TI/CRM-DIMSUM/opm-digemid/app/Jobs/ExtraerVentasJob.php(36): App/Jobs/ExtraerVentasJob->procesar(Object(App/Models/VentaExtraccion), Object(App/Services/SalesGatewayClient))
#4 D:/DS-TI/CRM-DIMSUM/opm-digemid/vendor/laravel/framework/src/Illuminate/Container/BoundMethod.php(36): App/Jobs/ExtraerVentasJob->handle(Object(App/Services/SalesGatewayClient))
#5 D:/DS-TI/CRM-DIMSUM/opm-digemid/vendor/laravel/framework/src/Illuminate/Container/Util.php(43): Illuminate/Container/BoundMethod::Illuminate/Container/{closure}()
#6 D:/DS-TI/CRM-DIMSUM/opm-digemid/vendor/laravel/framework/src/Illuminate/Container/BoundMethod.php(95): Illuminate/Container/Util::unwrapIfClosure(Object(Closure))
#7 D:/DS-TI/CRM-DIMSUM/opm-digemid/vendor/laravel/framework/src/Illuminate/Container/BoundMethod.php(35): Illuminate/Container/BoundMethod::callBoundMethod(Object(Illuminate/Foundation/Application), Array, Object(Closure))
#8 D:/DS-TI/CRM-DIMSUM/opm-digemid/vendor/laravel/framework/src/Illuminate/Container/Container.php(696): Illuminate/Container/BoundMethod::call(Object(Illuminate/Foundation/Application), Array, Array, NULL)
#9 D:/DS-TI/CRM-DIMSUM/opm-digemid/vendor/laravel/framework/src/Illuminate/Bus/Dispatcher.php(126): Illuminate/Container/Container->call(Array)
#10 D:/DS-TI/CRM-DIMSUM/opm-digemid/vendor/laravel/framework/src/Illuminate/Pipeline/Pipeline.php(170): Illuminate/Bus/Dispatcher->Illuminate/Bus/{closure}(Object(App/Jobs/ExtraerVentasJob))
#11 D:/DS-TI/CRM-DIMSUM/opm-digemid/vendor/laravel/framework/src/Illuminate/Pipeline/Pipeline.php(127): Illuminate/Pipeline/Pipeline->Illuminate/Pipeline/{closure}(Object(App/Jobs/ExtraerVentasJob))
#12 D:/DS-TI/CRM-DIMSUM/opm-digemid/vendor/laravel/framework/src/Illuminate/Bus/Dispatcher.php(130): Illuminate/Pipeline/Pipeline->then(Object(Closure))
#13 D:/DS-TI/CRM-DIMSUM/opm-digemid/vendor/laravel/framework/src/Illuminate/Queue/CallQueuedHandler.php(126): Illuminate/Bus/Dispatcher->dispatchNow(Object(App/Jobs/ExtraerVentasJob), false)
#14 D:/DS-TI/CRM-DIMSUM/opm-digemid/vendor/laravel/framework/src/Illuminate/Pipeline/Pipeline.php(170): Illuminate/Queue/CallQueuedHandler->Illuminate/Queue/{closure}(Object(App/Jobs/ExtraerVentasJob))
#15 D:/DS-TI/CRM-DIMSUM/opm-digemid/vendor/laravel/framework/src/Illuminate/Pipeline/Pipeline.php(127): Illuminate/Pipeline/Pipeline->Illuminate/Pipeline/{closure}(Object(App/Jobs/ExtraerVentasJob))
#16 D:/DS-TI/CRM-DIMSUM/opm-digemid/vendor/laravel/framework/src/Illuminate/Queue/CallQueuedHandler.php(121): Illuminate/Pipeline/Pipeline->then(Object(Closure))
#17 D:/DS-TI/CRM-DIMSUM/opm-digemid/vendor/laravel/framework/src/Illuminate/Queue/CallQueuedHandler.php(69): Illuminate/Queue/CallQueuedHandler->dispatchThroughMiddleware(Object(Illuminate/Queue/Jobs/DatabaseJob), Object(App/Jobs/ExtraerVentasJob))
#18 D:/DS-TI/CRM-DIMSUM/opm-digemid/vendor/laravel/framework/src/Illuminate/Queue/Jobs/Job.php(102): Illuminate/Queue/CallQueuedHandler->call(Object(Illuminate/Queue/Jobs/DatabaseJob), Array)
#19 D:/DS-TI/CRM-DIMSUM/opm-digemid/vendor/laravel/framework/src/Illuminate/Queue/Worker.php(461): Illuminate/Queue/Jobs/Job->fire()
#20 D:/DS-TI/CRM-DIMSUM/opm-digemid/vendor/laravel/framework/src/Illuminate/Queue/Worker.php(411): Illuminate/Queue/Worker->process('database', Object(Illuminate/Queue/Jobs/DatabaseJob), Object(Illuminate/Queue/WorkerOptions))
#21 D:/DS-TI/CRM-DIMSUM/opm-digemid/vendor/laravel/framework/src/Illuminate/Queue/Worker.php(189): Illuminate/Queue/Worker->runJob(Object(Illuminate/Queue/Jobs/DatabaseJob), 'database', Object(Illuminate/Queue/WorkerOptions))
#22 D:/DS-TI/CRM-DIMSUM/opm-digemid/vendor/laravel/framework/src/Illuminate/Queue/Console/WorkCommand.php(150): Illuminate/Queue/Worker->daemon('database', 'default', Object(Illuminate/Queue/WorkerOptions))
#23 D:/DS-TI/CRM-DIMSUM/opm-digemid/vendor/laravel/framework/src/Illuminate/Queue/Console/WorkCommand.php(133): Illuminate/Queue/Console/WorkCommand->runWorker('database', 'default')
#24 D:/DS-TI/CRM-DIMSUM/opm-digemid/vendor/laravel/framework/src/Illuminate/Container/BoundMethod.php(36): Illuminate/Queue/Console/WorkCommand->handle()
#25 D:/DS-TI/CRM-DIMSUM/opm-digemid/vendor/laravel/framework/src/Illuminate/Container/Util.php(43): Illuminate/Container/BoundMethod::Illuminate/Container/{closure}()
#26 D:/DS-TI/CRM-DIMSUM/opm-digemid/vendor/laravel/framework/src/Illuminate/Container/BoundMethod.php(95): Illuminate/Container/Util::unwrapIfClosure(Object(Closure))
#27 D:/DS-TI/CRM-DIMSUM/opm-digemid/vendor/laravel/framework/src/Illuminate/Container/BoundMethod.php(35): Illuminate/Container/BoundMethod::callBoundMethod(Object(Illuminate/Foundation/Application), Array, Object(Closure))
#28 D:/DS-TI/CRM-DIMSUM/opm-digemid/vendor/laravel/framework/src/Illuminate/Container/Container.php(696): Illuminate/Container/BoundMethod::call(Object(Illuminate/Foundation/Application), Array, Array, NULL)
#29 D:/DS-TI/CRM-DIMSUM/opm-digemid/vendor/laravel/framework/src/Illuminate/Console/Command.php(213): Illuminate/Container/Container->call(Array)
#30 D:/DS-TI/CRM-DIMSUM/opm-digemid/vendor/symfony/console/Command/Command.php(341): Illuminate/Console/Command->execute(Object(Symfony/Component/Console/Input/ArgvInput), Object(Illuminate/Console/OutputStyle))
#31 D:/DS-TI/CRM-DIMSUM/opm-digemid/vendor/laravel/framework/src/Illuminate/Console/Command.php(182): Symfony/Component/Console/Command/Command->run(Object(Symfony/Component/Console/Input/ArgvInput), Object(Illuminate/Console/OutputStyle))
#32 D:/DS-TI/CRM-DIMSUM/opm-digemid/vendor/symfony/console/Application.php(1117): Illuminate/Console/Command->run(Object(Symfony/Component/Console/Input/ArgvInput), Object(Symfony/Component/Console/Output/ConsoleOutput))
#33 D:/DS-TI/CRM-DIMSUM/opm-digemid/vendor/symfony/console/Application.php(356): Symfony/Component/Console/Application->doRunCommand(Object(Illuminate/Queue/Console/WorkCommand), Object(Symfony/Component/Console/Input/ArgvInput), Object(Symfony/Component/Console/Output/ConsoleOutput))
#34 D:/DS-TI/CRM-DIMSUM/opm-digemid/vendor/symfony/console/Application.php(195): Symfony/Component/Console/Application->doRun(Object(Symfony/Component/Console/Input/ArgvInput), Object(Symfony/Component/Console/Output/ConsoleOutput))
#35 D:/DS-TI/CRM-DIMSUM/opm-digemid/vendor/laravel/framework/src/Illuminate/Foundation/Console/Kernel.php(198): Symfony/Component/Console/Application->run(Object(Symfony/Component/Console/Input/ArgvInput), Object(Symfony/Component/Console/Output/ConsoleOutput))
#36 D:/DS-TI/CRM-DIMSUM/opm-digemid/vendor/laravel/framework/src/Illuminate/Foundation/Application.php(1235): Illuminate/Foundation/Console/Kernel->handle(Object(Symfony/Component/Console/Input/ArgvInput), Object(Symfony/Component/Console/Output/ConsoleOutput))
#37 D:/DS-TI/CRM-DIMSUM/opm-digemid/artisan(13): Illuminate/Foundation/Application->handleCommand(Object(Symfony/Component/Console/Input/ArgvInput))
#38 {main}
"} 
[2026-08-19 18:58:07] local.ERROR: No se pudo consultar Logística. Intenta nuevamente. {"exception":"[object] (RuntimeException(code: 0): No se pudo consultar Logística. Intenta nuevamente. at D:/DS-TI/CRM-DIMSUM/opm-digemid/app/Services/SalesGatewayClient.php:48)
[stacktrace]
#0 D:/DS-TI/CRM-DIMSUM/opm-digemid/app/Services/SalesGatewayClient.php(39): App/Services/SalesGatewayClient->get('/api/ventas/666...')
#1 D:/DS-TI/CRM-DIMSUM/opm-digemid/app/Jobs/ExtraerVentasJob.php(98): App/Services/SalesGatewayClient->saleDetail('666490')
#2 D:/DS-TI/CRM-DIMSUM/opm-digemid/app/Jobs/ExtraerVentasJob.php(65): App/Jobs/ExtraerVentasJob->procesarVenta(Object(App/Models/VentaExtraccion), Object(App/Services/SalesGatewayClient), Array)
#3 D:/DS-TI/CRM-DIMSUM/opm-digemid/app/Jobs/ExtraerVentasJob.php(36): App/Jobs/ExtraerVentasJob->procesar(Object(App/Models/VentaExtraccion), Object(App/Services/SalesGatewayClient))
#4 D:/DS-TI/CRM-DIMSUM/opm-digemid/vendor/laravel/framework/src/Illuminate/Container/BoundMethod.php(36): App/Jobs/ExtraerVentasJob->handle(Object(App/Services/SalesGatewayClient))
#5 D:/DS-TI/CRM-DIMSUM/opm-digemid/vendor/laravel/framework/src/Illuminate/Container/Util.php(43): Illuminate/Container/BoundMethod::Illuminate/Container/{closure}()
#6 D:/DS-TI/CRM-DIMSUM/opm-digemid/vendor/laravel/framework/src/Illuminate/Container/BoundMethod.php(95): Illuminate/Container/Util::unwrapIfClosure(Object(Closure))
#7 D:/DS-TI/CRM-DIMSUM/opm-digemid/vendor/laravel/framework/src/Illuminate/Container/BoundMethod.php(35): Illuminate/Container/BoundMethod::callBoundMethod(Object(Illuminate/Foundation/Application), Array, Object(Closure))
#8 D:/DS-TI/CRM-DIMSUM/opm-digemid/vendor/laravel/framework/src/Illuminate/Container/Container.php(696): Illuminate/Container/BoundMethod::call(Object(Illuminate/Foundation/Application), Array, Array, NULL)
#9 D:/DS-TI/CRM-DIMSUM/opm-digemid/vendor/laravel/framework/src/Illuminate/Bus/Dispatcher.php(126): Illuminate/Container/Container->call(Array)
#10 D:/DS-TI/CRM-DIMSUM/opm-digemid/vendor/laravel/framework/src/Illuminate/Pipeline/Pipeline.php(170): Illuminate/Bus/Dispatcher->Illuminate/Bus/{closure}(Object(App/Jobs/ExtraerVentasJob))
#11 D:/DS-TI/CRM-DIMSUM/opm-digemid/vendor/laravel/framework/src/Illuminate/Pipeline/Pipeline.php(127): Illuminate/Pipeline/Pipeline->Illuminate/Pipeline/{closure}(Object(App/Jobs/ExtraerVentasJob))
#12 D:/DS-TI/CRM-DIMSUM/opm-digemid/vendor/laravel/framework/src/Illuminate/Bus/Dispatcher.php(130): Illuminate/Pipeline/Pipeline->then(Object(Closure))
#13 D:/DS-TI/CRM-DIMSUM/opm-digemid/vendor/laravel/framework/src/Illuminate/Queue/CallQueuedHandler.php(126): Illuminate/Bus/Dispatcher->dispatchNow(Object(App/Jobs/ExtraerVentasJob), false)
#14 D:/DS-TI/CRM-DIMSUM/opm-digemid/vendor/laravel/framework/src/Illuminate/Pipeline/Pipeline.php(170): Illuminate/Queue/CallQueuedHandler->Illuminate/Queue/{closure}(Object(App/Jobs/ExtraerVentasJob))
#15 D:/DS-TI/CRM-DIMSUM/opm-digemid/vendor/laravel/framework/src/Illuminate/Pipeline/Pipeline.php(127): Illuminate/Pipeline/Pipeline->Illuminate/Pipeline/{closure}(Object(App/Jobs/ExtraerVentasJob))
#16 D:/DS-TI/CRM-DIMSUM/opm-digemid/vendor/laravel/framework/src/Illuminate/Queue/CallQueuedHandler.php(121): Illuminate/Pipeline/Pipeline->then(Object(Closure))
#17 D:/DS-TI/CRM-DIMSUM/opm-digemid/vendor/laravel/framework/src/Illuminate/Queue/CallQueuedHandler.php(69): Illuminate/Queue/CallQueuedHandler->dispatchThroughMiddleware(Object(Illuminate/Queue/Jobs/DatabaseJob), Object(App/Jobs/ExtraerVentasJob))
#18 D:/DS-TI/CRM-DIMSUM/opm-digemid/vendor/laravel/framework/src/Illuminate/Queue/Jobs/Job.php(102): Illuminate/Queue/CallQueuedHandler->call(Object(Illuminate/Queue/Jobs/DatabaseJob), Array)
#19 D:/DS-TI/CRM-DIMSUM/opm-digemid/vendor/laravel/framework/src/Illuminate/Queue/Worker.php(461): Illuminate/Queue/Jobs/Job->fire()
#20 D:/DS-TI/CRM-DIMSUM/opm-digemid/vendor/laravel/framework/src/Illuminate/Queue/Worker.php(411): Illuminate/Queue/Worker->process('database', Object(Illuminate/Queue/Jobs/DatabaseJob), Object(Illuminate/Queue/WorkerOptions))
#21 D:/DS-TI/CRM-DIMSUM/opm-digemid/vendor/laravel/framework/src/Illuminate/Queue/Worker.php(189): Illuminate/Queue/Worker->runJob(Object(Illuminate/Queue/Jobs/DatabaseJob), 'database', Object(Illuminate/Queue/WorkerOptions))
#22 D:/DS-TI/CRM-DIMSUM/opm-digemid/vendor/laravel/framework/src/Illuminate/Queue/Console/WorkCommand.php(150): Illuminate/Queue/Worker->daemon('database', 'default', Object(Illuminate/Queue/WorkerOptions))
#23 D:/DS-TI/CRM-DIMSUM/opm-digemid/vendor/laravel/framework/src/Illuminate/Queue/Console/WorkCommand.php(133): Illuminate/Queue/Console/WorkCommand->runWorker('database', 'default')
#24 D:/DS-TI/CRM-DIMSUM/opm-digemid/vendor/laravel/framework/src/Illuminate/Container/BoundMethod.php(36): Illuminate/Queue/Console/WorkCommand->handle()
#25 D:/DS-TI/CRM-DIMSUM/opm-digemid/vendor/laravel/framework/src/Illuminate/Container/Util.php(43): Illuminate/Container/BoundMethod::Illuminate/Container/{closure}()
#26 D:/DS-TI/CRM-DIMSUM/opm-digemid/vendor/laravel/framework/src/Illuminate/Container/BoundMethod.php(95): Illuminate/Container/Util::unwrapIfClosure(Object(Closure))
#27 D:/DS-TI/CRM-DIMSUM/opm-digemid/vendor/laravel/framework/src/Illuminate/Container/BoundMethod.php(35): Illuminate/Container/BoundMethod::callBoundMethod(Object(Illuminate/Foundation/Application), Array, Object(Closure))
#28 D:/DS-TI/CRM-DIMSUM/opm-digemid/vendor/laravel/framework/src/Illuminate/Container/Container.php(696): Illuminate/Container/BoundMethod::call(Object(Illuminate/Foundation/Application), Array, Array, NULL)
#29 D:/DS-TI/CRM-DIMSUM/opm-digemid/vendor/laravel/framework/src/Illuminate/Console/Command.php(213): Illuminate/Container/Container->call(Array)
#30 D:/DS-TI/CRM-DIMSUM/opm-digemid/vendor/symfony/console/Command/Command.php(341): Illuminate/Console/Command->execute(Object(Symfony/Component/Console/Input/ArgvInput), Object(Illuminate/Console/OutputStyle))
#31 D:/DS-TI/CRM-DIMSUM/opm-digemid/vendor/laravel/framework/src/Illuminate/Console/Command.php(182): Symfony/Component/Console/Command/Command->run(Object(Symfony/Component/Console/Input/ArgvInput), Object(Illuminate/Console/OutputStyle))
#32 D:/DS-TI/CRM-DIMSUM/opm-digemid/vendor/symfony/console/Application.php(1117): Illuminate/Console/Command->run(Object(Symfony/Component/Console/Input/ArgvInput), Object(Symfony/Component/Console/Output/ConsoleOutput))
#33 D:/DS-TI/CRM-DIMSUM/opm-digemid/vendor/symfony/console/Application.php(356): Symfony/Component/Console/Application->doRunCommand(Object(Illuminate/Queue/Console/WorkCommand), Object(Symfony/Component/Console/Input/ArgvInput), Object(Symfony/Component/Console/Output/ConsoleOutput))
#34 D:/DS-TI/CRM-DIMSUM/opm-digemid/vendor/symfony/console/Application.php(195): Symfony/Component/Console/Application->doRun(Object(Symfony/Component/Console/Input/ArgvInput), Object(Symfony/Component/Console/Output/ConsoleOutput))
#35 D:/DS-TI/CRM-DIMSUM/opm-digemid/vendor/laravel/framework/src/Illuminate/Foundation/Console/Kernel.php(198): Symfony/Component/Console/Application->run(Object(Symfony/Component/Console/Input/ArgvInput), Object(Symfony/Component/Console/Output/ConsoleOutput))
#36 D:/DS-TI/CRM-DIMSUM/opm-digemid/vendor/laravel/framework/src/Illuminate/Foundation/Application.php(1235): Illuminate/Foundation/Console/Kernel->handle(Object(Symfony/Component/Console/Input/ArgvInput), Object(Symfony/Component/Console/Output/ConsoleOutput))
#37 D:/DS-TI/CRM-DIMSUM/opm-digemid/artisan(13): Illuminate/Foundation/Application->handleCommand(Object(Symfony/Component/Console/Input/ArgvInput))
#38 {main}
"} 
[2026-08-19 18:58:07] local.ERROR: No se pudo consultar Logística. Intenta nuevamente. {"exception":"[object] (RuntimeException(code: 0): No se pudo consultar Logística. Intenta nuevamente. at D:/DS-TI/CRM-DIMSUM/opm-digemid/app/Services/SalesGatewayClient.php:48)
[stacktrace]
#0 D:/DS-TI/CRM-DIMSUM/opm-digemid/app/Services/SalesGatewayClient.php(39): App/Services/SalesGatewayClient->get('/api/ventas/666...')
#1 D:/DS-TI/CRM-DIMSUM/opm-digemid/app/Jobs/ExtraerVentasJob.php(98): App/Services/SalesGatewayClient->saleDetail('666550')
#2 D:/DS-TI/CRM-DIMSUM/opm-digemid/app/Jobs/ExtraerVentasJob.php(65): App/Jobs/ExtraerVentasJob->procesarVenta(Object(App/Models/VentaExtraccion), Object(App/Services/SalesGatewayClient), Array)
#3 D:/DS-TI/CRM-DIMSUM/opm-digemid/app/Jobs/ExtraerVentasJob.php(36): App/Jobs/ExtraerVentasJob->procesar(Object(App/Models/VentaExtraccion), Object(App/Services/SalesGatewayClient))
#4 D:/DS-TI/CRM-DIMSUM/opm-digemid/vendor/laravel/framework/src/Illuminate/Container/BoundMethod.php(36): App/Jobs/ExtraerVentasJob->handle(Object(App/Services/SalesGatewayClient))
#5 D:/DS-TI/CRM-DIMSUM/opm-digemid/vendor/laravel/framework/src/Illuminate/Container/Util.php(43): Illuminate/Container/BoundMethod::Illuminate/Container/{closure}()
#6 D:/DS-TI/CRM-DIMSUM/opm-digemid/vendor/laravel/framework/src/Illuminate/Container/BoundMethod.php(95): Illuminate/Container/Util::unwrapIfClosure(Object(Closure))
#7 D:/DS-TI/CRM-DIMSUM/opm-digemid/vendor/laravel/framework/src/Illuminate/Container/BoundMethod.php(35): Illuminate/Container/BoundMethod::callBoundMethod(Object(Illuminate/Foundation/Application), Array, Object(Closure))
#8 D:/DS-TI/CRM-DIMSUM/opm-digemid/vendor/laravel/framework/src/Illuminate/Container/Container.php(696): Illuminate/Container/BoundMethod::call(Object(Illuminate/Foundation/Application), Array, Array, NULL)
#9 D:/DS-TI/CRM-DIMSUM/opm-digemid/vendor/laravel/framework/src/Illuminate/Bus/Dispatcher.php(126): Illuminate/Container/Container->call(Array)
#10 D:/DS-TI/CRM-DIMSUM/opm-digemid/vendor/laravel/framework/src/Illuminate/Pipeline/Pipeline.php(170): Illuminate/Bus/Dispatcher->Illuminate/Bus/{closure}(Object(App/Jobs/ExtraerVentasJob))
#11 D:/DS-TI/CRM-DIMSUM/opm-digemid/vendor/laravel/framework/src/Illuminate/Pipeline/Pipeline.php(127): Illuminate/Pipeline/Pipeline->Illuminate/Pipeline/{closure}(Object(App/Jobs/ExtraerVentasJob))
#12 D:/DS-TI/CRM-DIMSUM/opm-digemid/vendor/laravel/framework/src/Illuminate/Bus/Dispatcher.php(130): Illuminate/Pipeline/Pipeline->then(Object(Closure))
#13 D:/DS-TI/CRM-DIMSUM/opm-digemid/vendor/laravel/framework/src/Illuminate/Queue/CallQueuedHandler.php(126): Illuminate/Bus/Dispatcher->dispatchNow(Object(App/Jobs/ExtraerVentasJob), false)
#14 D:/DS-TI/CRM-DIMSUM/opm-digemid/vendor/laravel/framework/src/Illuminate/Pipeline/Pipeline.php(170): Illuminate/Queue/CallQueuedHandler->Illuminate/Queue/{closure}(Object(App/Jobs/ExtraerVentasJob))
#15 D:/DS-TI/CRM-DIMSUM/opm-digemid/vendor/laravel/framework/src/Illuminate/Pipeline/Pipeline.php(127): Illuminate/Pipeline/Pipeline->Illuminate/Pipeline/{closure}(Object(App/Jobs/ExtraerVentasJob))
#16 D:/DS-TI/CRM-DIMSUM/opm-digemid/vendor/laravel/framework/src/Illuminate/Queue/CallQueuedHandler.php(121): Illuminate/Pipeline/Pipeline->then(Object(Closure))
#17 D:/DS-TI/CRM-DIMSUM/opm-digemid/vendor/laravel/framework/src/Illuminate/Queue/CallQueuedHandler.php(69): Illuminate/Queue/CallQueuedHandler->dispatchThroughMiddleware(Object(Illuminate/Queue/Jobs/DatabaseJob), Object(App/Jobs/ExtraerVentasJob))
#18 D:/DS-TI/CRM-DIMSUM/opm-digemid/vendor/laravel/framework/src/Illuminate/Queue/Jobs/Job.php(102): Illuminate/Queue/CallQueuedHandler->call(Object(Illuminate/Queue/Jobs/DatabaseJob), Array)
#19 D:/DS-TI/CRM-DIMSUM/opm-digemid/vendor/laravel/framework/src/Illuminate/Queue/Worker.php(461): Illuminate/Queue/Jobs/Job->fire()
#20 D:/DS-TI/CRM-DIMSUM/opm-digemid/vendor/laravel/framework/src/Illuminate/Queue/Worker.php(411): Illuminate/Queue/Worker->process('database', Object(Illuminate/Queue/Jobs/DatabaseJob), Object(Illuminate/Queue/WorkerOptions))
#21 D:/DS-TI/CRM-DIMSUM/opm-digemid/vendor/laravel/framework/src/Illuminate/Queue/Worker.php(189): Illuminate/Queue/Worker->runJob(Object(Illuminate/Queue/Jobs/DatabaseJob), 'database', Object(Illuminate/Queue/WorkerOptions))
#22 D:/DS-TI/CRM-DIMSUM/opm-digemid/vendor/laravel/framework/src/Illuminate/Queue/Console/WorkCommand.php(150): Illuminate/Queue/Worker->daemon('database', 'default', Object(Illuminate/Queue/WorkerOptions))
#23 D:/DS-TI/CRM-DIMSUM/opm-digemid/vendor/laravel/framework/src/Illuminate/Queue/Console/WorkCommand.php(133): Illuminate/Queue/Console/WorkCommand->runWorker('database', 'default')
#24 D:/DS-TI/CRM-DIMSUM/opm-digemid/vendor/laravel/framework/src/Illuminate/Container/BoundMethod.php(36): Illuminate/Queue/Console/WorkCommand->handle()
#25 D:/DS-TI/CRM-DIMSUM/opm-digemid/vendor/laravel/framework/src/Illuminate/Container/Util.php(43): Illuminate/Container/BoundMethod::Illuminate/Container/{closure}()
#26 D:/DS-TI/CRM-DIMSUM/opm-digemid/vendor/laravel/framework/src/Illuminate/Container/BoundMethod.php(95): Illuminate/Container/Util::unwrapIfClosure(Object(Closure))
#27 D:/DS-TI/CRM-DIMSUM/opm-digemid/vendor/laravel/framework/src/Illuminate/Container/BoundMethod.php(35): Illuminate/Container/BoundMethod::callBoundMethod(Object(Illuminate/Foundation/Application), Array, Object(Closure))
#28 D:/DS-TI/CRM-DIMSUM/opm-digemid/vendor/laravel/framework/src/Illuminate/Container/Container.php(696): Illuminate/Container/BoundMethod::call(Object(Illuminate/Foundation/Application), Array, Array, NULL)
#29 D:/DS-TI/CRM-DIMSUM/opm-digemid/vendor/laravel/framework/src/Illuminate/Console/Command.php(213): Illuminate/Container/Container->call(Array)
#30 D:/DS-TI/CRM-DIMSUM/opm-digemid/vendor/symfony/console/Command/Command.php(341): Illuminate/Console/Command->execute(Object(Symfony/Component/Console/Input/ArgvInput), Object(Illuminate/Console/OutputStyle))
#31 D:/DS-TI/CRM-DIMSUM/opm-digemid/vendor/laravel/framework/src/Illuminate/Console/Command.php(182): Symfony/Component/Console/Command/Command->run(Object(Symfony/Component/Console/Input/ArgvInput), Object(Illuminate/Console/OutputStyle))
#32 D:/DS-TI/CRM-DIMSUM/opm-digemid/vendor/symfony/console/Application.php(1117): Illuminate/Console/Command->run(Object(Symfony/Component/Console/Input/ArgvInput), Object(Symfony/Component/Console/Output/ConsoleOutput))
#33 D:/DS-TI/CRM-DIMSUM/opm-digemid/vendor/symfony/console/Application.php(356): Symfony/Component/Console/Application->doRunCommand(Object(Illuminate/Queue/Console/WorkCommand), Object(Symfony/Component/Console/Input/ArgvInput), Object(Symfony/Component/Console/Output/ConsoleOutput))
#34 D:/DS-TI/CRM-DIMSUM/opm-digemid/vendor/symfony/console/Application.php(195): Symfony/Component/Console/Application->doRun(Object(Symfony/Component/Console/Input/ArgvInput), Object(Symfony/Component/Console/Output/ConsoleOutput))
#35 D:/DS-TI/CRM-DIMSUM/opm-digemid/vendor/laravel/framework/src/Illuminate/Foundation/Console/Kernel.php(198): Symfony/Component/Console/Application->run(Object(Symfony/Component/Console/Input/ArgvInput), Object(Symfony/Component/Console/Output/ConsoleOutput))
#36 D:/DS-TI/CRM-DIMSUM/opm-digemid/vendor/laravel/framework/src/Illuminate/Foundation/Application.php(1235): Illuminate/Foundation/Console/Kernel->handle(Object(Symfony/Component/Console/Input/ArgvInput), Object(Symfony/Component/Console/Output/ConsoleOutput))
#37 D:/DS-TI/CRM-DIMSUM/opm-digemid/artisan(13): Illuminate/Foundation/Application->handleCommand(Object(Symfony/Component/Console/Input/ArgvInput))
#38 {main}
"} 
[2026-08-19 18:58:08] local.ERROR: No se pudo consultar Logística. Intenta nuevamente. {"exception":"[object] (RuntimeException(code: 0): No se pudo consultar Logística. Intenta nuevamente. at D:/DS-TI/CRM-DIMSUM/opm-digemid/app/Services/SalesGatewayClient.php:48)
[stacktrace]
#0 D:/DS-TI/CRM-DIMSUM/opm-digemid/app/Services/SalesGatewayClient.php(39): App/Services/SalesGatewayClient->get('/api/ventas/666...')
#1 D:/DS-TI/CRM-DIMSUM/opm-digemid/app/Jobs/ExtraerVentasJob.php(98): App/Services/SalesGatewayClient->saleDetail('666489')
#2 D:/DS-TI/CRM-DIMSUM/opm-digemid/app/Jobs/ExtraerVentasJob.php(65): App/Jobs/ExtraerVentasJob->procesarVenta(Object(App/Models/VentaExtraccion), Object(App/Services/SalesGatewayClient), Array)
#3 D:/DS-TI/CRM-DIMSUM/opm-digemid/app/Jobs/ExtraerVentasJob.php(36): App/Jobs/ExtraerVentasJob->procesar(Object(App/Models/VentaExtraccion), Object(App/Services/SalesGatewayClient))
#4 D:/DS-TI/CRM-DIMSUM/opm-digemid/vendor/laravel/framework/src/Illuminate/Container/BoundMethod.php(36): App/Jobs/ExtraerVentasJob->handle(Object(App/Services/SalesGatewayClient))
#5 D:/DS-TI/CRM-DIMSUM/opm-digemid/vendor/laravel/framework/src/Illuminate/Container/Util.php(43): Illuminate/Container/BoundMethod::Illuminate/Container/{closure}()
#6 D:/DS-TI/CRM-DIMSUM/opm-digemid/vendor/laravel/framework/src/Illuminate/Container/BoundMethod.php(95): Illuminate/Container/Util::unwrapIfClosure(Object(Closure))
#7 D:/DS-TI/CRM-DIMSUM/opm-digemid/vendor/laravel/framework/src/Illuminate/Container/BoundMethod.php(35): Illuminate/Container/BoundMethod::callBoundMethod(Object(Illuminate/Foundation/Application), Array, Object(Closure))
#8 D:/DS-TI/CRM-DIMSUM/opm-digemid/vendor/laravel/framework/src/Illuminate/Container/Container.php(696): Illuminate/Container/BoundMethod::call(Object(Illuminate/Foundation/Application), Array, Array, NULL)
#9 D:/DS-TI/CRM-DIMSUM/opm-digemid/vendor/laravel/framework/src/Illuminate/Bus/Dispatcher.php(126): Illuminate/Container/Container->call(Array)
#10 D:/DS-TI/CRM-DIMSUM/opm-digemid/vendor/laravel/framework/src/Illuminate/Pipeline/Pipeline.php(170): Illuminate/Bus/Dispatcher->Illuminate/Bus/{closure}(Object(App/Jobs/ExtraerVentasJob))
#11 D:/DS-TI/CRM-DIMSUM/opm-digemid/vendor/laravel/framework/src/Illuminate/Pipeline/Pipeline.php(127): Illuminate/Pipeline/Pipeline->Illuminate/Pipeline/{closure}(Object(App/Jobs/ExtraerVentasJob))
#12 D:/DS-TI/CRM-DIMSUM/opm-digemid/vendor/laravel/framework/src/Illuminate/Bus/Dispatcher.php(130): Illuminate/Pipeline/Pipeline->then(Object(Closure))
#13 D:/DS-TI/CRM-DIMSUM/opm-digemid/vendor/laravel/framework/src/Illuminate/Queue/CallQueuedHandler.php(126): Illuminate/Bus/Dispatcher->dispatchNow(Object(App/Jobs/ExtraerVentasJob), false)
#14 D:/DS-TI/CRM-DIMSUM/opm-digemid/vendor/laravel/framework/src/Illuminate/Pipeline/Pipeline.php(170): Illuminate/Queue/CallQueuedHandler->Illuminate/Queue/{closure}(Object(App/Jobs/ExtraerVentasJob))
#15 D:/DS-TI/CRM-DIMSUM/opm-digemid/vendor/laravel/framework/src/Illuminate/Pipeline/Pipeline.php(127): Illuminate/Pipeline/Pipeline->Illuminate/Pipeline/{closure}(Object(App/Jobs/ExtraerVentasJob))
#16 D:/DS-TI/CRM-DIMSUM/opm-digemid/vendor/laravel/framework/src/Illuminate/Queue/CallQueuedHandler.php(121): Illuminate/Pipeline/Pipeline->then(Object(Closure))
#17 D:/DS-TI/CRM-DIMSUM/opm-digemid/vendor/laravel/framework/src/Illuminate/Queue/CallQueuedHandler.php(69): Illuminate/Queue/CallQueuedHandler->dispatchThroughMiddleware(Object(Illuminate/Queue/Jobs/DatabaseJob), Object(App/Jobs/ExtraerVentasJob))
#18 D:/DS-TI/CRM-DIMSUM/opm-digemid/vendor/laravel/framework/src/Illuminate/Queue/Jobs/Job.php(102): Illuminate/Queue/CallQueuedHandler->call(Object(Illuminate/Queue/Jobs/DatabaseJob), Array)
#19 D:/DS-TI/CRM-DIMSUM/opm-digemid/vendor/laravel/framework/src/Illuminate/Queue/Worker.php(461): Illuminate/Queue/Jobs/Job->fire()
#20 D:/DS-TI/CRM-DIMSUM/opm-digemid/vendor/laravel/framework/src/Illuminate/Queue/Worker.php(411): Illuminate/Queue/Worker->process('database', Object(Illuminate/Queue/Jobs/DatabaseJob), Object(Illuminate/Queue/WorkerOptions))
#21 D:/DS-TI/CRM-DIMSUM/opm-digemid/vendor/laravel/framework/src/Illuminate/Queue/Worker.php(189): Illuminate/Queue/Worker->runJob(Object(Illuminate/Queue/Jobs/DatabaseJob), 'database', Object(Illuminate/Queue/WorkerOptions))
#22 D:/DS-TI/CRM-DIMSUM/opm-digemid/vendor/laravel/framework/src/Illuminate/Queue/Console/WorkCommand.php(150): Illuminate/Queue/Worker->daemon('database', 'default', Object(Illuminate/Queue/WorkerOptions))
#23 D:/DS-TI/CRM-DIMSUM/opm-digemid/vendor/laravel/framework/src/Illuminate/Queue/Console/WorkCommand.php(133): Illuminate/Queue/Console/WorkCommand->runWorker('database', 'default')
#24 D:/DS-TI/CRM-DIMSUM/opm-digemid/vendor/laravel/framework/src/Illuminate/Container/BoundMethod.php(36): Illuminate/Queue/Console/WorkCommand->handle()
#25 D:/DS-TI/CRM-DIMSUM/opm-digemid/vendor/laravel/framework/src/Illuminate/Container/Util.php(43): Illuminate/Container/BoundMethod::Illuminate/Container/{closure}()
#26 D:/DS-TI/CRM-DIMSUM/opm-digemid/vendor/laravel/framework/src/Illuminate/Container/BoundMethod.php(95): Illuminate/Container/Util::unwrapIfClosure(Object(Closure))
#27 D:/DS-TI/CRM-DIMSUM/opm-digemid/vendor/laravel/framework/src/Illuminate/Container/BoundMethod.php(35): Illuminate/Container/BoundMethod::callBoundMethod(Object(Illuminate/Foundation/Application), Array, Object(Closure))
#28 D:/DS-TI/CRM-DIMSUM/opm-digemid/vendor/laravel/framework/src/Illuminate/Container/Container.php(696): Illuminate/Container/BoundMethod::call(Object(Illuminate/Foundation/Application), Array, Array, NULL)
#29 D:/DS-TI/CRM-DIMSUM/opm-digemid/vendor/laravel/framework/src/Illuminate/Console/Command.php(213): Illuminate/Container/Container->call(Array)
#30 D:/DS-TI/CRM-DIMSUM/opm-digemid/vendor/symfony/console/Command/Command.php(341): Illuminate/Console/Command->execute(Object(Symfony/Component/Console/Input/ArgvInput), Object(Illuminate/Console/OutputStyle))
#31 D:/DS-TI/CRM-DIMSUM/opm-digemid/vendor/laravel/framework/src/Illuminate/Console/Command.php(182): Symfony/Component/Console/Command/Command->run(Object(Symfony/Component/Console/Input/ArgvInput), Object(Illuminate/Console/OutputStyle))
#32 D:/DS-TI/CRM-DIMSUM/opm-digemid/vendor/symfony/console/Application.php(1117): Illuminate/Console/Command->run(Object(Symfony/Component/Console/Input/ArgvInput), Object(Symfony/Component/Console/Output/ConsoleOutput))
#33 D:/DS-TI/CRM-DIMSUM/opm-digemid/vendor/symfony/console/Application.php(356): Symfony/Component/Console/Application->doRunCommand(Object(Illuminate/Queue/Console/WorkCommand), Object(Symfony/Component/Console/Input/ArgvInput), Object(Symfony/Component/Console/Output/ConsoleOutput))
#34 D:/DS-TI/CRM-DIMSUM/opm-digemid/vendor/symfony/console/Application.php(195): Symfony/Component/Console/Application->doRun(Object(Symfony/Component/Console/Input/ArgvInput), Object(Symfony/Component/Console/Output/ConsoleOutput))
#35 D:/DS-TI/CRM-DIMSUM/opm-digemid/vendor/laravel/framework/src/Illuminate/Foundation/Console/Kernel.php(198): Symfony/Component/Console/Application->run(Object(Symfony/Component/Console/Input/ArgvInput), Object(Symfony/Component/Console/Output/ConsoleOutput))
#36 D:/DS-TI/CRM-DIMSUM/opm-digemid/vendor/laravel/framework/src/Illuminate/Foundation/Application.php(1235): Illuminate/Foundation/Console/Kernel->handle(Object(Symfony/Component/Console/Input/ArgvInput), Object(Symfony/Component/Console/Output/ConsoleOutput))
#37 D:/DS-TI/CRM-DIMSUM/opm-digemid/artisan(13): Illuminate/Foundation/Application->handleCommand(Object(Symfony/Component/Console/Input/ArgvInput))
#38 {main}
"} 
[2026-08-19 18:58:08] local.ERROR: No se pudo consultar Logística. Intenta nuevamente. {"exception":"[object] (RuntimeException(code: 0): No se pudo consultar Logística. Intenta nuevamente. at D:/DS-TI/CRM-DIMSUM/opm-digemid/app/Services/SalesGatewayClient.php:48)
[stacktrace]
#0 D:/DS-TI/CRM-DIMSUM/opm-digemid/app/Services/SalesGatewayClient.php(39): App/Services/SalesGatewayClient->get('/api/ventas/666...')
#1 D:/DS-TI/CRM-DIMSUM/opm-digemid/app/Jobs/ExtraerVentasJob.php(98): App/Services/SalesGatewayClient->saleDetail('666488')
#2 D:/DS-TI/CRM-DIMSUM/opm-digemid/app/Jobs/ExtraerVentasJob.php(65): App/Jobs/ExtraerVentasJob->procesarVenta(Object(App/Models/VentaExtraccion), Object(App/Services/SalesGatewayClient), Array)
#3 D:/DS-TI/CRM-DIMSUM/opm-digemid/app/Jobs/ExtraerVentasJob.php(36): App/Jobs/ExtraerVentasJob->procesar(Object(App/Models/VentaExtraccion), Object(App/Services/SalesGatewayClient))
#4 D:/DS-TI/CRM-DIMSUM/opm-digemid/vendor/laravel/framework/src/Illuminate/Container/BoundMethod.php(36): App/Jobs/ExtraerVentasJob->handle(Object(App/Services/SalesGatewayClient))
#5 D:/DS-TI/CRM-DIMSUM/opm-digemid/vendor/laravel/framework/src/Illuminate/Container/Util.php(43): Illuminate/Container/BoundMethod::Illuminate/Container/{closure}()
#6 D:/DS-TI/CRM-DIMSUM/opm-digemid/vendor/laravel/framework/src/Illuminate/Container/BoundMethod.php(95): Illuminate/Container/Util::unwrapIfClosure(Object(Closure))
#7 D:/DS-TI/CRM-DIMSUM/opm-digemid/vendor/laravel/framework/src/Illuminate/Container/BoundMethod.php(35): Illuminate/Container/BoundMethod::callBoundMethod(Object(Illuminate/Foundation/Application), Array, Object(Closure))
#8 D:/DS-TI/CRM-DIMSUM/opm-digemid/vendor/laravel/framework/src/Illuminate/Container/Container.php(696): Illuminate/Container/BoundMethod::call(Object(Illuminate/Foundation/Application), Array, Array, NULL)
#9 D:/DS-TI/CRM-DIMSUM/opm-digemid/vendor/laravel/framework/src/Illuminate/Bus/Dispatcher.php(126): Illuminate/Container/Container->call(Array)
#10 D:/DS-TI/CRM-DIMSUM/opm-digemid/vendor/laravel/framework/src/Illuminate/Pipeline/Pipeline.php(170): Illuminate/Bus/Dispatcher->Illuminate/Bus/{closure}(Object(App/Jobs/ExtraerVentasJob))
#11 D:/DS-TI/CRM-DIMSUM/opm-digemid/vendor/laravel/framework/src/Illuminate/Pipeline/Pipeline.php(127): Illuminate/Pipeline/Pipeline->Illuminate/Pipeline/{closure}(Object(App/Jobs/ExtraerVentasJob))
#12 D:/DS-TI/CRM-DIMSUM/opm-digemid/vendor/laravel/framework/src/Illuminate/Bus/Dispatcher.php(130): Illuminate/Pipeline/Pipeline->then(Object(Closure))
#13 D:/DS-TI/CRM-DIMSUM/opm-digemid/vendor/laravel/framework/src/Illuminate/Queue/CallQueuedHandler.php(126): Illuminate/Bus/Dispatcher->dispatchNow(Object(App/Jobs/ExtraerVentasJob), false)
#14 D:/DS-TI/CRM-DIMSUM/opm-digemid/vendor/laravel/framework/src/Illuminate/Pipeline/Pipeline.php(170): Illuminate/Queue/CallQueuedHandler->Illuminate/Queue/{closure}(Object(App/Jobs/ExtraerVentasJob))
#15 D:/DS-TI/CRM-DIMSUM/opm-digemid/vendor/laravel/framework/src/Illuminate/Pipeline/Pipeline.php(127): Illuminate/Pipeline/Pipeline->Illuminate/Pipeline/{closure}(Object(App/Jobs/ExtraerVentasJob))
#16 D:/DS-TI/CRM-DIMSUM/opm-digemid/vendor/laravel/framework/src/Illuminate/Queue/CallQueuedHandler.php(121): Illuminate/Pipeline/Pipeline->then(Object(Closure))
#17 D:/DS-TI/CRM-DIMSUM/opm-digemid/vendor/laravel/framework/src/Illuminate/Queue/CallQueuedHandler.php(69): Illuminate/Queue/CallQueuedHandler->dispatchThroughMiddleware(Object(Illuminate/Queue/Jobs/DatabaseJob), Object(App/Jobs/ExtraerVentasJob))
#18 D:/DS-TI/CRM-DIMSUM/opm-digemid/vendor/laravel/framework/src/Illuminate/Queue/Jobs/Job.php(102): Illuminate/Queue/CallQueuedHandler->call(Object(Illuminate/Queue/Jobs/DatabaseJob), Array)
#19 D:/DS-TI/CRM-DIMSUM/opm-digemid/vendor/laravel/framework/src/Illuminate/Queue/Worker.php(461): Illuminate/Queue/Jobs/Job->fire()
#20 D:/DS-TI/CRM-DIMSUM/opm-digemid/vendor/laravel/framework/src/Illuminate/Queue/Worker.php(411): Illuminate/Queue/Worker->process('database', Object(Illuminate/Queue/Jobs/DatabaseJob), Object(Illuminate/Queue/WorkerOptions))
#21 D:/DS-TI/CRM-DIMSUM/opm-digemid/vendor/laravel/framework/src/Illuminate/Queue/Worker.php(189): Illuminate/Queue/Worker->runJob(Object(Illuminate/Queue/Jobs/DatabaseJob), 'database', Object(Illuminate/Queue/WorkerOptions))
#22 D:/DS-TI/CRM-DIMSUM/opm-digemid/vendor/laravel/framework/src/Illuminate/Queue/Console/WorkCommand.php(150): Illuminate/Queue/Worker->daemon('database', 'default', Object(Illuminate/Queue/WorkerOptions))
#23 D:/DS-TI/CRM-DIMSUM/opm-digemid/vendor/laravel/framework/src/Illuminate/Queue/Console/WorkCommand.php(133): Illuminate/Queue/Console/WorkCommand->runWorker('database', 'default')
#24 D:/DS-TI/CRM-DIMSUM/opm-digemid/vendor/laravel/framework/src/Illuminate/Container/BoundMethod.php(36): Illuminate/Queue/Console/WorkCommand->handle()
#25 D:/DS-TI/CRM-DIMSUM/opm-digemid/vendor/laravel/framework/src/Illuminate/Container/Util.php(43): Illuminate/Container/BoundMethod::Illuminate/Container/{closure}()
#26 D:/DS-TI/CRM-DIMSUM/opm-digemid/vendor/laravel/framework/src/Illuminate/Container/BoundMethod.php(95): Illuminate/Container/Util::unwrapIfClosure(Object(Closure))
#27 D:/DS-TI/CRM-DIMSUM/opm-digemid/vendor/laravel/framework/src/Illuminate/Container/BoundMethod.php(35): Illuminate/Container/BoundMethod::callBoundMethod(Object(Illuminate/Foundation/Application), Array, Object(Closure))
#28 D:/DS-TI/CRM-DIMSUM/opm-digemid/vendor/laravel/framework/src/Illuminate/Container/Container.php(696): Illuminate/Container/BoundMethod::call(Object(Illuminate/Foundation/Application), Array, Array, NULL)
#29 D:/DS-TI/CRM-DIMSUM/opm-digemid/vendor/laravel/framework/src/Illuminate/Console/Command.php(213): Illuminate/Container/Container->call(Array)
#30 D:/DS-TI/CRM-DIMSUM/opm-digemid/vendor/symfony/console/Command/Command.php(341): Illuminate/Console/Command->execute(Object(Symfony/Component/Console/Input/ArgvInput), Object(Illuminate/Console/OutputStyle))
#31 D:/DS-TI/CRM-DIMSUM/opm-digemid/vendor/laravel/framework/src/Illuminate/Console/Command.php(182): Symfony/Component/Console/Command/Command->run(Object(Symfony/Component/Console/Input/ArgvInput), Object(Illuminate/Console/OutputStyle))
#32 D:/DS-TI/CRM-DIMSUM/opm-digemid/vendor/symfony/console/Application.php(1117): Illuminate/Console/Command->run(Object(Symfony/Component/Console/Input/ArgvInput), Object(Symfony/Component/Console/Output/ConsoleOutput))
#33 D:/DS-TI/CRM-DIMSUM/opm-digemid/vendor/symfony/console/Application.php(356): Symfony/Component/Console/Application->doRunCommand(Object(Illuminate/Queue/Console/WorkCommand), Object(Symfony/Component/Console/Input/ArgvInput), Object(Symfony/Component/Console/Output/ConsoleOutput))
#34 D:/DS-TI/CRM-DIMSUM/opm-digemid/vendor/symfony/console/Application.php(195): Symfony/Component/Console/Application->doRun(Object(Symfony/Component/Console/Input/ArgvInput), Object(Symfony/Component/Console/Output/ConsoleOutput))
#35 D:/DS-TI/CRM-DIMSUM/opm-digemid/vendor/laravel/framework/src/Illuminate/Foundation/Console/Kernel.php(198): Symfony/Component/Console/Application->run(Object(Symfony/Component/Console/Input/ArgvInput), Object(Symfony/Component/Console/Output/ConsoleOutput))
#36 D:/DS-TI/CRM-DIMSUM/opm-digemid/vendor/laravel/framework/src/Illuminate/Foundation/Application.php(1235): Illuminate/Foundation/Console/Kernel->handle(Object(Symfony/Component/Console/Input/ArgvInput), Object(Symfony/Component/Console/Output/ConsoleOutput))
#37 D:/DS-TI/CRM-DIMSUM/opm-digemid/artisan(13): Illuminate/Foundation/Application->handleCommand(Object(Symfony/Component/Console/Input/ArgvInput))
#38 {main}
"} 
[2026-08-19 18:58:08] local.ERROR: No se pudo consultar Logística. Intenta nuevamente. {"exception":"[object] (RuntimeException(code: 0): No se pudo consultar Logística. Intenta nuevamente. at D:/DS-TI/CRM-DIMSUM/opm-digemid/app/Services/SalesGatewayClient.php:48)
[stacktrace]
#0 D:/DS-TI/CRM-DIMSUM/opm-digemid/app/Services/SalesGatewayClient.php(39): App/Services/SalesGatewayClient->get('/api/ventas/666...')
#1 D:/DS-TI/CRM-DIMSUM/opm-digemid/app/Jobs/ExtraerVentasJob.php(98): App/Services/SalesGatewayClient->saleDetail('666487')
#2 D:/DS-TI/CRM-DIMSUM/opm-digemid/app/Jobs/ExtraerVentasJob.php(65): App/Jobs/ExtraerVentasJob->procesarVenta(Object(App/Models/VentaExtraccion), Object(App/Services/SalesGatewayClient), Array)
#3 D:/DS-TI/CRM-DIMSUM/opm-digemid/app/Jobs/ExtraerVentasJob.php(36): App/Jobs/ExtraerVentasJob->procesar(Object(App/Models/VentaExtraccion), Object(App/Services/SalesGatewayClient))
#4 D:/DS-TI/CRM-DIMSUM/opm-digemid/vendor/laravel/framework/src/Illuminate/Container/BoundMethod.php(36): App/Jobs/ExtraerVentasJob->handle(Object(App/Services/SalesGatewayClient))
#5 D:/DS-TI/CRM-DIMSUM/opm-digemid/vendor/laravel/framework/src/Illuminate/Container/Util.php(43): Illuminate/Container/BoundMethod::Illuminate/Container/{closure}()
#6 D:/DS-TI/CRM-DIMSUM/opm-digemid/vendor/laravel/framework/src/Illuminate/Container/BoundMethod.php(95): Illuminate/Container/Util::unwrapIfClosure(Object(Closure))
#7 D:/DS-TI/CRM-DIMSUM/opm-digemid/vendor/laravel/framework/src/Illuminate/Container/BoundMethod.php(35): Illuminate/Container/BoundMethod::callBoundMethod(Object(Illuminate/Foundation/Application), Array, Object(Closure))
#8 D:/DS-TI/CRM-DIMSUM/opm-digemid/vendor/laravel/framework/src/Illuminate/Container/Container.php(696): Illuminate/Container/BoundMethod::call(Object(Illuminate/Foundation/Application), Array, Array, NULL)
#9 D:/DS-TI/CRM-DIMSUM/opm-digemid/vendor/laravel/framework/src/Illuminate/Bus/Dispatcher.php(126): Illuminate/Container/Container->call(Array)
#10 D:/DS-TI/CRM-DIMSUM/opm-digemid/vendor/laravel/framework/src/Illuminate/Pipeline/Pipeline.php(170): Illuminate/Bus/Dispatcher->Illuminate/Bus/{closure}(Object(App/Jobs/ExtraerVentasJob))
#11 D:/DS-TI/CRM-DIMSUM/opm-digemid/vendor/laravel/framework/src/Illuminate/Pipeline/Pipeline.php(127): Illuminate/Pipeline/Pipeline->Illuminate/Pipeline/{closure}(Object(App/Jobs/ExtraerVentasJob))
#12 D:/DS-TI/CRM-DIMSUM/opm-digemid/vendor/laravel/framework/src/Illuminate/Bus/Dispatcher.php(130): Illuminate/Pipeline/Pipeline->then(Object(Closure))
#13 D:/DS-TI/CRM-DIMSUM/opm-digemid/vendor/laravel/framework/src/Illuminate/Queue/CallQueuedHandler.php(126): Illuminate/Bus/Dispatcher->dispatchNow(Object(App/Jobs/ExtraerVentasJob), false)
#14 D:/DS-TI/CRM-DIMSUM/opm-digemid/vendor/laravel/framework/src/Illuminate/Pipeline/Pipeline.php(170): Illuminate/Queue/CallQueuedHandler->Illuminate/Queue/{closure}(Object(App/Jobs/ExtraerVentasJob))
#15 D:/DS-TI/CRM-DIMSUM/opm-digemid/vendor/laravel/framework/src/Illuminate/Pipeline/Pipeline.php(127): Illuminate/Pipeline/Pipeline->Illuminate/Pipeline/{closure}(Object(App/Jobs/ExtraerVentasJob))
#16 D:/DS-TI/CRM-DIMSUM/opm-digemid/vendor/laravel/framework/src/Illuminate/Queue/CallQueuedHandler.php(121): Illuminate/Pipeline/Pipeline->then(Object(Closure))
#17 D:/DS-TI/CRM-DIMSUM/opm-digemid/vendor/laravel/framework/src/Illuminate/Queue/CallQueuedHandler.php(69): Illuminate/Queue/CallQueuedHandler->dispatchThroughMiddleware(Object(Illuminate/Queue/Jobs/DatabaseJob), Object(App/Jobs/ExtraerVentasJob))
#18 D:/DS-TI/CRM-DIMSUM/opm-digemid/vendor/laravel/framework/src/Illuminate/Queue/Jobs/Job.php(102): Illuminate/Queue/CallQueuedHandler->call(Object(Illuminate/Queue/Jobs/DatabaseJob), Array)
#19 D:/DS-TI/CRM-DIMSUM/opm-digemid/vendor/laravel/framework/src/Illuminate/Queue/Worker.php(461): Illuminate/Queue/Jobs/Job->fire()
#20 D:/DS-TI/CRM-DIMSUM/opm-digemid/vendor/laravel/framework/src/Illuminate/Queue/Worker.php(411): Illuminate/Queue/Worker->process('database', Object(Illuminate/Queue/Jobs/DatabaseJob), Object(Illuminate/Queue/WorkerOptions))
#21 D:/DS-TI/CRM-DIMSUM/opm-digemid/vendor/laravel/framework/src/Illuminate/Queue/Worker.php(189): Illuminate/Queue/Worker->runJob(Object(Illuminate/Queue/Jobs/DatabaseJob), 'database', Object(Illuminate/Queue/WorkerOptions))
#22 D:/DS-TI/CRM-DIMSUM/opm-digemid/vendor/laravel/framework/src/Illuminate/Queue/Console/WorkCommand.php(150): Illuminate/Queue/Worker->daemon('database', 'default', Object(Illuminate/Queue/WorkerOptions))
#23 D:/DS-TI/CRM-DIMSUM/opm-digemid/vendor/laravel/framework/src/Illuminate/Queue/Console/WorkCommand.php(133): Illuminate/Queue/Console/WorkCommand->runWorker('database', 'default')
#24 D:/DS-TI/CRM-DIMSUM/opm-digemid/vendor/laravel/framework/src/Illuminate/Container/BoundMethod.php(36): Illuminate/Queue/Console/WorkCommand->handle()
#25 D:/DS-TI/CRM-DIMSUM/opm-digemid/vendor/laravel/framework/src/Illuminate/Container/Util.php(43): Illuminate/Container/BoundMethod::Illuminate/Container/{closure}()
#26 D:/DS-TI/CRM-DIMSUM/opm-digemid/vendor/laravel/framework/src/Illuminate/Container/BoundMethod.php(95): Illuminate/Container/Util::unwrapIfClosure(Object(Closure))
#27 D:/DS-TI/CRM-DIMSUM/opm-digemid/vendor/laravel/framework/src/Illuminate/Container/BoundMethod.php(35): Illuminate/Container/BoundMethod::callBoundMethod(Object(Illuminate/Foundation/Application), Array, Object(Closure))
#28 D:/DS-TI/CRM-DIMSUM/opm-digemid/vendor/laravel/framework/src/Illuminate/Container/Container.php(696): Illuminate/Container/BoundMethod::call(Object(Illuminate/Foundation/Application), Array, Array, NULL)
#29 D:/DS-TI/CRM-DIMSUM/opm-digemid/vendor/laravel/framework/src/Illuminate/Console/Command.php(213): Illuminate/Container/Container->call(Array)
#30 D:/DS-TI/CRM-DIMSUM/opm-digemid/vendor/symfony/console/Command/Command.php(341): Illuminate/Console/Command->execute(Object(Symfony/Component/Console/Input/ArgvInput), Object(Illuminate/Console/OutputStyle))
#31 D:/DS-TI/CRM-DIMSUM/opm-digemid/vendor/laravel/framework/src/Illuminate/Console/Command.php(182): Symfony/Component/Console/Command/Command->run(Object(Symfony/Component/Console/Input/ArgvInput), Object(Illuminate/Console/OutputStyle))
#32 D:/DS-TI/CRM-DIMSUM/opm-digemid/vendor/symfony/console/Application.php(1117): Illuminate/Console/Command->run(Object(Symfony/Component/Console/Input/ArgvInput), Object(Symfony/Component/Console/Output/ConsoleOutput))
#33 D:/DS-TI/CRM-DIMSUM/opm-digemid/vendor/symfony/console/Application.php(356): Symfony/Component/Console/Application->doRunCommand(Object(Illuminate/Queue/Console/WorkCommand), Object(Symfony/Component/Console/Input/ArgvInput), Object(Symfony/Component/Console/Output/ConsoleOutput))
#34 D:/DS-TI/CRM-DIMSUM/opm-digemid/vendor/symfony/console/Application.php(195): Symfony/Component/Console/Application->doRun(Object(Symfony/Component/Console/Input/ArgvInput), Object(Symfony/Component/Console/Output/ConsoleOutput))
#35 D:/DS-TI/CRM-DIMSUM/opm-digemid/vendor/laravel/framework/src/Illuminate/Foundation/Console/Kernel.php(198): Symfony/Component/Console/Application->run(Object(Symfony/Component/Console/Input/ArgvInput), Object(Symfony/Component/Console/Output/ConsoleOutput))
#36 D:/DS-TI/CRM-DIMSUM/opm-digemid/vendor/laravel/framework/src/Illuminate/Foundation/Application.php(1235): Illuminate/Foundation/Console/Kernel->handle(Object(Symfony/Component/Console/Input/ArgvInput), Object(Symfony/Component/Console/Output/ConsoleOutput))
#37 D:/DS-TI/CRM-DIMSUM/opm-digemid/artisan(13): Illuminate/Foundation/Application->handleCommand(Object(Symfony/Component/Console/Input/ArgvInput))
#38 {main}
"} 
[2026-08-19 18:58:08] local.ERROR: No se pudo consultar Logística. Intenta nuevamente. {"exception":"[object] (RuntimeException(code: 0): No se pudo consultar Logística. Intenta nuevamente. at D:/DS-TI/CRM-DIMSUM/opm-digemid/app/Services/SalesGatewayClient.php:48)
[stacktrace]
#0 D:/DS-TI/CRM-DIMSUM/opm-digemid/app/Services/SalesGatewayClient.php(39): App/Services/SalesGatewayClient->get('/api/ventas/666...')
#1 D:/DS-TI/CRM-DIMSUM/opm-digemid/app/Jobs/ExtraerVentasJob.php(98): App/Services/SalesGatewayClient->saleDetail('666486')
#2 D:/DS-TI/CRM-DIMSUM/opm-digemid/app/Jobs/ExtraerVentasJob.php(65): App/Jobs/ExtraerVentasJob->procesarVenta(Object(App/Models/VentaExtraccion), Object(App/Services/SalesGatewayClient), Array)
#3 D:/DS-TI/CRM-DIMSUM/opm-digemid/app/Jobs/ExtraerVentasJob.php(36): App/Jobs/ExtraerVentasJob->procesar(Object(App/Models/VentaExtraccion), Object(App/Services/SalesGatewayClient))
#4 D:/DS-TI/CRM-DIMSUM/opm-digemid/vendor/laravel/framework/src/Illuminate/Container/BoundMethod.php(36): App/Jobs/ExtraerVentasJob->handle(Object(App/Services/SalesGatewayClient))
#5 D:/DS-TI/CRM-DIMSUM/opm-digemid/vendor/laravel/framework/src/Illuminate/Container/Util.php(43): Illuminate/Container/BoundMethod::Illuminate/Container/{closure}()
#6 D:/DS-TI/CRM-DIMSUM/opm-digemid/vendor/laravel/framework/src/Illuminate/Container/BoundMethod.php(95): Illuminate/Container/Util::unwrapIfClosure(Object(Closure))
#7 D:/DS-TI/CRM-DIMSUM/opm-digemid/vendor/laravel/framework/src/Illuminate/Container/BoundMethod.php(35): Illuminate/Container/BoundMethod::callBoundMethod(Object(Illuminate/Foundation/Application), Array, Object(Closure))
#8 D:/DS-TI/CRM-DIMSUM/opm-digemid/vendor/laravel/framework/src/Illuminate/Container/Container.php(696): Illuminate/Container/BoundMethod::call(Object(Illuminate/Foundation/Application), Array, Array, NULL)
#9 D:/DS-TI/CRM-DIMSUM/opm-digemid/vendor/laravel/framework/src/Illuminate/Bus/Dispatcher.php(126): Illuminate/Container/Container->call(Array)
#10 D:/DS-TI/CRM-DIMSUM/opm-digemid/vendor/laravel/framework/src/Illuminate/Pipeline/Pipeline.php(170): Illuminate/Bus/Dispatcher->Illuminate/Bus/{closure}(Object(App/Jobs/ExtraerVentasJob))
#11 D:/DS-TI/CRM-DIMSUM/opm-digemid/vendor/laravel/framework/src/Illuminate/Pipeline/Pipeline.php(127): Illuminate/Pipeline/Pipeline->Illuminate/Pipeline/{closure}(Object(App/Jobs/ExtraerVentasJob))
#12 D:/DS-TI/CRM-DIMSUM/opm-digemid/vendor/laravel/framework/src/Illuminate/Bus/Dispatcher.php(130): Illuminate/Pipeline/Pipeline->then(Object(Closure))
#13 D:/DS-TI/CRM-DIMSUM/opm-digemid/vendor/laravel/framework/src/Illuminate/Queue/CallQueuedHandler.php(126): Illuminate/Bus/Dispatcher->dispatchNow(Object(App/Jobs/ExtraerVentasJob), false)
#14 D:/DS-TI/CRM-DIMSUM/opm-digemid/vendor/laravel/framework/src/Illuminate/Pipeline/Pipeline.php(170): Illuminate/Queue/CallQueuedHandler->Illuminate/Queue/{closure}(Object(App/Jobs/ExtraerVentasJob))
#15 D:/DS-TI/CRM-DIMSUM/opm-digemid/vendor/laravel/framework/src/Illuminate/Pipeline/Pipeline.php(127): Illuminate/Pipeline/Pipeline->Illuminate/Pipeline/{closure}(Object(App/Jobs/ExtraerVentasJob))
#16 D:/DS-TI/CRM-DIMSUM/opm-digemid/vendor/laravel/framework/src/Illuminate/Queue/CallQueuedHandler.php(121): Illuminate/Pipeline/Pipeline->then(Object(Closure))
#17 D:/DS-TI/CRM-DIMSUM/opm-digemid/vendor/laravel/framework/src/Illuminate/Queue/CallQueuedHandler.php(69): Illuminate/Queue/CallQueuedHandler->dispatchThroughMiddleware(Object(Illuminate/Queue/Jobs/DatabaseJob), Object(App/Jobs/ExtraerVentasJob))
#18 D:/DS-TI/CRM-DIMSUM/opm-digemid/vendor/laravel/framework/src/Illuminate/Queue/Jobs/Job.php(102): Illuminate/Queue/CallQueuedHandler->call(Object(Illuminate/Queue/Jobs/DatabaseJob), Array)
#19 D:/DS-TI/CRM-DIMSUM/opm-digemid/vendor/laravel/framework/src/Illuminate/Queue/Worker.php(461): Illuminate/Queue/Jobs/Job->fire()
#20 D:/DS-TI/CRM-DIMSUM/opm-digemid/vendor/laravel/framework/src/Illuminate/Queue/Worker.php(411): Illuminate/Queue/Worker->process('database', Object(Illuminate/Queue/Jobs/DatabaseJob), Object(Illuminate/Queue/WorkerOptions))
#21 D:/DS-TI/CRM-DIMSUM/opm-digemid/vendor/laravel/framework/src/Illuminate/Queue/Worker.php(189): Illuminate/Queue/Worker->runJob(Object(Illuminate/Queue/Jobs/DatabaseJob), 'database', Object(Illuminate/Queue/WorkerOptions))
#22 D:/DS-TI/CRM-DIMSUM/opm-digemid/vendor/laravel/framework/src/Illuminate/Queue/Console/WorkCommand.php(150): Illuminate/Queue/Worker->daemon('database', 'default', Object(Illuminate/Queue/WorkerOptions))
#23 D:/DS-TI/CRM-DIMSUM/opm-digemid/vendor/laravel/framework/src/Illuminate/Queue/Console/WorkCommand.php(133): Illuminate/Queue/Console/WorkCommand->runWorker('database', 'default')
#24 D:/DS-TI/CRM-DIMSUM/opm-digemid/vendor/laravel/framework/src/Illuminate/Container/BoundMethod.php(36): Illuminate/Queue/Console/WorkCommand->handle()
#25 D:/DS-TI/CRM-DIMSUM/opm-digemid/vendor/laravel/framework/src/Illuminate/Container/Util.php(43): Illuminate/Container/BoundMethod::Illuminate/Container/{closure}()
#26 D:/DS-TI/CRM-DIMSUM/opm-digemid/vendor/laravel/framework/src/Illuminate/Container/BoundMethod.php(95): Illuminate/Container/Util::unwrapIfClosure(Object(Closure))
#27 D:/DS-TI/CRM-DIMSUM/opm-digemid/vendor/laravel/framework/src/Illuminate/Container/BoundMethod.php(35): Illuminate/Container/BoundMethod::callBoundMethod(Object(Illuminate/Foundation/Application), Array, Object(Closure))
#28 D:/DS-TI/CRM-DIMSUM/opm-digemid/vendor/laravel/framework/src/Illuminate/Container/Container.php(696): Illuminate/Container/BoundMethod::call(Object(Illuminate/Foundation/Application), Array, Array, NULL)
#29 D:/DS-TI/CRM-DIMSUM/opm-digemid/vendor/laravel/framework/src/Illuminate/Console/Command.php(213): Illuminate/Container/Container->call(Array)
#30 D:/DS-TI/CRM-DIMSUM/opm-digemid/vendor/symfony/console/Command/Command.php(341): Illuminate/Console/Command->execute(Object(Symfony/Component/Console/Input/ArgvInput), Object(Illuminate/Console/OutputStyle))
#31 D:/DS-TI/CRM-DIMSUM/opm-digemid/vendor/laravel/framework/src/Illuminate/Console/Command.php(182): Symfony/Component/Console/Command/Command->run(Object(Symfony/Component/Console/Input/ArgvInput), Object(Illuminate/Console/OutputStyle))
#32 D:/DS-TI/CRM-DIMSUM/opm-digemid/vendor/symfony/console/Application.php(1117): Illuminate/Console/Command->run(Object(Symfony/Component/Console/Input/ArgvInput), Object(Symfony/Component/Console/Output/ConsoleOutput))
#33 D:/DS-TI/CRM-DIMSUM/opm-digemid/vendor/symfony/console/Application.php(356): Symfony/Component/Console/Application->doRunCommand(Object(Illuminate/Queue/Console/WorkCommand), Object(Symfony/Component/Console/Input/ArgvInput), Object(Symfony/Component/Console/Output/ConsoleOutput))
#34 D:/DS-TI/CRM-DIMSUM/opm-digemid/vendor/symfony/console/Application.php(195): Symfony/Component/Console/Application->doRun(Object(Symfony/Component/Console/Input/ArgvInput), Object(Symfony/Component/Console/Output/ConsoleOutput))
#35 D:/DS-TI/CRM-DIMSUM/opm-digemid/vendor/laravel/framework/src/Illuminate/Foundation/Console/Kernel.php(198): Symfony/Component/Console/Application->run(Object(Symfony/Component/Console/Input/ArgvInput), Object(Symfony/Component/Console/Output/ConsoleOutput))
#36 D:/DS-TI/CRM-DIMSUM/opm-digemid/vendor/laravel/framework/src/Illuminate/Foundation/Application.php(1235): Illuminate/Foundation/Console/Kernel->handle(Object(Symfony/Component/Console/Input/ArgvInput), Object(Symfony/Component/Console/Output/ConsoleOutput))
#37 D:/DS-TI/CRM-DIMSUM/opm-digemid/artisan(13): Illuminate/Foundation/Application->handleCommand(Object(Symfony/Component/Console/Input/ArgvInput))
#38 {main}
"} 
[2026-08-19 18:58:09] local.ERROR: No se pudo consultar Logística. Intenta nuevamente. {"exception":"[object] (RuntimeException(code: 0): No se pudo consultar Logística. Intenta nuevamente. at D:/DS-TI/CRM-DIMSUM/opm-digemid/app/Services/SalesGatewayClient.php:48)
[stacktrace]
#0 D:/DS-TI/CRM-DIMSUM/opm-digemid/app/Services/SalesGatewayClient.php(39): App/Services/SalesGatewayClient->get('/api/ventas/666...')
#1 D:/DS-TI/CRM-DIMSUM/opm-digemid/app/Jobs/ExtraerVentasJob.php(98): App/Services/SalesGatewayClient->saleDetail('666485')
#2 D:/DS-TI/CRM-DIMSUM/opm-digemid/app/Jobs/ExtraerVentasJob.php(65): App/Jobs/ExtraerVentasJob->procesarVenta(Object(App/Models/VentaExtraccion), Object(App/Services/SalesGatewayClient), Array)
#3 D:/DS-TI/CRM-DIMSUM/opm-digemid/app/Jobs/ExtraerVentasJob.php(36): App/Jobs/ExtraerVentasJob->procesar(Object(App/Models/VentaExtraccion), Object(App/Services/SalesGatewayClient))
#4 D:/DS-TI/CRM-DIMSUM/opm-digemid/vendor/laravel/framework/src/Illuminate/Container/BoundMethod.php(36): App/Jobs/ExtraerVentasJob->handle(Object(App/Services/SalesGatewayClient))
#5 D:/DS-TI/CRM-DIMSUM/opm-digemid/vendor/laravel/framework/src/Illuminate/Container/Util.php(43): Illuminate/Container/BoundMethod::Illuminate/Container/{closure}()
#6 D:/DS-TI/CRM-DIMSUM/opm-digemid/vendor/laravel/framework/src/Illuminate/Container/BoundMethod.php(95): Illuminate/Container/Util::unwrapIfClosure(Object(Closure))
#7 D:/DS-TI/CRM-DIMSUM/opm-digemid/vendor/laravel/framework/src/Illuminate/Container/BoundMethod.php(35): Illuminate/Container/BoundMethod::callBoundMethod(Object(Illuminate/Foundation/Application), Array, Object(Closure))
#8 D:/DS-TI/CRM-DIMSUM/opm-digemid/vendor/laravel/framework/src/Illuminate/Container/Container.php(696): Illuminate/Container/BoundMethod::call(Object(Illuminate/Foundation/Application), Array, Array, NULL)
#9 D:/DS-TI/CRM-DIMSUM/opm-digemid/vendor/laravel/framework/src/Illuminate/Bus/Dispatcher.php(126): Illuminate/Container/Container->call(Array)
#10 D:/DS-TI/CRM-DIMSUM/opm-digemid/vendor/laravel/framework/src/Illuminate/Pipeline/Pipeline.php(170): Illuminate/Bus/Dispatcher->Illuminate/Bus/{closure}(Object(App/Jobs/ExtraerVentasJob))
#11 D:/DS-TI/CRM-DIMSUM/opm-digemid/vendor/laravel/framework/src/Illuminate/Pipeline/Pipeline.php(127): Illuminate/Pipeline/Pipeline->Illuminate/Pipeline/{closure}(Object(App/Jobs/ExtraerVentasJob))
#12 D:/DS-TI/CRM-DIMSUM/opm-digemid/vendor/laravel/framework/src/Illuminate/Bus/Dispatcher.php(130): Illuminate/Pipeline/Pipeline->then(Object(Closure))
#13 D:/DS-TI/CRM-DIMSUM/opm-digemid/vendor/laravel/framework/src/Illuminate/Queue/CallQueuedHandler.php(126): Illuminate/Bus/Dispatcher->dispatchNow(Object(App/Jobs/ExtraerVentasJob), false)
#14 D:/DS-TI/CRM-DIMSUM/opm-digemid/vendor/laravel/framework/src/Illuminate/Pipeline/Pipeline.php(170): Illuminate/Queue/CallQueuedHandler->Illuminate/Queue/{closure}(Object(App/Jobs/ExtraerVentasJob))
#15 D:/DS-TI/CRM-DIMSUM/opm-digemid/vendor/laravel/framework/src/Illuminate/Pipeline/Pipeline.php(127): Illuminate/Pipeline/Pipeline->Illuminate/Pipeline/{closure}(Object(App/Jobs/ExtraerVentasJob))
#16 D:/DS-TI/CRM-DIMSUM/opm-digemid/vendor/laravel/framework/src/Illuminate/Queue/CallQueuedHandler.php(121): Illuminate/Pipeline/Pipeline->then(Object(Closure))
#17 D:/DS-TI/CRM-DIMSUM/opm-digemid/vendor/laravel/framework/src/Illuminate/Queue/CallQueuedHandler.php(69): Illuminate/Queue/CallQueuedHandler->dispatchThroughMiddleware(Object(Illuminate/Queue/Jobs/DatabaseJob), Object(App/Jobs/ExtraerVentasJob))
#18 D:/DS-TI/CRM-DIMSUM/opm-digemid/vendor/laravel/framework/src/Illuminate/Queue/Jobs/Job.php(102): Illuminate/Queue/CallQueuedHandler->call(Object(Illuminate/Queue/Jobs/DatabaseJob), Array)
#19 D:/DS-TI/CRM-DIMSUM/opm-digemid/vendor/laravel/framework/src/Illuminate/Queue/Worker.php(461): Illuminate/Queue/Jobs/Job->fire()
#20 D:/DS-TI/CRM-DIMSUM/opm-digemid/vendor/laravel/framework/src/Illuminate/Queue/Worker.php(411): Illuminate/Queue/Worker->process('database', Object(Illuminate/Queue/Jobs/DatabaseJob), Object(Illuminate/Queue/WorkerOptions))
#21 D:/DS-TI/CRM-DIMSUM/opm-digemid/vendor/laravel/framework/src/Illuminate/Queue/Worker.php(189): Illuminate/Queue/Worker->runJob(Object(Illuminate/Queue/Jobs/DatabaseJob), 'database', Object(Illuminate/Queue/WorkerOptions))
#22 D:/DS-TI/CRM-DIMSUM/opm-digemid/vendor/laravel/framework/src/Illuminate/Queue/Console/WorkCommand.php(150): Illuminate/Queue/Worker->daemon('database', 'default', Object(Illuminate/Queue/WorkerOptions))
#23 D:/DS-TI/CRM-DIMSUM/opm-digemid/vendor/laravel/framework/src/Illuminate/Queue/Console/WorkCommand.php(133): Illuminate/Queue/Console/WorkCommand->runWorker('database', 'default')
#24 D:/DS-TI/CRM-DIMSUM/opm-digemid/vendor/laravel/framework/src/Illuminate/Container/BoundMethod.php(36): Illuminate/Queue/Console/WorkCommand->handle()
#25 D:/DS-TI/CRM-DIMSUM/opm-digemid/vendor/laravel/framework/src/Illuminate/Container/Util.php(43): Illuminate/Container/BoundMethod::Illuminate/Container/{closure}()
#26 D:/DS-TI/CRM-DIMSUM/opm-digemid/vendor/laravel/framework/src/Illuminate/Container/BoundMethod.php(95): Illuminate/Container/Util::unwrapIfClosure(Object(Closure))
#27 D:/DS-TI/CRM-DIMSUM/opm-digemid/vendor/laravel/framework/src/Illuminate/Container/BoundMethod.php(35): Illuminate/Container/BoundMethod::callBoundMethod(Object(Illuminate/Foundation/Application), Array, Object(Closure))
#28 D:/DS-TI/CRM-DIMSUM/opm-digemid/vendor/laravel/framework/src/Illuminate/Container/Container.php(696): Illuminate/Container/BoundMethod::call(Object(Illuminate/Foundation/Application), Array, Array, NULL)
#29 D:/DS-TI/CRM-DIMSUM/opm-digemid/vendor/laravel/framework/src/Illuminate/Console/Command.php(213): Illuminate/Container/Container->call(Array)
#30 D:/DS-TI/CRM-DIMSUM/opm-digemid/vendor/symfony/console/Command/Command.php(341): Illuminate/Console/Command->execute(Object(Symfony/Component/Console/Input/ArgvInput), Object(Illuminate/Console/OutputStyle))
#31 D:/DS-TI/CRM-DIMSUM/opm-digemid/vendor/laravel/framework/src/Illuminate/Console/Command.php(182): Symfony/Component/Console/Command/Command->run(Object(Symfony/Component/Console/Input/ArgvInput), Object(Illuminate/Console/OutputStyle))
#32 D:/DS-TI/CRM-DIMSUM/opm-digemid/vendor/symfony/console/Application.php(1117): Illuminate/Console/Command->run(Object(Symfony/Component/Console/Input/ArgvInput), Object(Symfony/Component/Console/Output/ConsoleOutput))
#33 D:/DS-TI/CRM-DIMSUM/opm-digemid/vendor/symfony/console/Application.php(356): Symfony/Component/Console/Application->doRunCommand(Object(Illuminate/Queue/Console/WorkCommand), Object(Symfony/Component/Console/Input/ArgvInput), Object(Symfony/Component/Console/Output/ConsoleOutput))
#34 D:/DS-TI/CRM-DIMSUM/opm-digemid/vendor/symfony/console/Application.php(195): Symfony/Component/Console/Application->doRun(Object(Symfony/Component/Console/Input/ArgvInput), Object(Symfony/Component/Console/Output/ConsoleOutput))
#35 D:/DS-TI/CRM-DIMSUM/opm-digemid/vendor/laravel/framework/src/Illuminate/Foundation/Console/Kernel.php(198): Symfony/Component/Console/Application->run(Object(Symfony/Component/Console/Input/ArgvInput), Object(Symfony/Component/Console/Output/ConsoleOutput))
#36 D:/DS-TI/CRM-DIMSUM/opm-digemid/vendor/laravel/framework/src/Illuminate/Foundation/Application.php(1235): Illuminate/Foundation/Console/Kernel->handle(Object(Symfony/Component/Console/Input/ArgvInput), Object(Symfony/Component/Console/Output/ConsoleOutput))
#37 D:/DS-TI/CRM-DIMSUM/opm-digemid/artisan(13): Illuminate/Foundation/Application->handleCommand(Object(Symfony/Component/Console/Input/ArgvInput))
#38 {main}
"} 
[2026-08-19 18:58:09] local.ERROR: No se pudo consultar Logística. Intenta nuevamente. {"exception":"[object] (RuntimeException(code: 0): No se pudo consultar Logística. Intenta nuevamente. at D:/DS-TI/CRM-DIMSUM/opm-digemid/app/Services/SalesGatewayClient.php:48)
[stacktrace]
#0 D:/DS-TI/CRM-DIMSUM/opm-digemid/app/Services/SalesGatewayClient.php(39): App/Services/SalesGatewayClient->get('/api/ventas/666...')
#1 D:/DS-TI/CRM-DIMSUM/opm-digemid/app/Jobs/ExtraerVentasJob.php(98): App/Services/SalesGatewayClient->saleDetail('666484')
#2 D:/DS-TI/CRM-DIMSUM/opm-digemid/app/Jobs/ExtraerVentasJob.php(65): App/Jobs/ExtraerVentasJob->procesarVenta(Object(App/Models/VentaExtraccion), Object(App/Services/SalesGatewayClient), Array)
#3 D:/DS-TI/CRM-DIMSUM/opm-digemid/app/Jobs/ExtraerVentasJob.php(36): App/Jobs/ExtraerVentasJob->procesar(Object(App/Models/VentaExtraccion), Object(App/Services/SalesGatewayClient))
#4 D:/DS-TI/CRM-DIMSUM/opm-digemid/vendor/laravel/framework/src/Illuminate/Container/BoundMethod.php(36): App/Jobs/ExtraerVentasJob->handle(Object(App/Services/SalesGatewayClient))
#5 D:/DS-TI/CRM-DIMSUM/opm-digemid/vendor/laravel/framework/src/Illuminate/Container/Util.php(43): Illuminate/Container/BoundMethod::Illuminate/Container/{closure}()
#6 D:/DS-TI/CRM-DIMSUM/opm-digemid/vendor/laravel/framework/src/Illuminate/Container/BoundMethod.php(95): Illuminate/Container/Util::unwrapIfClosure(Object(Closure))
#7 D:/DS-TI/CRM-DIMSUM/opm-digemid/vendor/laravel/framework/src/Illuminate/Container/BoundMethod.php(35): Illuminate/Container/BoundMethod::callBoundMethod(Object(Illuminate/Foundation/Application), Array, Object(Closure))
#8 D:/DS-TI/CRM-DIMSUM/opm-digemid/vendor/laravel/framework/src/Illuminate/Container/Container.php(696): Illuminate/Container/BoundMethod::call(Object(Illuminate/Foundation/Application), Array, Array, NULL)
#9 D:/DS-TI/CRM-DIMSUM/opm-digemid/vendor/laravel/framework/src/Illuminate/Bus/Dispatcher.php(126): Illuminate/Container/Container->call(Array)
#10 D:/DS-TI/CRM-DIMSUM/opm-digemid/vendor/laravel/framework/src/Illuminate/Pipeline/Pipeline.php(170): Illuminate/Bus/Dispatcher->Illuminate/Bus/{closure}(Object(App/Jobs/ExtraerVentasJob))
#11 D:/DS-TI/CRM-DIMSUM/opm-digemid/vendor/laravel/framework/src/Illuminate/Pipeline/Pipeline.php(127): Illuminate/Pipeline/Pipeline->Illuminate/Pipeline/{closure}(Object(App/Jobs/ExtraerVentasJob))
#12 D:/DS-TI/CRM-DIMSUM/opm-digemid/vendor/laravel/framework/src/Illuminate/Bus/Dispatcher.php(130): Illuminate/Pipeline/Pipeline->then(Object(Closure))
#13 D:/DS-TI/CRM-DIMSUM/opm-digemid/vendor/laravel/framework/src/Illuminate/Queue/CallQueuedHandler.php(126): Illuminate/Bus/Dispatcher->dispatchNow(Object(App/Jobs/ExtraerVentasJob), false)
#14 D:/DS-TI/CRM-DIMSUM/opm-digemid/vendor/laravel/framework/src/Illuminate/Pipeline/Pipeline.php(170): Illuminate/Queue/CallQueuedHandler->Illuminate/Queue/{closure}(Object(App/Jobs/ExtraerVentasJob))
#15 D:/DS-TI/CRM-DIMSUM/opm-digemid/vendor/laravel/framework/src/Illuminate/Pipeline/Pipeline.php(127): Illuminate/Pipeline/Pipeline->Illuminate/Pipeline/{closure}(Object(App/Jobs/ExtraerVentasJob))
#16 D:/DS-TI/CRM-DIMSUM/opm-digemid/vendor/laravel/framework/src/Illuminate/Queue/CallQueuedHandler.php(121): Illuminate/Pipeline/Pipeline->then(Object(Closure))
#17 D:/DS-TI/CRM-DIMSUM/opm-digemid/vendor/laravel/framework/src/Illuminate/Queue/CallQueuedHandler.php(69): Illuminate/Queue/CallQueuedHandler->dispatchThroughMiddleware(Object(Illuminate/Queue/Jobs/DatabaseJob), Object(App/Jobs/ExtraerVentasJob))
#18 D:/DS-TI/CRM-DIMSUM/opm-digemid/vendor/laravel/framework/src/Illuminate/Queue/Jobs/Job.php(102): Illuminate/Queue/CallQueuedHandler->call(Object(Illuminate/Queue/Jobs/DatabaseJob), Array)
#19 D:/DS-TI/CRM-DIMSUM/opm-digemid/vendor/laravel/framework/src/Illuminate/Queue/Worker.php(461): Illuminate/Queue/Jobs/Job->fire()
#20 D:/DS-TI/CRM-DIMSUM/opm-digemid/vendor/laravel/framework/src/Illuminate/Queue/Worker.php(411): Illuminate/Queue/Worker->process('database', Object(Illuminate/Queue/Jobs/DatabaseJob), Object(Illuminate/Queue/WorkerOptions))
#21 D:/DS-TI/CRM-DIMSUM/opm-digemid/vendor/laravel/framework/src/Illuminate/Queue/Worker.php(189): Illuminate/Queue/Worker->runJob(Object(Illuminate/Queue/Jobs/DatabaseJob), 'database', Object(Illuminate/Queue/WorkerOptions))
#22 D:/DS-TI/CRM-DIMSUM/opm-digemid/vendor/laravel/framework/src/Illuminate/Queue/Console/WorkCommand.php(150): Illuminate/Queue/Worker->daemon('database', 'default', Object(Illuminate/Queue/WorkerOptions))
#23 D:/DS-TI/CRM-DIMSUM/opm-digemid/vendor/laravel/framework/src/Illuminate/Queue/Console/WorkCommand.php(133): Illuminate/Queue/Console/WorkCommand->runWorker('database', 'default')
#24 D:/DS-TI/CRM-DIMSUM/opm-digemid/vendor/laravel/framework/src/Illuminate/Container/BoundMethod.php(36): Illuminate/Queue/Console/WorkCommand->handle()
#25 D:/DS-TI/CRM-DIMSUM/opm-digemid/vendor/laravel/framework/src/Illuminate/Container/Util.php(43): Illuminate/Container/BoundMethod::Illuminate/Container/{closure}()
#26 D:/DS-TI/CRM-DIMSUM/opm-digemid/vendor/laravel/framework/src/Illuminate/Container/BoundMethod.php(95): Illuminate/Container/Util::unwrapIfClosure(Object(Closure))
#27 D:/DS-TI/CRM-DIMSUM/opm-digemid/vendor/laravel/framework/src/Illuminate/Container/BoundMethod.php(35): Illuminate/Container/BoundMethod::callBoundMethod(Object(Illuminate/Foundation/Application), Array, Object(Closure))
#28 D:/DS-TI/CRM-DIMSUM/opm-digemid/vendor/laravel/framework/src/Illuminate/Container/Container.php(696): Illuminate/Container/BoundMethod::call(Object(Illuminate/Foundation/Application), Array, Array, NULL)
#29 D:/DS-TI/CRM-DIMSUM/opm-digemid/vendor/laravel/framework/src/Illuminate/Console/Command.php(213): Illuminate/Container/Container->call(Array)
#30 D:/DS-TI/CRM-DIMSUM/opm-digemid/vendor/symfony/console/Command/Command.php(341): Illuminate/Console/Command->execute(Object(Symfony/Component/Console/Input/ArgvInput), Object(Illuminate/Console/OutputStyle))
#31 D:/DS-TI/CRM-DIMSUM/opm-digemid/vendor/laravel/framework/src/Illuminate/Console/Command.php(182): Symfony/Component/Console/Command/Command->run(Object(Symfony/Component/Console/Input/ArgvInput), Object(Illuminate/Console/OutputStyle))
#32 D:/DS-TI/CRM-DIMSUM/opm-digemid/vendor/symfony/console/Application.php(1117): Illuminate/Console/Command->run(Object(Symfony/Component/Console/Input/ArgvInput), Object(Symfony/Component/Console/Output/ConsoleOutput))
#33 D:/DS-TI/CRM-DIMSUM/opm-digemid/vendor/symfony/console/Application.php(356): Symfony/Component/Console/Application->doRunCommand(Object(Illuminate/Queue/Console/WorkCommand), Object(Symfony/Component/Console/Input/ArgvInput), Object(Symfony/Component/Console/Output/ConsoleOutput))
#34 D:/DS-TI/CRM-DIMSUM/opm-digemid/vendor/symfony/console/Application.php(195): Symfony/Component/Console/Application->doRun(Object(Symfony/Component/Console/Input/ArgvInput), Object(Symfony/Component/Console/Output/ConsoleOutput))
#35 D:/DS-TI/CRM-DIMSUM/opm-digemid/vendor/laravel/framework/src/Illuminate/Foundation/Console/Kernel.php(198): Symfony/Component/Console/Application->run(Object(Symfony/Component/Console/Input/ArgvInput), Object(Symfony/Component/Console/Output/ConsoleOutput))
#36 D:/DS-TI/CRM-DIMSUM/opm-digemid/vendor/laravel/framework/src/Illuminate/Foundation/Application.php(1235): Illuminate/Foundation/Console/Kernel->handle(Object(Symfony/Component/Console/Input/ArgvInput), Object(Symfony/Component/Console/Output/ConsoleOutput))
#37 D:/DS-TI/CRM-DIMSUM/opm-digemid/artisan(13): Illuminate/Foundation/Application->handleCommand(Object(Symfony/Component/Console/Input/ArgvInput))
#38 {main}
"} 
[2026-08-19 18:58:09] local.ERROR: No se pudo consultar Logística. Intenta nuevamente. {"exception":"[object] (RuntimeException(code: 0): No se pudo consultar Logística. Intenta nuevamente. at D:/DS-TI/CRM-DIMSUM/opm-digemid/app/Services/SalesGatewayClient.php:48)
[stacktrace]
#0 D:/DS-TI/CRM-DIMSUM/opm-digemid/app/Services/SalesGatewayClient.php(39): App/Services/SalesGatewayClient->get('/api/ventas/666...')
#1 D:/DS-TI/CRM-DIMSUM/opm-digemid/app/Jobs/ExtraerVentasJob.php(98): App/Services/SalesGatewayClient->saleDetail('666483')
#2 D:/DS-TI/CRM-DIMSUM/opm-digemid/app/Jobs/ExtraerVentasJob.php(65): App/Jobs/ExtraerVentasJob->procesarVenta(Object(App/Models/VentaExtraccion), Object(App/Services/SalesGatewayClient), Array)
#3 D:/DS-TI/CRM-DIMSUM/opm-digemid/app/Jobs/ExtraerVentasJob.php(36): App/Jobs/ExtraerVentasJob->procesar(Object(App/Models/VentaExtraccion), Object(App/Services/SalesGatewayClient))
#4 D:/DS-TI/CRM-DIMSUM/opm-digemid/vendor/laravel/framework/src/Illuminate/Container/BoundMethod.php(36): App/Jobs/ExtraerVentasJob->handle(Object(App/Services/SalesGatewayClient))
#5 D:/DS-TI/CRM-DIMSUM/opm-digemid/vendor/laravel/framework/src/Illuminate/Container/Util.php(43): Illuminate/Container/BoundMethod::Illuminate/Container/{closure}()
#6 D:/DS-TI/CRM-DIMSUM/opm-digemid/vendor/laravel/framework/src/Illuminate/Container/BoundMethod.php(95): Illuminate/Container/Util::unwrapIfClosure(Object(Closure))
#7 D:/DS-TI/CRM-DIMSUM/opm-digemid/vendor/laravel/framework/src/Illuminate/Container/BoundMethod.php(35): Illuminate/Container/BoundMethod::callBoundMethod(Object(Illuminate/Foundation/Application), Array, Object(Closure))
#8 D:/DS-TI/CRM-DIMSUM/opm-digemid/vendor/laravel/framework/src/Illuminate/Container/Container.php(696): Illuminate/Container/BoundMethod::call(Object(Illuminate/Foundation/Application), Array, Array, NULL)
#9 D:/DS-TI/CRM-DIMSUM/opm-digemid/vendor/laravel/framework/src/Illuminate/Bus/Dispatcher.php(126): Illuminate/Container/Container->call(Array)
#10 D:/DS-TI/CRM-DIMSUM/opm-digemid/vendor/laravel/framework/src/Illuminate/Pipeline/Pipeline.php(170): Illuminate/Bus/Dispatcher->Illuminate/Bus/{closure}(Object(App/Jobs/ExtraerVentasJob))
#11 D:/DS-TI/CRM-DIMSUM/opm-digemid/vendor/laravel/framework/src/Illuminate/Pipeline/Pipeline.php(127): Illuminate/Pipeline/Pipeline->Illuminate/Pipeline/{closure}(Object(App/Jobs/ExtraerVentasJob))
#12 D:/DS-TI/CRM-DIMSUM/opm-digemid/vendor/laravel/framework/src/Illuminate/Bus/Dispatcher.php(130): Illuminate/Pipeline/Pipeline->then(Object(Closure))
#13 D:/DS-TI/CRM-DIMSUM/opm-digemid/vendor/laravel/framework/src/Illuminate/Queue/CallQueuedHandler.php(126): Illuminate/Bus/Dispatcher->dispatchNow(Object(App/Jobs/ExtraerVentasJob), false)
#14 D:/DS-TI/CRM-DIMSUM/opm-digemid/vendor/laravel/framework/src/Illuminate/Pipeline/Pipeline.php(170): Illuminate/Queue/CallQueuedHandler->Illuminate/Queue/{closure}(Object(App/Jobs/ExtraerVentasJob))
#15 D:/DS-TI/CRM-DIMSUM/opm-digemid/vendor/laravel/framework/src/Illuminate/Pipeline/Pipeline.php(127): Illuminate/Pipeline/Pipeline->Illuminate/Pipeline/{closure}(Object(App/Jobs/ExtraerVentasJob))
#16 D:/DS-TI/CRM-DIMSUM/opm-digemid/vendor/laravel/framework/src/Illuminate/Queue/CallQueuedHandler.php(121): Illuminate/Pipeline/Pipeline->then(Object(Closure))
#17 D:/DS-TI/CRM-DIMSUM/opm-digemid/vendor/laravel/framework/src/Illuminate/Queue/CallQueuedHandler.php(69): Illuminate/Queue/CallQueuedHandler->dispatchThroughMiddleware(Object(Illuminate/Queue/Jobs/DatabaseJob), Object(App/Jobs/ExtraerVentasJob))
#18 D:/DS-TI/CRM-DIMSUM/opm-digemid/vendor/laravel/framework/src/Illuminate/Queue/Jobs/Job.php(102): Illuminate/Queue/CallQueuedHandler->call(Object(Illuminate/Queue/Jobs/DatabaseJob), Array)
#19 D:/DS-TI/CRM-DIMSUM/opm-digemid/vendor/laravel/framework/src/Illuminate/Queue/Worker.php(461): Illuminate/Queue/Jobs/Job->fire()
#20 D:/DS-TI/CRM-DIMSUM/opm-digemid/vendor/laravel/framework/src/Illuminate/Queue/Worker.php(411): Illuminate/Queue/Worker->process('database', Object(Illuminate/Queue/Jobs/DatabaseJob), Object(Illuminate/Queue/WorkerOptions))
#21 D:/DS-TI/CRM-DIMSUM/opm-digemid/vendor/laravel/framework/src/Illuminate/Queue/Worker.php(189): Illuminate/Queue/Worker->runJob(Object(Illuminate/Queue/Jobs/DatabaseJob), 'database', Object(Illuminate/Queue/WorkerOptions))
#22 D:/DS-TI/CRM-DIMSUM/opm-digemid/vendor/laravel/framework/src/Illuminate/Queue/Console/WorkCommand.php(150): Illuminate/Queue/Worker->daemon('database', 'default', Object(Illuminate/Queue/WorkerOptions))
#23 D:/DS-TI/CRM-DIMSUM/opm-digemid/vendor/laravel/framework/src/Illuminate/Queue/Console/WorkCommand.php(133): Illuminate/Queue/Console/WorkCommand->runWorker('database', 'default')
#24 D:/DS-TI/CRM-DIMSUM/opm-digemid/vendor/laravel/framework/src/Illuminate/Container/BoundMethod.php(36): Illuminate/Queue/Console/WorkCommand->handle()
#25 D:/DS-TI/CRM-DIMSUM/opm-digemid/vendor/laravel/framework/src/Illuminate/Container/Util.php(43): Illuminate/Container/BoundMethod::Illuminate/Container/{closure}()
#26 D:/DS-TI/CRM-DIMSUM/opm-digemid/vendor/laravel/framework/src/Illuminate/Container/BoundMethod.php(95): Illuminate/Container/Util::unwrapIfClosure(Object(Closure))
#27 D:/DS-TI/CRM-DIMSUM/opm-digemid/vendor/laravel/framework/src/Illuminate/Container/BoundMethod.php(35): Illuminate/Container/BoundMethod::callBoundMethod(Object(Illuminate/Foundation/Application), Array, Object(Closure))
#28 D:/DS-TI/CRM-DIMSUM/opm-digemid/vendor/laravel/framework/src/Illuminate/Container/Container.php(696): Illuminate/Container/BoundMethod::call(Object(Illuminate/Foundation/Application), Array, Array, NULL)
#29 D:/DS-TI/CRM-DIMSUM/opm-digemid/vendor/laravel/framework/src/Illuminate/Console/Command.php(213): Illuminate/Container/Container->call(Array)
#30 D:/DS-TI/CRM-DIMSUM/opm-digemid/vendor/symfony/console/Command/Command.php(341): Illuminate/Console/Command->execute(Object(Symfony/Component/Console/Input/ArgvInput), Object(Illuminate/Console/OutputStyle))
#31 D:/DS-TI/CRM-DIMSUM/opm-digemid/vendor/laravel/framework/src/Illuminate/Console/Command.php(182): Symfony/Component/Console/Command/Command->run(Object(Symfony/Component/Console/Input/ArgvInput), Object(Illuminate/Console/OutputStyle))
#32 D:/DS-TI/CRM-DIMSUM/opm-digemid/vendor/symfony/console/Application.php(1117): Illuminate/Console/Command->run(Object(Symfony/Component/Console/Input/ArgvInput), Object(Symfony/Component/Console/Output/ConsoleOutput))
#33 D:/DS-TI/CRM-DIMSUM/opm-digemid/vendor/symfony/console/Application.php(356): Symfony/Component/Console/Application->doRunCommand(Object(Illuminate/Queue/Console/WorkCommand), Object(Symfony/Component/Console/Input/ArgvInput), Object(Symfony/Component/Console/Output/ConsoleOutput))
#34 D:/DS-TI/CRM-DIMSUM/opm-digemid/vendor/symfony/console/Application.php(195): Symfony/Component/Console/Application->doRun(Object(Symfony/Component/Console/Input/ArgvInput), Object(Symfony/Component/Console/Output/ConsoleOutput))
#35 D:/DS-TI/CRM-DIMSUM/opm-digemid/vendor/laravel/framework/src/Illuminate/Foundation/Console/Kernel.php(198): Symfony/Component/Console/Application->run(Object(Symfony/Component/Console/Input/ArgvInput), Object(Symfony/Component/Console/Output/ConsoleOutput))
#36 D:/DS-TI/CRM-DIMSUM/opm-digemid/vendor/laravel/framework/src/Illuminate/Foundation/Application.php(1235): Illuminate/Foundation/Console/Kernel->handle(Object(Symfony/Component/Console/Input/ArgvInput), Object(Symfony/Component/Console/Output/ConsoleOutput))
#37 D:/DS-TI/CRM-DIMSUM/opm-digemid/artisan(13): Illuminate/Foundation/Application->handleCommand(Object(Symfony/Component/Console/Input/ArgvInput))
#38 {main}
"} 
[2026-08-19 18:58:09] local.ERROR: No se pudo consultar Logística. Intenta nuevamente. {"exception":"[object] (RuntimeException(code: 0): No se pudo consultar Logística. Intenta nuevamente. at D:/DS-TI/CRM-DIMSUM/opm-digemid/app/Services/SalesGatewayClient.php:48)
[stacktrace]
#0 D:/DS-TI/CRM-DIMSUM/opm-digemid/app/Services/SalesGatewayClient.php(39): App/Services/SalesGatewayClient->get('/api/ventas/666...')
#1 D:/DS-TI/CRM-DIMSUM/opm-digemid/app/Jobs/ExtraerVentasJob.php(98): App/Services/SalesGatewayClient->saleDetail('666549')
#2 D:/DS-TI/CRM-DIMSUM/opm-digemid/app/Jobs/ExtraerVentasJob.php(65): App/Jobs/ExtraerVentasJob->procesarVenta(Object(App/Models/VentaExtraccion), Object(App/Services/SalesGatewayClient), Array)
#3 D:/DS-TI/CRM-DIMSUM/opm-digemid/app/Jobs/ExtraerVentasJob.php(36): App/Jobs/ExtraerVentasJob->procesar(Object(App/Models/VentaExtraccion), Object(App/Services/SalesGatewayClient))
#4 D:/DS-TI/CRM-DIMSUM/opm-digemid/vendor/laravel/framework/src/Illuminate/Container/BoundMethod.php(36): App/Jobs/ExtraerVentasJob->handle(Object(App/Services/SalesGatewayClient))
#5 D:/DS-TI/CRM-DIMSUM/opm-digemid/vendor/laravel/framework/src/Illuminate/Container/Util.php(43): Illuminate/Container/BoundMethod::Illuminate/Container/{closure}()
#6 D:/DS-TI/CRM-DIMSUM/opm-digemid/vendor/laravel/framework/src/Illuminate/Container/BoundMethod.php(95): Illuminate/Container/Util::unwrapIfClosure(Object(Closure))
#7 D:/DS-TI/CRM-DIMSUM/opm-digemid/vendor/laravel/framework/src/Illuminate/Container/BoundMethod.php(35): Illuminate/Container/BoundMethod::callBoundMethod(Object(Illuminate/Foundation/Application), Array, Object(Closure))
#8 D:/DS-TI/CRM-DIMSUM/opm-digemid/vendor/laravel/framework/src/Illuminate/Container/Container.php(696): Illuminate/Container/BoundMethod::call(Object(Illuminate/Foundation/Application), Array, Array, NULL)
#9 D:/DS-TI/CRM-DIMSUM/opm-digemid/vendor/laravel/framework/src/Illuminate/Bus/Dispatcher.php(126): Illuminate/Container/Container->call(Array)
#10 D:/DS-TI/CRM-DIMSUM/opm-digemid/vendor/laravel/framework/src/Illuminate/Pipeline/Pipeline.php(170): Illuminate/Bus/Dispatcher->Illuminate/Bus/{closure}(Object(App/Jobs/ExtraerVentasJob))
#11 D:/DS-TI/CRM-DIMSUM/opm-digemid/vendor/laravel/framework/src/Illuminate/Pipeline/Pipeline.php(127): Illuminate/Pipeline/Pipeline->Illuminate/Pipeline/{closure}(Object(App/Jobs/ExtraerVentasJob))
#12 D:/DS-TI/CRM-DIMSUM/opm-digemid/vendor/laravel/framework/src/Illuminate/Bus/Dispatcher.php(130): Illuminate/Pipeline/Pipeline->then(Object(Closure))
#13 D:/DS-TI/CRM-DIMSUM/opm-digemid/vendor/laravel/framework/src/Illuminate/Queue/CallQueuedHandler.php(126): Illuminate/Bus/Dispatcher->dispatchNow(Object(App/Jobs/ExtraerVentasJob), false)
#14 D:/DS-TI/CRM-DIMSUM/opm-digemid/vendor/laravel/framework/src/Illuminate/Pipeline/Pipeline.php(170): Illuminate/Queue/CallQueuedHandler->Illuminate/Queue/{closure}(Object(App/Jobs/ExtraerVentasJob))
#15 D:/DS-TI/CRM-DIMSUM/opm-digemid/vendor/laravel/framework/src/Illuminate/Pipeline/Pipeline.php(127): Illuminate/Pipeline/Pipeline->Illuminate/Pipeline/{closure}(Object(App/Jobs/ExtraerVentasJob))
#16 D:/DS-TI/CRM-DIMSUM/opm-digemid/vendor/laravel/framework/src/Illuminate/Queue/CallQueuedHandler.php(121): Illuminate/Pipeline/Pipeline->then(Object(Closure))
#17 D:/DS-TI/CRM-DIMSUM/opm-digemid/vendor/laravel/framework/src/Illuminate/Queue/CallQueuedHandler.php(69): Illuminate/Queue/CallQueuedHandler->dispatchThroughMiddleware(Object(Illuminate/Queue/Jobs/DatabaseJob), Object(App/Jobs/ExtraerVentasJob))
#18 D:/DS-TI/CRM-DIMSUM/opm-digemid/vendor/laravel/framework/src/Illuminate/Queue/Jobs/Job.php(102): Illuminate/Queue/CallQueuedHandler->call(Object(Illuminate/Queue/Jobs/DatabaseJob), Array)
#19 D:/DS-TI/CRM-DIMSUM/opm-digemid/vendor/laravel/framework/src/Illuminate/Queue/Worker.php(461): Illuminate/Queue/Jobs/Job->fire()
#20 D:/DS-TI/CRM-DIMSUM/opm-digemid/vendor/laravel/framework/src/Illuminate/Queue/Worker.php(411): Illuminate/Queue/Worker->process('database', Object(Illuminate/Queue/Jobs/DatabaseJob), Object(Illuminate/Queue/WorkerOptions))
#21 D:/DS-TI/CRM-DIMSUM/opm-digemid/vendor/laravel/framework/src/Illuminate/Queue/Worker.php(189): Illuminate/Queue/Worker->runJob(Object(Illuminate/Queue/Jobs/DatabaseJob), 'database', Object(Illuminate/Queue/WorkerOptions))
#22 D:/DS-TI/CRM-DIMSUM/opm-digemid/vendor/laravel/framework/src/Illuminate/Queue/Console/WorkCommand.php(150): Illuminate/Queue/Worker->daemon('database', 'default', Object(Illuminate/Queue/WorkerOptions))
#23 D:/DS-TI/CRM-DIMSUM/opm-digemid/vendor/laravel/framework/src/Illuminate/Queue/Console/WorkCommand.php(133): Illuminate/Queue/Console/WorkCommand->runWorker('database', 'default')
#24 D:/DS-TI/CRM-DIMSUM/opm-digemid/vendor/laravel/framework/src/Illuminate/Container/BoundMethod.php(36): Illuminate/Queue/Console/WorkCommand->handle()
#25 D:/DS-TI/CRM-DIMSUM/opm-digemid/vendor/laravel/framework/src/Illuminate/Container/Util.php(43): Illuminate/Container/BoundMethod::Illuminate/Container/{closure}()
#26 D:/DS-TI/CRM-DIMSUM/opm-digemid/vendor/laravel/framework/src/Illuminate/Container/BoundMethod.php(95): Illuminate/Container/Util::unwrapIfClosure(Object(Closure))
#27 D:/DS-TI/CRM-DIMSUM/opm-digemid/vendor/laravel/framework/src/Illuminate/Container/BoundMethod.php(35): Illuminate/Container/BoundMethod::callBoundMethod(Object(Illuminate/Foundation/Application), Array, Object(Closure))
#28 D:/DS-TI/CRM-DIMSUM/opm-digemid/vendor/laravel/framework/src/Illuminate/Container/Container.php(696): Illuminate/Container/BoundMethod::call(Object(Illuminate/Foundation/Application), Array, Array, NULL)
#29 D:/DS-TI/CRM-DIMSUM/opm-digemid/vendor/laravel/framework/src/Illuminate/Console/Command.php(213): Illuminate/Container/Container->call(Array)
#30 D:/DS-TI/CRM-DIMSUM/opm-digemid/vendor/symfony/console/Command/Command.php(341): Illuminate/Console/Command->execute(Object(Symfony/Component/Console/Input/ArgvInput), Object(Illuminate/Console/OutputStyle))
#31 D:/DS-TI/CRM-DIMSUM/opm-digemid/vendor/laravel/framework/src/Illuminate/Console/Command.php(182): Symfony/Component/Console/Command/Command->run(Object(Symfony/Component/Console/Input/ArgvInput), Object(Illuminate/Console/OutputStyle))
#32 D:/DS-TI/CRM-DIMSUM/opm-digemid/vendor/symfony/console/Application.php(1117): Illuminate/Console/Command->run(Object(Symfony/Component/Console/Input/ArgvInput), Object(Symfony/Component/Console/Output/ConsoleOutput))
#33 D:/DS-TI/CRM-DIMSUM/opm-digemid/vendor/symfony/console/Application.php(356): Symfony/Component/Console/Application->doRunCommand(Object(Illuminate/Queue/Console/WorkCommand), Object(Symfony/Component/Console/Input/ArgvInput), Object(Symfony/Component/Console/Output/ConsoleOutput))
#34 D:/DS-TI/CRM-DIMSUM/opm-digemid/vendor/symfony/console/Application.php(195): Symfony/Component/Console/Application->doRun(Object(Symfony/Component/Console/Input/ArgvInput), Object(Symfony/Component/Console/Output/ConsoleOutput))
#35 D:/DS-TI/CRM-DIMSUM/opm-digemid/vendor/laravel/framework/src/Illuminate/Foundation/Console/Kernel.php(198): Symfony/Component/Console/Application->run(Object(Symfony/Component/Console/Input/ArgvInput), Object(Symfony/Component/Console/Output/ConsoleOutput))
#36 D:/DS-TI/CRM-DIMSUM/opm-digemid/vendor/laravel/framework/src/Illuminate/Foundation/Application.php(1235): Illuminate/Foundation/Console/Kernel->handle(Object(Symfony/Component/Console/Input/ArgvInput), Object(Symfony/Component/Console/Output/ConsoleOutput))
#37 D:/DS-TI/CRM-DIMSUM/opm-digemid/artisan(13): Illuminate/Foundation/Application->handleCommand(Object(Symfony/Component/Console/Input/ArgvInput))
#38 {main}
"} 
[2026-08-19 18:58:10] local.ERROR: No se pudo consultar Logística. Intenta nuevamente. {"exception":"[object] (RuntimeException(code: 0): No se pudo consultar Logística. Intenta nuevamente. at D:/DS-TI/CRM-DIMSUM/opm-digemid/app/Services/SalesGatewayClient.php:48)
[stacktrace]
#0 D:/DS-TI/CRM-DIMSUM/opm-digemid/app/Services/SalesGatewayClient.php(39): App/Services/SalesGatewayClient->get('/api/ventas/666...')
#1 D:/DS-TI/CRM-DIMSUM/opm-digemid/app/Jobs/ExtraerVentasJob.php(98): App/Services/SalesGatewayClient->saleDetail('666482')
#2 D:/DS-TI/CRM-DIMSUM/opm-digemid/app/Jobs/ExtraerVentasJob.php(65): App/Jobs/ExtraerVentasJob->procesarVenta(Object(App/Models/VentaExtraccion), Object(App/Services/SalesGatewayClient), Array)
#3 D:/DS-TI/CRM-DIMSUM/opm-digemid/app/Jobs/ExtraerVentasJob.php(36): App/Jobs/ExtraerVentasJob->procesar(Object(App/Models/VentaExtraccion), Object(App/Services/SalesGatewayClient))
#4 D:/DS-TI/CRM-DIMSUM/opm-digemid/vendor/laravel/framework/src/Illuminate/Container/BoundMethod.php(36): App/Jobs/ExtraerVentasJob->handle(Object(App/Services/SalesGatewayClient))
#5 D:/DS-TI/CRM-DIMSUM/opm-digemid/vendor/laravel/framework/src/Illuminate/Container/Util.php(43): Illuminate/Container/BoundMethod::Illuminate/Container/{closure}()
#6 D:/DS-TI/CRM-DIMSUM/opm-digemid/vendor/laravel/framework/src/Illuminate/Container/BoundMethod.php(95): Illuminate/Container/Util::unwrapIfClosure(Object(Closure))
#7 D:/DS-TI/CRM-DIMSUM/opm-digemid/vendor/laravel/framework/src/Illuminate/Container/BoundMethod.php(35): Illuminate/Container/BoundMethod::callBoundMethod(Object(Illuminate/Foundation/Application), Array, Object(Closure))
#8 D:/DS-TI/CRM-DIMSUM/opm-digemid/vendor/laravel/framework/src/Illuminate/Container/Container.php(696): Illuminate/Container/BoundMethod::call(Object(Illuminate/Foundation/Application), Array, Array, NULL)
#9 D:/DS-TI/CRM-DIMSUM/opm-digemid/vendor/laravel/framework/src/Illuminate/Bus/Dispatcher.php(126): Illuminate/Container/Container->call(Array)
#10 D:/DS-TI/CRM-DIMSUM/opm-digemid/vendor/laravel/framework/src/Illuminate/Pipeline/Pipeline.php(170): Illuminate/Bus/Dispatcher->Illuminate/Bus/{closure}(Object(App/Jobs/ExtraerVentasJob))
#11 D:/DS-TI/CRM-DIMSUM/opm-digemid/vendor/laravel/framework/src/Illuminate/Pipeline/Pipeline.php(127): Illuminate/Pipeline/Pipeline->Illuminate/Pipeline/{closure}(Object(App/Jobs/ExtraerVentasJob))
#12 D:/DS-TI/CRM-DIMSUM/opm-digemid/vendor/laravel/framework/src/Illuminate/Bus/Dispatcher.php(130): Illuminate/Pipeline/Pipeline->then(Object(Closure))
#13 D:/DS-TI/CRM-DIMSUM/opm-digemid/vendor/laravel/framework/src/Illuminate/Queue/CallQueuedHandler.php(126): Illuminate/Bus/Dispatcher->dispatchNow(Object(App/Jobs/ExtraerVentasJob), false)
#14 D:/DS-TI/CRM-DIMSUM/opm-digemid/vendor/laravel/framework/src/Illuminate/Pipeline/Pipeline.php(170): Illuminate/Queue/CallQueuedHandler->Illuminate/Queue/{closure}(Object(App/Jobs/ExtraerVentasJob))
#15 D:/DS-TI/CRM-DIMSUM/opm-digemid/vendor/laravel/framework/src/Illuminate/Pipeline/Pipeline.php(127): Illuminate/Pipeline/Pipeline->Illuminate/Pipeline/{closure}(Object(App/Jobs/ExtraerVentasJob))
#16 D:/DS-TI/CRM-DIMSUM/opm-digemid/vendor/laravel/framework/src/Illuminate/Queue/CallQueuedHandler.php(121): Illuminate/Pipeline/Pipeline->then(Object(Closure))
#17 D:/DS-TI/CRM-DIMSUM/opm-digemid/vendor/laravel/framework/src/Illuminate/Queue/CallQueuedHandler.php(69): Illuminate/Queue/CallQueuedHandler->dispatchThroughMiddleware(Object(Illuminate/Queue/Jobs/DatabaseJob), Object(App/Jobs/ExtraerVentasJob))
#18 D:/DS-TI/CRM-DIMSUM/opm-digemid/vendor/laravel/framework/src/Illuminate/Queue/Jobs/Job.php(102): Illuminate/Queue/CallQueuedHandler->call(Object(Illuminate/Queue/Jobs/DatabaseJob), Array)
#19 D:/DS-TI/CRM-DIMSUM/opm-digemid/vendor/laravel/framework/src/Illuminate/Queue/Worker.php(461): Illuminate/Queue/Jobs/Job->fire()
#20 D:/DS-TI/CRM-DIMSUM/opm-digemid/vendor/laravel/framework/src/Illuminate/Queue/Worker.php(411): Illuminate/Queue/Worker->process('database', Object(Illuminate/Queue/Jobs/DatabaseJob), Object(Illuminate/Queue/WorkerOptions))
#21 D:/DS-TI/CRM-DIMSUM/opm-digemid/vendor/laravel/framework/src/Illuminate/Queue/Worker.php(189): Illuminate/Queue/Worker->runJob(Object(Illuminate/Queue/Jobs/DatabaseJob), 'database', Object(Illuminate/Queue/WorkerOptions))
#22 D:/DS-TI/CRM-DIMSUM/opm-digemid/vendor/laravel/framework/src/Illuminate/Queue/Console/WorkCommand.php(150): Illuminate/Queue/Worker->daemon('database', 'default', Object(Illuminate/Queue/WorkerOptions))
#23 D:/DS-TI/CRM-DIMSUM/opm-digemid/vendor/laravel/framework/src/Illuminate/Queue/Console/WorkCommand.php(133): Illuminate/Queue/Console/WorkCommand->runWorker('database', 'default')
#24 D:/DS-TI/CRM-DIMSUM/opm-digemid/vendor/laravel/framework/src/Illuminate/Container/BoundMethod.php(36): Illuminate/Queue/Console/WorkCommand->handle()
#25 D:/DS-TI/CRM-DIMSUM/opm-digemid/vendor/laravel/framework/src/Illuminate/Container/Util.php(43): Illuminate/Container/BoundMethod::Illuminate/Container/{closure}()
#26 D:/DS-TI/CRM-DIMSUM/opm-digemid/vendor/laravel/framework/src/Illuminate/Container/BoundMethod.php(95): Illuminate/Container/Util::unwrapIfClosure(Object(Closure))
#27 D:/DS-TI/CRM-DIMSUM/opm-digemid/vendor/laravel/framework/src/Illuminate/Container/BoundMethod.php(35): Illuminate/Container/BoundMethod::callBoundMethod(Object(Illuminate/Foundation/Application), Array, Object(Closure))
#28 D:/DS-TI/CRM-DIMSUM/opm-digemid/vendor/laravel/framework/src/Illuminate/Container/Container.php(696): Illuminate/Container/BoundMethod::call(Object(Illuminate/Foundation/Application), Array, Array, NULL)
#29 D:/DS-TI/CRM-DIMSUM/opm-digemid/vendor/laravel/framework/src/Illuminate/Console/Command.php(213): Illuminate/Container/Container->call(Array)
#30 D:/DS-TI/CRM-DIMSUM/opm-digemid/vendor/symfony/console/Command/Command.php(341): Illuminate/Console/Command->execute(Object(Symfony/Component/Console/Input/ArgvInput), Object(Illuminate/Console/OutputStyle))
#31 D:/DS-TI/CRM-DIMSUM/opm-digemid/vendor/laravel/framework/src/Illuminate/Console/Command.php(182): Symfony/Component/Console/Command/Command->run(Object(Symfony/Component/Console/Input/ArgvInput), Object(Illuminate/Console/OutputStyle))
#32 D:/DS-TI/CRM-DIMSUM/opm-digemid/vendor/symfony/console/Application.php(1117): Illuminate/Console/Command->run(Object(Symfony/Component/Console/Input/ArgvInput), Object(Symfony/Component/Console/Output/ConsoleOutput))
#33 D:/DS-TI/CRM-DIMSUM/opm-digemid/vendor/symfony/console/Application.php(356): Symfony/Component/Console/Application->doRunCommand(Object(Illuminate/Queue/Console/WorkCommand), Object(Symfony/Component/Console/Input/ArgvInput), Object(Symfony/Component/Console/Output/ConsoleOutput))
#34 D:/DS-TI/CRM-DIMSUM/opm-digemid/vendor/symfony/console/Application.php(195): Symfony/Component/Console/Application->doRun(Object(Symfony/Component/Console/Input/ArgvInput), Object(Symfony/Component/Console/Output/ConsoleOutput))
#35 D:/DS-TI/CRM-DIMSUM/opm-digemid/vendor/laravel/framework/src/Illuminate/Foundation/Console/Kernel.php(198): Symfony/Component/Console/Application->run(Object(Symfony/Component/Console/Input/ArgvInput), Object(Symfony/Component/Console/Output/ConsoleOutput))
#36 D:/DS-TI/CRM-DIMSUM/opm-digemid/vendor/laravel/framework/src/Illuminate/Foundation/Application.php(1235): Illuminate/Foundation/Console/Kernel->handle(Object(Symfony/Component/Console/Input/ArgvInput), Object(Symfony/Component/Console/Output/ConsoleOutput))
#37 D:/DS-TI/CRM-DIMSUM/opm-digemid/artisan(13): Illuminate/Foundation/Application->handleCommand(Object(Symfony/Component/Console/Input/ArgvInput))
#38 {main}
"} 
[2026-08-19 18:58:10] local.ERROR: No se pudo consultar Logística. Intenta nuevamente. {"exception":"[object] (RuntimeException(code: 0): No se pudo consultar Logística. Intenta nuevamente. at D:/DS-TI/CRM-DIMSUM/opm-digemid/app/Services/SalesGatewayClient.php:48)
[stacktrace]
#0 D:/DS-TI/CRM-DIMSUM/opm-digemid/app/Services/SalesGatewayClient.php(39): App/Services/SalesGatewayClient->get('/api/ventas/666...')
#1 D:/DS-TI/CRM-DIMSUM/opm-digemid/app/Jobs/ExtraerVentasJob.php(98): App/Services/SalesGatewayClient->saleDetail('666481')
#2 D:/DS-TI/CRM-DIMSUM/opm-digemid/app/Jobs/ExtraerVentasJob.php(65): App/Jobs/ExtraerVentasJob->procesarVenta(Object(App/Models/VentaExtraccion), Object(App/Services/SalesGatewayClient), Array)
#3 D:/DS-TI/CRM-DIMSUM/opm-digemid/app/Jobs/ExtraerVentasJob.php(36): App/Jobs/ExtraerVentasJob->procesar(Object(App/Models/VentaExtraccion), Object(App/Services/SalesGatewayClient))
#4 D:/DS-TI/CRM-DIMSUM/opm-digemid/vendor/laravel/framework/src/Illuminate/Container/BoundMethod.php(36): App/Jobs/ExtraerVentasJob->handle(Object(App/Services/SalesGatewayClient))
#5 D:/DS-TI/CRM-DIMSUM/opm-digemid/vendor/laravel/framework/src/Illuminate/Container/Util.php(43): Illuminate/Container/BoundMethod::Illuminate/Container/{closure}()
#6 D:/DS-TI/CRM-DIMSUM/opm-digemid/vendor/laravel/framework/src/Illuminate/Container/BoundMethod.php(95): Illuminate/Container/Util::unwrapIfClosure(Object(Closure))
#7 D:/DS-TI/CRM-DIMSUM/opm-digemid/vendor/laravel/framework/src/Illuminate/Container/BoundMethod.php(35): Illuminate/Container/BoundMethod::callBoundMethod(Object(Illuminate/Foundation/Application), Array, Object(Closure))
#8 D:/DS-TI/CRM-DIMSUM/opm-digemid/vendor/laravel/framework/src/Illuminate/Container/Container.php(696): Illuminate/Container/BoundMethod::call(Object(Illuminate/Foundation/Application), Array, Array, NULL)
#9 D:/DS-TI/CRM-DIMSUM/opm-digemid/vendor/laravel/framework/src/Illuminate/Bus/Dispatcher.php(126): Illuminate/Container/Container->call(Array)
#10 D:/DS-TI/CRM-DIMSUM/opm-digemid/vendor/laravel/framework/src/Illuminate/Pipeline/Pipeline.php(170): Illuminate/Bus/Dispatcher->Illuminate/Bus/{closure}(Object(App/Jobs/ExtraerVentasJob))
#11 D:/DS-TI/CRM-DIMSUM/opm-digemid/vendor/laravel/framework/src/Illuminate/Pipeline/Pipeline.php(127): Illuminate/Pipeline/Pipeline->Illuminate/Pipeline/{closure}(Object(App/Jobs/ExtraerVentasJob))
#12 D:/DS-TI/CRM-DIMSUM/opm-digemid/vendor/laravel/framework/src/Illuminate/Bus/Dispatcher.php(130): Illuminate/Pipeline/Pipeline->then(Object(Closure))
#13 D:/DS-TI/CRM-DIMSUM/opm-digemid/vendor/laravel/framework/src/Illuminate/Queue/CallQueuedHandler.php(126): Illuminate/Bus/Dispatcher->dispatchNow(Object(App/Jobs/ExtraerVentasJob), false)
#14 D:/DS-TI/CRM-DIMSUM/opm-digemid/vendor/laravel/framework/src/Illuminate/Pipeline/Pipeline.php(170): Illuminate/Queue/CallQueuedHandler->Illuminate/Queue/{closure}(Object(App/Jobs/ExtraerVentasJob))
#15 D:/DS-TI/CRM-DIMSUM/opm-digemid/vendor/laravel/framework/src/Illuminate/Pipeline/Pipeline.php(127): Illuminate/Pipeline/Pipeline->Illuminate/Pipeline/{closure}(Object(App/Jobs/ExtraerVentasJob))
#16 D:/DS-TI/CRM-DIMSUM/opm-digemid/vendor/laravel/framework/src/Illuminate/Queue/CallQueuedHandler.php(121): Illuminate/Pipeline/Pipeline->then(Object(Closure))
#17 D:/DS-TI/CRM-DIMSUM/opm-digemid/vendor/laravel/framework/src/Illuminate/Queue/CallQueuedHandler.php(69): Illuminate/Queue/CallQueuedHandler->dispatchThroughMiddleware(Object(Illuminate/Queue/Jobs/DatabaseJob), Object(App/Jobs/ExtraerVentasJob))
#18 D:/DS-TI/CRM-DIMSUM/opm-digemid/vendor/laravel/framework/src/Illuminate/Queue/Jobs/Job.php(102): Illuminate/Queue/CallQueuedHandler->call(Object(Illuminate/Queue/Jobs/DatabaseJob), Array)
#19 D:/DS-TI/CRM-DIMSUM/opm-digemid/vendor/laravel/framework/src/Illuminate/Queue/Worker.php(461): Illuminate/Queue/Jobs/Job->fire()
#20 D:/DS-TI/CRM-DIMSUM/opm-digemid/vendor/laravel/framework/src/Illuminate/Queue/Worker.php(411): Illuminate/Queue/Worker->process('database', Object(Illuminate/Queue/Jobs/DatabaseJob), Object(Illuminate/Queue/WorkerOptions))
#21 D:/DS-TI/CRM-DIMSUM/opm-digemid/vendor/laravel/framework/src/Illuminate/Queue/Worker.php(189): Illuminate/Queue/Worker->runJob(Object(Illuminate/Queue/Jobs/DatabaseJob), 'database', Object(Illuminate/Queue/WorkerOptions))
#22 D:/DS-TI/CRM-DIMSUM/opm-digemid/vendor/laravel/framework/src/Illuminate/Queue/Console/WorkCommand.php(150): Illuminate/Queue/Worker->daemon('database', 'default', Object(Illuminate/Queue/WorkerOptions))
#23 D:/DS-TI/CRM-DIMSUM/opm-digemid/vendor/laravel/framework/src/Illuminate/Queue/Console/WorkCommand.php(133): Illuminate/Queue/Console/WorkCommand->runWorker('database', 'default')
#24 D:/DS-TI/CRM-DIMSUM/opm-digemid/vendor/laravel/framework/src/Illuminate/Container/BoundMethod.php(36): Illuminate/Queue/Console/WorkCommand->handle()
#25 D:/DS-TI/CRM-DIMSUM/opm-digemid/vendor/laravel/framework/src/Illuminate/Container/Util.php(43): Illuminate/Container/BoundMethod::Illuminate/Container/{closure}()
#26 D:/DS-TI/CRM-DIMSUM/opm-digemid/vendor/laravel/framework/src/Illuminate/Container/BoundMethod.php(95): Illuminate/Container/Util::unwrapIfClosure(Object(Closure))
#27 D:/DS-TI/CRM-DIMSUM/opm-digemid/vendor/laravel/framework/src/Illuminate/Container/BoundMethod.php(35): Illuminate/Container/BoundMethod::callBoundMethod(Object(Illuminate/Foundation/Application), Array, Object(Closure))
#28 D:/DS-TI/CRM-DIMSUM/opm-digemid/vendor/laravel/framework/src/Illuminate/Container/Container.php(696): Illuminate/Container/BoundMethod::call(Object(Illuminate/Foundation/Application), Array, Array, NULL)
#29 D:/DS-TI/CRM-DIMSUM/opm-digemid/vendor/laravel/framework/src/Illuminate/Console/Command.php(213): Illuminate/Container/Container->call(Array)
#30 D:/DS-TI/CRM-DIMSUM/opm-digemid/vendor/symfony/console/Command/Command.php(341): Illuminate/Console/Command->execute(Object(Symfony/Component/Console/Input/ArgvInput), Object(Illuminate/Console/OutputStyle))
#31 D:/DS-TI/CRM-DIMSUM/opm-digemid/vendor/laravel/framework/src/Illuminate/Console/Command.php(182): Symfony/Component/Console/Command/Command->run(Object(Symfony/Component/Console/Input/ArgvInput), Object(Illuminate/Console/OutputStyle))
#32 D:/DS-TI/CRM-DIMSUM/opm-digemid/vendor/symfony/console/Application.php(1117): Illuminate/Console/Command->run(Object(Symfony/Component/Console/Input/ArgvInput), Object(Symfony/Component/Console/Output/ConsoleOutput))
#33 D:/DS-TI/CRM-DIMSUM/opm-digemid/vendor/symfony/console/Application.php(356): Symfony/Component/Console/Application->doRunCommand(Object(Illuminate/Queue/Console/WorkCommand), Object(Symfony/Component/Console/Input/ArgvInput), Object(Symfony/Component/Console/Output/ConsoleOutput))
#34 D:/DS-TI/CRM-DIMSUM/opm-digemid/vendor/symfony/console/Application.php(195): Symfony/Component/Console/Application->doRun(Object(Symfony/Component/Console/Input/ArgvInput), Object(Symfony/Component/Console/Output/ConsoleOutput))
#35 D:/DS-TI/CRM-DIMSUM/opm-digemid/vendor/laravel/framework/src/Illuminate/Foundation/Console/Kernel.php(198): Symfony/Component/Console/Application->run(Object(Symfony/Component/Console/Input/ArgvInput), Object(Symfony/Component/Console/Output/ConsoleOutput))
#36 D:/DS-TI/CRM-DIMSUM/opm-digemid/vendor/laravel/framework/src/Illuminate/Foundation/Application.php(1235): Illuminate/Foundation/Console/Kernel->handle(Object(Symfony/Component/Console/Input/ArgvInput), Object(Symfony/Component/Console/Output/ConsoleOutput))
#37 D:/DS-TI/CRM-DIMSUM/opm-digemid/artisan(13): Illuminate/Foundation/Application->handleCommand(Object(Symfony/Component/Console/Input/ArgvInput))
#38 {main}
"} 
[2026-08-19 18:58:10] local.ERROR: No se pudo consultar Logística. Intenta nuevamente. {"exception":"[object] (RuntimeException(code: 0): No se pudo consultar Logística. Intenta nuevamente. at D:/DS-TI/CRM-DIMSUM/opm-digemid/app/Services/SalesGatewayClient.php:48)
[stacktrace]
#0 D:/DS-TI/CRM-DIMSUM/opm-digemid/app/Services/SalesGatewayClient.php(39): App/Services/SalesGatewayClient->get('/api/ventas/666...')
#1 D:/DS-TI/CRM-DIMSUM/opm-digemid/app/Jobs/ExtraerVentasJob.php(98): App/Services/SalesGatewayClient->saleDetail('666480')
#2 D:/DS-TI/CRM-DIMSUM/opm-digemid/app/Jobs/ExtraerVentasJob.php(65): App/Jobs/ExtraerVentasJob->procesarVenta(Object(App/Models/VentaExtraccion), Object(App/Services/SalesGatewayClient), Array)
#3 D:/DS-TI/CRM-DIMSUM/opm-digemid/app/Jobs/ExtraerVentasJob.php(36): App/Jobs/ExtraerVentasJob->procesar(Object(App/Models/VentaExtraccion), Object(App/Services/SalesGatewayClient))
#4 D:/DS-TI/CRM-DIMSUM/opm-digemid/vendor/laravel/framework/src/Illuminate/Container/BoundMethod.php(36): App/Jobs/ExtraerVentasJob->handle(Object(App/Services/SalesGatewayClient))
#5 D:/DS-TI/CRM-DIMSUM/opm-digemid/vendor/laravel/framework/src/Illuminate/Container/Util.php(43): Illuminate/Container/BoundMethod::Illuminate/Container/{closure}()
#6 D:/DS-TI/CRM-DIMSUM/opm-digemid/vendor/laravel/framework/src/Illuminate/Container/BoundMethod.php(95): Illuminate/Container/Util::unwrapIfClosure(Object(Closure))
#7 D:/DS-TI/CRM-DIMSUM/opm-digemid/vendor/laravel/framework/src/Illuminate/Container/BoundMethod.php(35): Illuminate/Container/BoundMethod::callBoundMethod(Object(Illuminate/Foundation/Application), Array, Object(Closure))
#8 D:/DS-TI/CRM-DIMSUM/opm-digemid/vendor/laravel/framework/src/Illuminate/Container/Container.php(696): Illuminate/Container/BoundMethod::call(Object(Illuminate/Foundation/Application), Array, Array, NULL)
#9 D:/DS-TI/CRM-DIMSUM/opm-digemid/vendor/laravel/framework/src/Illuminate/Bus/Dispatcher.php(126): Illuminate/Container/Container->call(Array)
#10 D:/DS-TI/CRM-DIMSUM/opm-digemid/vendor/laravel/framework/src/Illuminate/Pipeline/Pipeline.php(170): Illuminate/Bus/Dispatcher->Illuminate/Bus/{closure}(Object(App/Jobs/ExtraerVentasJob))
#11 D:/DS-TI/CRM-DIMSUM/opm-digemid/vendor/laravel/framework/src/Illuminate/Pipeline/Pipeline.php(127): Illuminate/Pipeline/Pipeline->Illuminate/Pipeline/{closure}(Object(App/Jobs/ExtraerVentasJob))
#12 D:/DS-TI/CRM-DIMSUM/opm-digemid/vendor/laravel/framework/src/Illuminate/Bus/Dispatcher.php(130): Illuminate/Pipeline/Pipeline->then(Object(Closure))
#13 D:/DS-TI/CRM-DIMSUM/opm-digemid/vendor/laravel/framework/src/Illuminate/Queue/CallQueuedHandler.php(126): Illuminate/Bus/Dispatcher->dispatchNow(Object(App/Jobs/ExtraerVentasJob), false)
#14 D:/DS-TI/CRM-DIMSUM/opm-digemid/vendor/laravel/framework/src/Illuminate/Pipeline/Pipeline.php(170): Illuminate/Queue/CallQueuedHandler->Illuminate/Queue/{closure}(Object(App/Jobs/ExtraerVentasJob))
#15 D:/DS-TI/CRM-DIMSUM/opm-digemid/vendor/laravel/framework/src/Illuminate/Pipeline/Pipeline.php(127): Illuminate/Pipeline/Pipeline->Illuminate/Pipeline/{closure}(Object(App/Jobs/ExtraerVentasJob))
#16 D:/DS-TI/CRM-DIMSUM/opm-digemid/vendor/laravel/framework/src/Illuminate/Queue/CallQueuedHandler.php(121): Illuminate/Pipeline/Pipeline->then(Object(Closure))
#17 D:/DS-TI/CRM-DIMSUM/opm-digemid/vendor/laravel/framework/src/Illuminate/Queue/CallQueuedHandler.php(69): Illuminate/Queue/CallQueuedHandler->dispatchThroughMiddleware(Object(Illuminate/Queue/Jobs/DatabaseJob), Object(App/Jobs/ExtraerVentasJob))
#18 D:/DS-TI/CRM-DIMSUM/opm-digemid/vendor/laravel/framework/src/Illuminate/Queue/Jobs/Job.php(102): Illuminate/Queue/CallQueuedHandler->call(Object(Illuminate/Queue/Jobs/DatabaseJob), Array)
#19 D:/DS-TI/CRM-DIMSUM/opm-digemid/vendor/laravel/framework/src/Illuminate/Queue/Worker.php(461): Illuminate/Queue/Jobs/Job->fire()
#20 D:/DS-TI/CRM-DIMSUM/opm-digemid/vendor/laravel/framework/src/Illuminate/Queue/Worker.php(411): Illuminate/Queue/Worker->process('database', Object(Illuminate/Queue/Jobs/DatabaseJob), Object(Illuminate/Queue/WorkerOptions))
#21 D:/DS-TI/CRM-DIMSUM/opm-digemid/vendor/laravel/framework/src/Illuminate/Queue/Worker.php(189): Illuminate/Queue/Worker->runJob(Object(Illuminate/Queue/Jobs/DatabaseJob), 'database', Object(Illuminate/Queue/WorkerOptions))
#22 D:/DS-TI/CRM-DIMSUM/opm-digemid/vendor/laravel/framework/src/Illuminate/Queue/Console/WorkCommand.php(150): Illuminate/Queue/Worker->daemon('database', 'default', Object(Illuminate/Queue/WorkerOptions))
#23 D:/DS-TI/CRM-DIMSUM/opm-digemid/vendor/laravel/framework/src/Illuminate/Queue/Console/WorkCommand.php(133): Illuminate/Queue/Console/WorkCommand->runWorker('database', 'default')
#24 D:/DS-TI/CRM-DIMSUM/opm-digemid/vendor/laravel/framework/src/Illuminate/Container/BoundMethod.php(36): Illuminate/Queue/Console/WorkCommand->handle()
#25 D:/DS-TI/CRM-DIMSUM/opm-digemid/vendor/laravel/framework/src/Illuminate/Container/Util.php(43): Illuminate/Container/BoundMethod::Illuminate/Container/{closure}()
#26 D:/DS-TI/CRM-DIMSUM/opm-digemid/vendor/laravel/framework/src/Illuminate/Container/BoundMethod.php(95): Illuminate/Container/Util::unwrapIfClosure(Object(Closure))
#27 D:/DS-TI/CRM-DIMSUM/opm-digemid/vendor/laravel/framework/src/Illuminate/Container/BoundMethod.php(35): Illuminate/Container/BoundMethod::callBoundMethod(Object(Illuminate/Foundation/Application), Array, Object(Closure))
#28 D:/DS-TI/CRM-DIMSUM/opm-digemid/vendor/laravel/framework/src/Illuminate/Container/Container.php(696): Illuminate/Container/BoundMethod::call(Object(Illuminate/Foundation/Application), Array, Array, NULL)
#29 D:/DS-TI/CRM-DIMSUM/opm-digemid/vendor/laravel/framework/src/Illuminate/Console/Command.php(213): Illuminate/Container/Container->call(Array)
#30 D:/DS-TI/CRM-DIMSUM/opm-digemid/vendor/symfony/console/Command/Command.php(341): Illuminate/Console/Command->execute(Object(Symfony/Component/Console/Input/ArgvInput), Object(Illuminate/Console/OutputStyle))
#31 D:/DS-TI/CRM-DIMSUM/opm-digemid/vendor/laravel/framework/src/Illuminate/Console/Command.php(182): Symfony/Component/Console/Command/Command->run(Object(Symfony/Component/Console/Input/ArgvInput), Object(Illuminate/Console/OutputStyle))
#32 D:/DS-TI/CRM-DIMSUM/opm-digemid/vendor/symfony/console/Application.php(1117): Illuminate/Console/Command->run(Object(Symfony/Component/Console/Input/ArgvInput), Object(Symfony/Component/Console/Output/ConsoleOutput))
#33 D:/DS-TI/CRM-DIMSUM/opm-digemid/vendor/symfony/console/Application.php(356): Symfony/Component/Console/Application->doRunCommand(Object(Illuminate/Queue/Console/WorkCommand), Object(Symfony/Component/Console/Input/ArgvInput), Object(Symfony/Component/Console/Output/ConsoleOutput))
#34 D:/DS-TI/CRM-DIMSUM/opm-digemid/vendor/symfony/console/Application.php(195): Symfony/Component/Console/Application->doRun(Object(Symfony/Component/Console/Input/ArgvInput), Object(Symfony/Component/Console/Output/ConsoleOutput))
#35 D:/DS-TI/CRM-DIMSUM/opm-digemid/vendor/laravel/framework/src/Illuminate/Foundation/Console/Kernel.php(198): Symfony/Component/Console/Application->run(Object(Symfony/Component/Console/Input/ArgvInput), Object(Symfony/Component/Console/Output/ConsoleOutput))
#36 D:/DS-TI/CRM-DIMSUM/opm-digemid/vendor/laravel/framework/src/Illuminate/Foundation/Application.php(1235): Illuminate/Foundation/Console/Kernel->handle(Object(Symfony/Component/Console/Input/ArgvInput), Object(Symfony/Component/Console/Output/ConsoleOutput))
#37 D:/DS-TI/CRM-DIMSUM/opm-digemid/artisan(13): Illuminate/Foundation/Application->handleCommand(Object(Symfony/Component/Console/Input/ArgvInput))
#38 {main}
"} 
[2026-08-19 18:58:10] local.ERROR: No se pudo consultar Logística. Intenta nuevamente. {"exception":"[object] (RuntimeException(code: 0): No se pudo consultar Logística. Intenta nuevamente. at D:/DS-TI/CRM-DIMSUM/opm-digemid/app/Services/SalesGatewayClient.php:48)
[stacktrace]
#0 D:/DS-TI/CRM-DIMSUM/opm-digemid/app/Services/SalesGatewayClient.php(39): App/Services/SalesGatewayClient->get('/api/ventas/666...')
#1 D:/DS-TI/CRM-DIMSUM/opm-digemid/app/Jobs/ExtraerVentasJob.php(98): App/Services/SalesGatewayClient->saleDetail('666479')
#2 D:/DS-TI/CRM-DIMSUM/opm-digemid/app/Jobs/ExtraerVentasJob.php(65): App/Jobs/ExtraerVentasJob->procesarVenta(Object(App/Models/VentaExtraccion), Object(App/Services/SalesGatewayClient), Array)
#3 D:/DS-TI/CRM-DIMSUM/opm-digemid/app/Jobs/ExtraerVentasJob.php(36): App/Jobs/ExtraerVentasJob->procesar(Object(App/Models/VentaExtraccion), Object(App/Services/SalesGatewayClient))
#4 D:/DS-TI/CRM-DIMSUM/opm-digemid/vendor/laravel/framework/src/Illuminate/Container/BoundMethod.php(36): App/Jobs/ExtraerVentasJob->handle(Object(App/Services/SalesGatewayClient))
#5 D:/DS-TI/CRM-DIMSUM/opm-digemid/vendor/laravel/framework/src/Illuminate/Container/Util.php(43): Illuminate/Container/BoundMethod::Illuminate/Container/{closure}()
#6 D:/DS-TI/CRM-DIMSUM/opm-digemid/vendor/laravel/framework/src/Illuminate/Container/BoundMethod.php(95): Illuminate/Container/Util::unwrapIfClosure(Object(Closure))
#7 D:/DS-TI/CRM-DIMSUM/opm-digemid/vendor/laravel/framework/src/Illuminate/Container/BoundMethod.php(35): Illuminate/Container/BoundMethod::callBoundMethod(Object(Illuminate/Foundation/Application), Array, Object(Closure))
#8 D:/DS-TI/CRM-DIMSUM/opm-digemid/vendor/laravel/framework/src/Illuminate/Container/Container.php(696): Illuminate/Container/BoundMethod::call(Object(Illuminate/Foundation/Application), Array, Array, NULL)
#9 D:/DS-TI/CRM-DIMSUM/opm-digemid/vendor/laravel/framework/src/Illuminate/Bus/Dispatcher.php(126): Illuminate/Container/Container->call(Array)
#10 D:/DS-TI/CRM-DIMSUM/opm-digemid/vendor/laravel/framework/src/Illuminate/Pipeline/Pipeline.php(170): Illuminate/Bus/Dispatcher->Illuminate/Bus/{closure}(Object(App/Jobs/ExtraerVentasJob))
#11 D:/DS-TI/CRM-DIMSUM/opm-digemid/vendor/laravel/framework/src/Illuminate/Pipeline/Pipeline.php(127): Illuminate/Pipeline/Pipeline->Illuminate/Pipeline/{closure}(Object(App/Jobs/ExtraerVentasJob))
#12 D:/DS-TI/CRM-DIMSUM/opm-digemid/vendor/laravel/framework/src/Illuminate/Bus/Dispatcher.php(130): Illuminate/Pipeline/Pipeline->then(Object(Closure))
#13 D:/DS-TI/CRM-DIMSUM/opm-digemid/vendor/laravel/framework/src/Illuminate/Queue/CallQueuedHandler.php(126): Illuminate/Bus/Dispatcher->dispatchNow(Object(App/Jobs/ExtraerVentasJob), false)
#14 D:/DS-TI/CRM-DIMSUM/opm-digemid/vendor/laravel/framework/src/Illuminate/Pipeline/Pipeline.php(170): Illuminate/Queue/CallQueuedHandler->Illuminate/Queue/{closure}(Object(App/Jobs/ExtraerVentasJob))
#15 D:/DS-TI/CRM-DIMSUM/opm-digemid/vendor/laravel/framework/src/Illuminate/Pipeline/Pipeline.php(127): Illuminate/Pipeline/Pipeline->Illuminate/Pipeline/{closure}(Object(App/Jobs/ExtraerVentasJob))
#16 D:/DS-TI/CRM-DIMSUM/opm-digemid/vendor/laravel/framework/src/Illuminate/Queue/CallQueuedHandler.php(121): Illuminate/Pipeline/Pipeline->then(Object(Closure))
#17 D:/DS-TI/CRM-DIMSUM/opm-digemid/vendor/laravel/framework/src/Illuminate/Queue/CallQueuedHandler.php(69): Illuminate/Queue/CallQueuedHandler->dispatchThroughMiddleware(Object(Illuminate/Queue/Jobs/DatabaseJob), Object(App/Jobs/ExtraerVentasJob))
#18 D:/DS-TI/CRM-DIMSUM/opm-digemid/vendor/laravel/framework/src/Illuminate/Queue/Jobs/Job.php(102): Illuminate/Queue/CallQueuedHandler->call(Object(Illuminate/Queue/Jobs/DatabaseJob), Array)
#19 D:/DS-TI/CRM-DIMSUM/opm-digemid/vendor/laravel/framework/src/Illuminate/Queue/Worker.php(461): Illuminate/Queue/Jobs/Job->fire()
#20 D:/DS-TI/CRM-DIMSUM/opm-digemid/vendor/laravel/framework/src/Illuminate/Queue/Worker.php(411): Illuminate/Queue/Worker->process('database', Object(Illuminate/Queue/Jobs/DatabaseJob), Object(Illuminate/Queue/WorkerOptions))
#21 D:/DS-TI/CRM-DIMSUM/opm-digemid/vendor/laravel/framework/src/Illuminate/Queue/Worker.php(189): Illuminate/Queue/Worker->runJob(Object(Illuminate/Queue/Jobs/DatabaseJob), 'database', Object(Illuminate/Queue/WorkerOptions))
#22 D:/DS-TI/CRM-DIMSUM/opm-digemid/vendor/laravel/framework/src/Illuminate/Queue/Console/WorkCommand.php(150): Illuminate/Queue/Worker->daemon('database', 'default', Object(Illuminate/Queue/WorkerOptions))
#23 D:/DS-TI/CRM-DIMSUM/opm-digemid/vendor/laravel/framework/src/Illuminate/Queue/Console/WorkCommand.php(133): Illuminate/Queue/Console/WorkCommand->runWorker('database', 'default')
#24 D:/DS-TI/CRM-DIMSUM/opm-digemid/vendor/laravel/framework/src/Illuminate/Container/BoundMethod.php(36): Illuminate/Queue/Console/WorkCommand->handle()
#25 D:/DS-TI/CRM-DIMSUM/opm-digemid/vendor/laravel/framework/src/Illuminate/Container/Util.php(43): Illuminate/Container/BoundMethod::Illuminate/Container/{closure}()
#26 D:/DS-TI/CRM-DIMSUM/opm-digemid/vendor/laravel/framework/src/Illuminate/Container/BoundMethod.php(95): Illuminate/Container/Util::unwrapIfClosure(Object(Closure))
#27 D:/DS-TI/CRM-DIMSUM/opm-digemid/vendor/laravel/framework/src/Illuminate/Container/BoundMethod.php(35): Illuminate/Container/BoundMethod::callBoundMethod(Object(Illuminate/Foundation/Application), Array, Object(Closure))
#28 D:/DS-TI/CRM-DIMSUM/opm-digemid/vendor/laravel/framework/src/Illuminate/Container/Container.php(696): Illuminate/Container/BoundMethod::call(Object(Illuminate/Foundation/Application), Array, Array, NULL)
#29 D:/DS-TI/CRM-DIMSUM/opm-digemid/vendor/laravel/framework/src/Illuminate/Console/Command.php(213): Illuminate/Container/Container->call(Array)
#30 D:/DS-TI/CRM-DIMSUM/opm-digemid/vendor/symfony/console/Command/Command.php(341): Illuminate/Console/Command->execute(Object(Symfony/Component/Console/Input/ArgvInput), Object(Illuminate/Console/OutputStyle))
#31 D:/DS-TI/CRM-DIMSUM/opm-digemid/vendor/laravel/framework/src/Illuminate/Console/Command.php(182): Symfony/Component/Console/Command/Command->run(Object(Symfony/Component/Console/Input/ArgvInput), Object(Illuminate/Console/OutputStyle))
#32 D:/DS-TI/CRM-DIMSUM/opm-digemid/vendor/symfony/console/Application.php(1117): Illuminate/Console/Command->run(Object(Symfony/Component/Console/Input/ArgvInput), Object(Symfony/Component/Console/Output/ConsoleOutput))
#33 D:/DS-TI/CRM-DIMSUM/opm-digemid/vendor/symfony/console/Application.php(356): Symfony/Component/Console/Application->doRunCommand(Object(Illuminate/Queue/Console/WorkCommand), Object(Symfony/Component/Console/Input/ArgvInput), Object(Symfony/Component/Console/Output/ConsoleOutput))
#34 D:/DS-TI/CRM-DIMSUM/opm-digemid/vendor/symfony/console/Application.php(195): Symfony/Component/Console/Application->doRun(Object(Symfony/Component/Console/Input/ArgvInput), Object(Symfony/Component/Console/Output/ConsoleOutput))
#35 D:/DS-TI/CRM-DIMSUM/opm-digemid/vendor/laravel/framework/src/Illuminate/Foundation/Console/Kernel.php(198): Symfony/Component/Console/Application->run(Object(Symfony/Component/Console/Input/ArgvInput), Object(Symfony/Component/Console/Output/ConsoleOutput))
#36 D:/DS-TI/CRM-DIMSUM/opm-digemid/vendor/laravel/framework/src/Illuminate/Foundation/Application.php(1235): Illuminate/Foundation/Console/Kernel->handle(Object(Symfony/Component/Console/Input/ArgvInput), Object(Symfony/Component/Console/Output/ConsoleOutput))
#37 D:/DS-TI/CRM-DIMSUM/opm-digemid/artisan(13): Illuminate/Foundation/Application->handleCommand(Object(Symfony/Component/Console/Input/ArgvInput))
#38 {main}
"} 
[2026-08-19 18:58:11] local.ERROR: No se pudo consultar Logística. Intenta nuevamente. {"exception":"[object] (RuntimeException(code: 0): No se pudo consultar Logística. Intenta nuevamente. at D:/DS-TI/CRM-DIMSUM/opm-digemid/app/Services/SalesGatewayClient.php:48)
[stacktrace]
#0 D:/DS-TI/CRM-DIMSUM/opm-digemid/app/Services/SalesGatewayClient.php(39): App/Services/SalesGatewayClient->get('/api/ventas/666...')
#1 D:/DS-TI/CRM-DIMSUM/opm-digemid/app/Jobs/ExtraerVentasJob.php(98): App/Services/SalesGatewayClient->saleDetail('666478')
#2 D:/DS-TI/CRM-DIMSUM/opm-digemid/app/Jobs/ExtraerVentasJob.php(65): App/Jobs/ExtraerVentasJob->procesarVenta(Object(App/Models/VentaExtraccion), Object(App/Services/SalesGatewayClient), Array)
#3 D:/DS-TI/CRM-DIMSUM/opm-digemid/app/Jobs/ExtraerVentasJob.php(36): App/Jobs/ExtraerVentasJob->procesar(Object(App/Models/VentaExtraccion), Object(App/Services/SalesGatewayClient))
#4 D:/DS-TI/CRM-DIMSUM/opm-digemid/vendor/laravel/framework/src/Illuminate/Container/BoundMethod.php(36): App/Jobs/ExtraerVentasJob->handle(Object(App/Services/SalesGatewayClient))
#5 D:/DS-TI/CRM-DIMSUM/opm-digemid/vendor/laravel/framework/src/Illuminate/Container/Util.php(43): Illuminate/Container/BoundMethod::Illuminate/Container/{closure}()
#6 D:/DS-TI/CRM-DIMSUM/opm-digemid/vendor/laravel/framework/src/Illuminate/Container/BoundMethod.php(95): Illuminate/Container/Util::unwrapIfClosure(Object(Closure))
#7 D:/DS-TI/CRM-DIMSUM/opm-digemid/vendor/laravel/framework/src/Illuminate/Container/BoundMethod.php(35): Illuminate/Container/BoundMethod::callBoundMethod(Object(Illuminate/Foundation/Application), Array, Object(Closure))
#8 D:/DS-TI/CRM-DIMSUM/opm-digemid/vendor/laravel/framework/src/Illuminate/Container/Container.php(696): Illuminate/Container/BoundMethod::call(Object(Illuminate/Foundation/Application), Array, Array, NULL)
#9 D:/DS-TI/CRM-DIMSUM/opm-digemid/vendor/laravel/framework/src/Illuminate/Bus/Dispatcher.php(126): Illuminate/Container/Container->call(Array)
#10 D:/DS-TI/CRM-DIMSUM/opm-digemid/vendor/laravel/framework/src/Illuminate/Pipeline/Pipeline.php(170): Illuminate/Bus/Dispatcher->Illuminate/Bus/{closure}(Object(App/Jobs/ExtraerVentasJob))
#11 D:/DS-TI/CRM-DIMSUM/opm-digemid/vendor/laravel/framework/src/Illuminate/Pipeline/Pipeline.php(127): Illuminate/Pipeline/Pipeline->Illuminate/Pipeline/{closure}(Object(App/Jobs/ExtraerVentasJob))
#12 D:/DS-TI/CRM-DIMSUM/opm-digemid/vendor/laravel/framework/src/Illuminate/Bus/Dispatcher.php(130): Illuminate/Pipeline/Pipeline->then(Object(Closure))
#13 D:/DS-TI/CRM-DIMSUM/opm-digemid/vendor/laravel/framework/src/Illuminate/Queue/CallQueuedHandler.php(126): Illuminate/Bus/Dispatcher->dispatchNow(Object(App/Jobs/ExtraerVentasJob), false)
#14 D:/DS-TI/CRM-DIMSUM/opm-digemid/vendor/laravel/framework/src/Illuminate/Pipeline/Pipeline.php(170): Illuminate/Queue/CallQueuedHandler->Illuminate/Queue/{closure}(Object(App/Jobs/ExtraerVentasJob))
#15 D:/DS-TI/CRM-DIMSUM/opm-digemid/vendor/laravel/framework/src/Illuminate/Pipeline/Pipeline.php(127): Illuminate/Pipeline/Pipeline->Illuminate/Pipeline/{closure}(Object(App/Jobs/ExtraerVentasJob))
#16 D:/DS-TI/CRM-DIMSUM/opm-digemid/vendor/laravel/framework/src/Illuminate/Queue/CallQueuedHandler.php(121): Illuminate/Pipeline/Pipeline->then(Object(Closure))
#17 D:/DS-TI/CRM-DIMSUM/opm-digemid/vendor/laravel/framework/src/Illuminate/Queue/CallQueuedHandler.php(69): Illuminate/Queue/CallQueuedHandler->dispatchThroughMiddleware(Object(Illuminate/Queue/Jobs/DatabaseJob), Object(App/Jobs/ExtraerVentasJob))
#18 D:/DS-TI/CRM-DIMSUM/opm-digemid/vendor/laravel/framework/src/Illuminate/Queue/Jobs/Job.php(102): Illuminate/Queue/CallQueuedHandler->call(Object(Illuminate/Queue/Jobs/DatabaseJob), Array)
#19 D:/DS-TI/CRM-DIMSUM/opm-digemid/vendor/laravel/framework/src/Illuminate/Queue/Worker.php(461): Illuminate/Queue/Jobs/Job->fire()
#20 D:/DS-TI/CRM-DIMSUM/opm-digemid/vendor/laravel/framework/src/Illuminate/Queue/Worker.php(411): Illuminate/Queue/Worker->process('database', Object(Illuminate/Queue/Jobs/DatabaseJob), Object(Illuminate/Queue/WorkerOptions))
#21 D:/DS-TI/CRM-DIMSUM/opm-digemid/vendor/laravel/framework/src/Illuminate/Queue/Worker.php(189): Illuminate/Queue/Worker->runJob(Object(Illuminate/Queue/Jobs/DatabaseJob), 'database', Object(Illuminate/Queue/WorkerOptions))
#22 D:/DS-TI/CRM-DIMSUM/opm-digemid/vendor/laravel/framework/src/Illuminate/Queue/Console/WorkCommand.php(150): Illuminate/Queue/Worker->daemon('database', 'default', Object(Illuminate/Queue/WorkerOptions))
#23 D:/DS-TI/CRM-DIMSUM/opm-digemid/vendor/laravel/framework/src/Illuminate/Queue/Console/WorkCommand.php(133): Illuminate/Queue/Console/WorkCommand->runWorker('database', 'default')
#24 D:/DS-TI/CRM-DIMSUM/opm-digemid/vendor/laravel/framework/src/Illuminate/Container/BoundMethod.php(36): Illuminate/Queue/Console/WorkCommand->handle()
#25 D:/DS-TI/CRM-DIMSUM/opm-digemid/vendor/laravel/framework/src/Illuminate/Container/Util.php(43): Illuminate/Container/BoundMethod::Illuminate/Container/{closure}()
#26 D:/DS-TI/CRM-DIMSUM/opm-digemid/vendor/laravel/framework/src/Illuminate/Container/BoundMethod.php(95): Illuminate/Container/Util::unwrapIfClosure(Object(Closure))
#27 D:/DS-TI/CRM-DIMSUM/opm-digemid/vendor/laravel/framework/src/Illuminate/Container/BoundMethod.php(35): Illuminate/Container/BoundMethod::callBoundMethod(Object(Illuminate/Foundation/Application), Array, Object(Closure))
#28 D:/DS-TI/CRM-DIMSUM/opm-digemid/vendor/laravel/framework/src/Illuminate/Container/Container.php(696): Illuminate/Container/BoundMethod::call(Object(Illuminate/Foundation/Application), Array, Array, NULL)
#29 D:/DS-TI/CRM-DIMSUM/opm-digemid/vendor/laravel/framework/src/Illuminate/Console/Command.php(213): Illuminate/Container/Container->call(Array)
#30 D:/DS-TI/CRM-DIMSUM/opm-digemid/vendor/symfony/console/Command/Command.php(341): Illuminate/Console/Command->execute(Object(Symfony/Component/Console/Input/ArgvInput), Object(Illuminate/Console/OutputStyle))
#31 D:/DS-TI/CRM-DIMSUM/opm-digemid/vendor/laravel/framework/src/Illuminate/Console/Command.php(182): Symfony/Component/Console/Command/Command->run(Object(Symfony/Component/Console/Input/ArgvInput), Object(Illuminate/Console/OutputStyle))
#32 D:/DS-TI/CRM-DIMSUM/opm-digemid/vendor/symfony/console/Application.php(1117): Illuminate/Console/Command->run(Object(Symfony/Component/Console/Input/ArgvInput), Object(Symfony/Component/Console/Output/ConsoleOutput))
#33 D:/DS-TI/CRM-DIMSUM/opm-digemid/vendor/symfony/console/Application.php(356): Symfony/Component/Console/Application->doRunCommand(Object(Illuminate/Queue/Console/WorkCommand), Object(Symfony/Component/Console/Input/ArgvInput), Object(Symfony/Component/Console/Output/ConsoleOutput))
#34 D:/DS-TI/CRM-DIMSUM/opm-digemid/vendor/symfony/console/Application.php(195): Symfony/Component/Console/Application->doRun(Object(Symfony/Component/Console/Input/ArgvInput), Object(Symfony/Component/Console/Output/ConsoleOutput))
#35 D:/DS-TI/CRM-DIMSUM/opm-digemid/vendor/laravel/framework/src/Illuminate/Foundation/Console/Kernel.php(198): Symfony/Component/Console/Application->run(Object(Symfony/Component/Console/Input/ArgvInput), Object(Symfony/Component/Console/Output/ConsoleOutput))
#36 D:/DS-TI/CRM-DIMSUM/opm-digemid/vendor/laravel/framework/src/Illuminate/Foundation/Application.php(1235): Illuminate/Foundation/Console/Kernel->handle(Object(Symfony/Component/Console/Input/ArgvInput), Object(Symfony/Component/Console/Output/ConsoleOutput))
#37 D:/DS-TI/CRM-DIMSUM/opm-digemid/artisan(13): Illuminate/Foundation/Application->handleCommand(Object(Symfony/Component/Console/Input/ArgvInput))
#38 {main}
"} 
[2026-08-19 18:58:11] local.ERROR: No se pudo consultar Logística. Intenta nuevamente. {"exception":"[object] (RuntimeException(code: 0): No se pudo consultar Logística. Intenta nuevamente. at D:/DS-TI/CRM-DIMSUM/opm-digemid/app/Services/SalesGatewayClient.php:48)
[stacktrace]
#0 D:/DS-TI/CRM-DIMSUM/opm-digemid/app/Services/SalesGatewayClient.php(39): App/Services/SalesGatewayClient->get('/api/ventas/666...')
#1 D:/DS-TI/CRM-DIMSUM/opm-digemid/app/Jobs/ExtraerVentasJob.php(98): App/Services/SalesGatewayClient->saleDetail('666477')
#2 D:/DS-TI/CRM-DIMSUM/opm-digemid/app/Jobs/ExtraerVentasJob.php(65): App/Jobs/ExtraerVentasJob->procesarVenta(Object(App/Models/VentaExtraccion), Object(App/Services/SalesGatewayClient), Array)
#3 D:/DS-TI/CRM-DIMSUM/opm-digemid/app/Jobs/ExtraerVentasJob.php(36): App/Jobs/ExtraerVentasJob->procesar(Object(App/Models/VentaExtraccion), Object(App/Services/SalesGatewayClient))
#4 D:/DS-TI/CRM-DIMSUM/opm-digemid/vendor/laravel/framework/src/Illuminate/Container/BoundMethod.php(36): App/Jobs/ExtraerVentasJob->handle(Object(App/Services/SalesGatewayClient))
#5 D:/DS-TI/CRM-DIMSUM/opm-digemid/vendor/laravel/framework/src/Illuminate/Container/Util.php(43): Illuminate/Container/BoundMethod::Illuminate/Container/{closure}()
#6 D:/DS-TI/CRM-DIMSUM/opm-digemid/vendor/laravel/framework/src/Illuminate/Container/BoundMethod.php(95): Illuminate/Container/Util::unwrapIfClosure(Object(Closure))
#7 D:/DS-TI/CRM-DIMSUM/opm-digemid/vendor/laravel/framework/src/Illuminate/Container/BoundMethod.php(35): Illuminate/Container/BoundMethod::callBoundMethod(Object(Illuminate/Foundation/Application), Array, Object(Closure))
#8 D:/DS-TI/CRM-DIMSUM/opm-digemid/vendor/laravel/framework/src/Illuminate/Container/Container.php(696): Illuminate/Container/BoundMethod::call(Object(Illuminate/Foundation/Application), Array, Array, NULL)
#9 D:/DS-TI/CRM-DIMSUM/opm-digemid/vendor/laravel/framework/src/Illuminate/Bus/Dispatcher.php(126): Illuminate/Container/Container->call(Array)
#10 D:/DS-TI/CRM-DIMSUM/opm-digemid/vendor/laravel/framework/src/Illuminate/Pipeline/Pipeline.php(170): Illuminate/Bus/Dispatcher->Illuminate/Bus/{closure}(Object(App/Jobs/ExtraerVentasJob))
#11 D:/DS-TI/CRM-DIMSUM/opm-digemid/vendor/laravel/framework/src/Illuminate/Pipeline/Pipeline.php(127): Illuminate/Pipeline/Pipeline->Illuminate/Pipeline/{closure}(Object(App/Jobs/ExtraerVentasJob))
#12 D:/DS-TI/CRM-DIMSUM/opm-digemid/vendor/laravel/framework/src/Illuminate/Bus/Dispatcher.php(130): Illuminate/Pipeline/Pipeline->then(Object(Closure))
#13 D:/DS-TI/CRM-DIMSUM/opm-digemid/vendor/laravel/framework/src/Illuminate/Queue/CallQueuedHandler.php(126): Illuminate/Bus/Dispatcher->dispatchNow(Object(App/Jobs/ExtraerVentasJob), false)
#14 D:/DS-TI/CRM-DIMSUM/opm-digemid/vendor/laravel/framework/src/Illuminate/Pipeline/Pipeline.php(170): Illuminate/Queue/CallQueuedHandler->Illuminate/Queue/{closure}(Object(App/Jobs/ExtraerVentasJob))
#15 D:/DS-TI/CRM-DIMSUM/opm-digemid/vendor/laravel/framework/src/Illuminate/Pipeline/Pipeline.php(127): Illuminate/Pipeline/Pipeline->Illuminate/Pipeline/{closure}(Object(App/Jobs/ExtraerVentasJob))
#16 D:/DS-TI/CRM-DIMSUM/opm-digemid/vendor/laravel/framework/src/Illuminate/Queue/CallQueuedHandler.php(121): Illuminate/Pipeline/Pipeline->then(Object(Closure))
#17 D:/DS-TI/CRM-DIMSUM/opm-digemid/vendor/laravel/framework/src/Illuminate/Queue/CallQueuedHandler.php(69): Illuminate/Queue/CallQueuedHandler->dispatchThroughMiddleware(Object(Illuminate/Queue/Jobs/DatabaseJob), Object(App/Jobs/ExtraerVentasJob))
#18 D:/DS-TI/CRM-DIMSUM/opm-digemid/vendor/laravel/framework/src/Illuminate/Queue/Jobs/Job.php(102): Illuminate/Queue/CallQueuedHandler->call(Object(Illuminate/Queue/Jobs/DatabaseJob), Array)
#19 D:/DS-TI/CRM-DIMSUM/opm-digemid/vendor/laravel/framework/src/Illuminate/Queue/Worker.php(461): Illuminate/Queue/Jobs/Job->fire()
#20 D:/DS-TI/CRM-DIMSUM/opm-digemid/vendor/laravel/framework/src/Illuminate/Queue/Worker.php(411): Illuminate/Queue/Worker->process('database', Object(Illuminate/Queue/Jobs/DatabaseJob), Object(Illuminate/Queue/WorkerOptions))
#21 D:/DS-TI/CRM-DIMSUM/opm-digemid/vendor/laravel/framework/src/Illuminate/Queue/Worker.php(189): Illuminate/Queue/Worker->runJob(Object(Illuminate/Queue/Jobs/DatabaseJob), 'database', Object(Illuminate/Queue/WorkerOptions))
#22 D:/DS-TI/CRM-DIMSUM/opm-digemid/vendor/laravel/framework/src/Illuminate/Queue/Console/WorkCommand.php(150): Illuminate/Queue/Worker->daemon('database', 'default', Object(Illuminate/Queue/WorkerOptions))
#23 D:/DS-TI/CRM-DIMSUM/opm-digemid/vendor/laravel/framework/src/Illuminate/Queue/Console/WorkCommand.php(133): Illuminate/Queue/Console/WorkCommand->runWorker('database', 'default')
#24 D:/DS-TI/CRM-DIMSUM/opm-digemid/vendor/laravel/framework/src/Illuminate/Container/BoundMethod.php(36): Illuminate/Queue/Console/WorkCommand->handle()
#25 D:/DS-TI/CRM-DIMSUM/opm-digemid/vendor/laravel/framework/src/Illuminate/Container/Util.php(43): Illuminate/Container/BoundMethod::Illuminate/Container/{closure}()
#26 D:/DS-TI/CRM-DIMSUM/opm-digemid/vendor/laravel/framework/src/Illuminate/Container/BoundMethod.php(95): Illuminate/Container/Util::unwrapIfClosure(Object(Closure))
#27 D:/DS-TI/CRM-DIMSUM/opm-digemid/vendor/laravel/framework/src/Illuminate/Container/BoundMethod.php(35): Illuminate/Container/BoundMethod::callBoundMethod(Object(Illuminate/Foundation/Application), Array, Object(Closure))
#28 D:/DS-TI/CRM-DIMSUM/opm-digemid/vendor/laravel/framework/src/Illuminate/Container/Container.php(696): Illuminate/Container/BoundMethod::call(Object(Illuminate/Foundation/Application), Array, Array, NULL)
#29 D:/DS-TI/CRM-DIMSUM/opm-digemid/vendor/laravel/framework/src/Illuminate/Console/Command.php(213): Illuminate/Container/Container->call(Array)
#30 D:/DS-TI/CRM-DIMSUM/opm-digemid/vendor/symfony/console/Command/Command.php(341): Illuminate/Console/Command->execute(Object(Symfony/Component/Console/Input/ArgvInput), Object(Illuminate/Console/OutputStyle))
#31 D:/DS-TI/CRM-DIMSUM/opm-digemid/vendor/laravel/framework/src/Illuminate/Console/Command.php(182): Symfony/Component/Console/Command/Command->run(Object(Symfony/Component/Console/Input/ArgvInput), Object(Illuminate/Console/OutputStyle))
#32 D:/DS-TI/CRM-DIMSUM/opm-digemid/vendor/symfony/console/Application.php(1117): Illuminate/Console/Command->run(Object(Symfony/Component/Console/Input/ArgvInput), Object(Symfony/Component/Console/Output/ConsoleOutput))
#33 D:/DS-TI/CRM-DIMSUM/opm-digemid/vendor/symfony/console/Application.php(356): Symfony/Component/Console/Application->doRunCommand(Object(Illuminate/Queue/Console/WorkCommand), Object(Symfony/Component/Console/Input/ArgvInput), Object(Symfony/Component/Console/Output/ConsoleOutput))
#34 D:/DS-TI/CRM-DIMSUM/opm-digemid/vendor/symfony/console/Application.php(195): Symfony/Component/Console/Application->doRun(Object(Symfony/Component/Console/Input/ArgvInput), Object(Symfony/Component/Console/Output/ConsoleOutput))
#35 D:/DS-TI/CRM-DIMSUM/opm-digemid/vendor/laravel/framework/src/Illuminate/Foundation/Console/Kernel.php(198): Symfony/Component/Console/Application->run(Object(Symfony/Component/Console/Input/ArgvInput), Object(Symfony/Component/Console/Output/ConsoleOutput))
#36 D:/DS-TI/CRM-DIMSUM/opm-digemid/vendor/laravel/framework/src/Illuminate/Foundation/Application.php(1235): Illuminate/Foundation/Console/Kernel->handle(Object(Symfony/Component/Console/Input/ArgvInput), Object(Symfony/Component/Console/Output/ConsoleOutput))
#37 D:/DS-TI/CRM-DIMSUM/opm-digemid/artisan(13): Illuminate/Foundation/Application->handleCommand(Object(Symfony/Component/Console/Input/ArgvInput))
#38 {main}
"} 
[2026-08-19 18:58:11] local.ERROR: No se pudo consultar Logística. Intenta nuevamente. {"exception":"[object] (RuntimeException(code: 0): No se pudo consultar Logística. Intenta nuevamente. at D:/DS-TI/CRM-DIMSUM/opm-digemid/app/Services/SalesGatewayClient.php:48)
[stacktrace]
#0 D:/DS-TI/CRM-DIMSUM/opm-digemid/app/Services/SalesGatewayClient.php(39): App/Services/SalesGatewayClient->get('/api/ventas/666...')
#1 D:/DS-TI/CRM-DIMSUM/opm-digemid/app/Jobs/ExtraerVentasJob.php(98): App/Services/SalesGatewayClient->saleDetail('666476')
#2 D:/DS-TI/CRM-DIMSUM/opm-digemid/app/Jobs/ExtraerVentasJob.php(65): App/Jobs/ExtraerVentasJob->procesarVenta(Object(App/Models/VentaExtraccion), Object(App/Services/SalesGatewayClient), Array)
#3 D:/DS-TI/CRM-DIMSUM/opm-digemid/app/Jobs/ExtraerVentasJob.php(36): App/Jobs/ExtraerVentasJob->procesar(Object(App/Models/VentaExtraccion), Object(App/Services/SalesGatewayClient))
#4 D:/DS-TI/CRM-DIMSUM/opm-digemid/vendor/laravel/framework/src/Illuminate/Container/BoundMethod.php(36): App/Jobs/ExtraerVentasJob->handle(Object(App/Services/SalesGatewayClient))
#5 D:/DS-TI/CRM-DIMSUM/opm-digemid/vendor/laravel/framework/src/Illuminate/Container/Util.php(43): Illuminate/Container/BoundMethod::Illuminate/Container/{closure}()
#6 D:/DS-TI/CRM-DIMSUM/opm-digemid/vendor/laravel/framework/src/Illuminate/Container/BoundMethod.php(95): Illuminate/Container/Util::unwrapIfClosure(Object(Closure))
#7 D:/DS-TI/CRM-DIMSUM/opm-digemid/vendor/laravel/framework/src/Illuminate/Container/BoundMethod.php(35): Illuminate/Container/BoundMethod::callBoundMethod(Object(Illuminate/Foundation/Application), Array, Object(Closure))
#8 D:/DS-TI/CRM-DIMSUM/opm-digemid/vendor/laravel/framework/src/Illuminate/Container/Container.php(696): Illuminate/Container/BoundMethod::call(Object(Illuminate/Foundation/Application), Array, Array, NULL)
#9 D:/DS-TI/CRM-DIMSUM/opm-digemid/vendor/laravel/framework/src/Illuminate/Bus/Dispatcher.php(126): Illuminate/Container/Container->call(Array)
#10 D:/DS-TI/CRM-DIMSUM/opm-digemid/vendor/laravel/framework/src/Illuminate/Pipeline/Pipeline.php(170): Illuminate/Bus/Dispatcher->Illuminate/Bus/{closure}(Object(App/Jobs/ExtraerVentasJob))
#11 D:/DS-TI/CRM-DIMSUM/opm-digemid/vendor/laravel/framework/src/Illuminate/Pipeline/Pipeline.php(127): Illuminate/Pipeline/Pipeline->Illuminate/Pipeline/{closure}(Object(App/Jobs/ExtraerVentasJob))
#12 D:/DS-TI/CRM-DIMSUM/opm-digemid/vendor/laravel/framework/src/Illuminate/Bus/Dispatcher.php(130): Illuminate/Pipeline/Pipeline->then(Object(Closure))
#13 D:/DS-TI/CRM-DIMSUM/opm-digemid/vendor/laravel/framework/src/Illuminate/Queue/CallQueuedHandler.php(126): Illuminate/Bus/Dispatcher->dispatchNow(Object(App/Jobs/ExtraerVentasJob), false)
#14 D:/DS-TI/CRM-DIMSUM/opm-digemid/vendor/laravel/framework/src/Illuminate/Pipeline/Pipeline.php(170): Illuminate/Queue/CallQueuedHandler->Illuminate/Queue/{closure}(Object(App/Jobs/ExtraerVentasJob))
#15 D:/DS-TI/CRM-DIMSUM/opm-digemid/vendor/laravel/framework/src/Illuminate/Pipeline/Pipeline.php(127): Illuminate/Pipeline/Pipeline->Illuminate/Pipeline/{closure}(Object(App/Jobs/ExtraerVentasJob))
#16 D:/DS-TI/CRM-DIMSUM/opm-digemid/vendor/laravel/framework/src/Illuminate/Queue/CallQueuedHandler.php(121): Illuminate/Pipeline/Pipeline->then(Object(Closure))
#17 D:/DS-TI/CRM-DIMSUM/opm-digemid/vendor/laravel/framework/src/Illuminate/Queue/CallQueuedHandler.php(69): Illuminate/Queue/CallQueuedHandler->dispatchThroughMiddleware(Object(Illuminate/Queue/Jobs/DatabaseJob), Object(App/Jobs/ExtraerVentasJob))
#18 D:/DS-TI/CRM-DIMSUM/opm-digemid/vendor/laravel/framework/src/Illuminate/Queue/Jobs/Job.php(102): Illuminate/Queue/CallQueuedHandler->call(Object(Illuminate/Queue/Jobs/DatabaseJob), Array)
#19 D:/DS-TI/CRM-DIMSUM/opm-digemid/vendor/laravel/framework/src/Illuminate/Queue/Worker.php(461): Illuminate/Queue/Jobs/Job->fire()
#20 D:/DS-TI/CRM-DIMSUM/opm-digemid/vendor/laravel/framework/src/Illuminate/Queue/Worker.php(411): Illuminate/Queue/Worker->process('database', Object(Illuminate/Queue/Jobs/DatabaseJob), Object(Illuminate/Queue/WorkerOptions))
#21 D:/DS-TI/CRM-DIMSUM/opm-digemid/vendor/laravel/framework/src/Illuminate/Queue/Worker.php(189): Illuminate/Queue/Worker->runJob(Object(Illuminate/Queue/Jobs/DatabaseJob), 'database', Object(Illuminate/Queue/WorkerOptions))
#22 D:/DS-TI/CRM-DIMSUM/opm-digemid/vendor/laravel/framework/src/Illuminate/Queue/Console/WorkCommand.php(150): Illuminate/Queue/Worker->daemon('database', 'default', Object(Illuminate/Queue/WorkerOptions))
#23 D:/DS-TI/CRM-DIMSUM/opm-digemid/vendor/laravel/framework/src/Illuminate/Queue/Console/WorkCommand.php(133): Illuminate/Queue/Console/WorkCommand->runWorker('database', 'default')
#24 D:/DS-TI/CRM-DIMSUM/opm-digemid/vendor/laravel/framework/src/Illuminate/Container/BoundMethod.php(36): Illuminate/Queue/Console/WorkCommand->handle()
#25 D:/DS-TI/CRM-DIMSUM/opm-digemid/vendor/laravel/framework/src/Illuminate/Container/Util.php(43): Illuminate/Container/BoundMethod::Illuminate/Container/{closure}()
#26 D:/DS-TI/CRM-DIMSUM/opm-digemid/vendor/laravel/framework/src/Illuminate/Container/BoundMethod.php(95): Illuminate/Container/Util::unwrapIfClosure(Object(Closure))
#27 D:/DS-TI/CRM-DIMSUM/opm-digemid/vendor/laravel/framework/src/Illuminate/Container/BoundMethod.php(35): Illuminate/Container/BoundMethod::callBoundMethod(Object(Illuminate/Foundation/Application), Array, Object(Closure))
#28 D:/DS-TI/CRM-DIMSUM/opm-digemid/vendor/laravel/framework/src/Illuminate/Container/Container.php(696): Illuminate/Container/BoundMethod::call(Object(Illuminate/Foundation/Application), Array, Array, NULL)
#29 D:/DS-TI/CRM-DIMSUM/opm-digemid/vendor/laravel/framework/src/Illuminate/Console/Command.php(213): Illuminate/Container/Container->call(Array)
#30 D:/DS-TI/CRM-DIMSUM/opm-digemid/vendor/symfony/console/Command/Command.php(341): Illuminate/Console/Command->execute(Object(Symfony/Component/Console/Input/ArgvInput), Object(Illuminate/Console/OutputStyle))
#31 D:/DS-TI/CRM-DIMSUM/opm-digemid/vendor/laravel/framework/src/Illuminate/Console/Command.php(182): Symfony/Component/Console/Command/Command->run(Object(Symfony/Component/Console/Input/ArgvInput), Object(Illuminate/Console/OutputStyle))
#32 D:/DS-TI/CRM-DIMSUM/opm-digemid/vendor/symfony/console/Application.php(1117): Illuminate/Console/Command->run(Object(Symfony/Component/Console/Input/ArgvInput), Object(Symfony/Component/Console/Output/ConsoleOutput))
#33 D:/DS-TI/CRM-DIMSUM/opm-digemid/vendor/symfony/console/Application.php(356): Symfony/Component/Console/Application->doRunCommand(Object(Illuminate/Queue/Console/WorkCommand), Object(Symfony/Component/Console/Input/ArgvInput), Object(Symfony/Component/Console/Output/ConsoleOutput))
#34 D:/DS-TI/CRM-DIMSUM/opm-digemid/vendor/symfony/console/Application.php(195): Symfony/Component/Console/Application->doRun(Object(Symfony/Component/Console/Input/ArgvInput), Object(Symfony/Component/Console/Output/ConsoleOutput))
#35 D:/DS-TI/CRM-DIMSUM/opm-digemid/vendor/laravel/framework/src/Illuminate/Foundation/Console/Kernel.php(198): Symfony/Component/Console/Application->run(Object(Symfony/Component/Console/Input/ArgvInput), Object(Symfony/Component/Console/Output/ConsoleOutput))
#36 D:/DS-TI/CRM-DIMSUM/opm-digemid/vendor/laravel/framework/src/Illuminate/Foundation/Application.php(1235): Illuminate/Foundation/Console/Kernel->handle(Object(Symfony/Component/Console/Input/ArgvInput), Object(Symfony/Component/Console/Output/ConsoleOutput))
#37 D:/DS-TI/CRM-DIMSUM/opm-digemid/artisan(13): Illuminate/Foundation/Application->handleCommand(Object(Symfony/Component/Console/Input/ArgvInput))
#38 {main}
"} 
[2026-08-19 18:58:11] local.ERROR: No se pudo consultar Logística. Intenta nuevamente. {"exception":"[object] (RuntimeException(code: 0): No se pudo consultar Logística. Intenta nuevamente. at D:/DS-TI/CRM-DIMSUM/opm-digemid/app/Services/SalesGatewayClient.php:48)
[stacktrace]
#0 D:/DS-TI/CRM-DIMSUM/opm-digemid/app/Services/SalesGatewayClient.php(39): App/Services/SalesGatewayClient->get('/api/ventas/666...')
#1 D:/DS-TI/CRM-DIMSUM/opm-digemid/app/Jobs/ExtraerVentasJob.php(98): App/Services/SalesGatewayClient->saleDetail('666475')
#2 D:/DS-TI/CRM-DIMSUM/opm-digemid/app/Jobs/ExtraerVentasJob.php(65): App/Jobs/ExtraerVentasJob->procesarVenta(Object(App/Models/VentaExtraccion), Object(App/Services/SalesGatewayClient), Array)
#3 D:/DS-TI/CRM-DIMSUM/opm-digemid/app/Jobs/ExtraerVentasJob.php(36): App/Jobs/ExtraerVentasJob->procesar(Object(App/Models/VentaExtraccion), Object(App/Services/SalesGatewayClient))
#4 D:/DS-TI/CRM-DIMSUM/opm-digemid/vendor/laravel/framework/src/Illuminate/Container/BoundMethod.php(36): App/Jobs/ExtraerVentasJob->handle(Object(App/Services/SalesGatewayClient))
#5 D:/DS-TI/CRM-DIMSUM/opm-digemid/vendor/laravel/framework/src/Illuminate/Container/Util.php(43): Illuminate/Container/BoundMethod::Illuminate/Container/{closure}()
#6 D:/DS-TI/CRM-DIMSUM/opm-digemid/vendor/laravel/framework/src/Illuminate/Container/BoundMethod.php(95): Illuminate/Container/Util::unwrapIfClosure(Object(Closure))
#7 D:/DS-TI/CRM-DIMSUM/opm-digemid/vendor/laravel/framework/src/Illuminate/Container/BoundMethod.php(35): Illuminate/Container/BoundMethod::callBoundMethod(Object(Illuminate/Foundation/Application), Array, Object(Closure))
#8 D:/DS-TI/CRM-DIMSUM/opm-digemid/vendor/laravel/framework/src/Illuminate/Container/Container.php(696): Illuminate/Container/BoundMethod::call(Object(Illuminate/Foundation/Application), Array, Array, NULL)
#9 D:/DS-TI/CRM-DIMSUM/opm-digemid/vendor/laravel/framework/src/Illuminate/Bus/Dispatcher.php(126): Illuminate/Container/Container->call(Array)
#10 D:/DS-TI/CRM-DIMSUM/opm-digemid/vendor/laravel/framework/src/Illuminate/Pipeline/Pipeline.php(170): Illuminate/Bus/Dispatcher->Illuminate/Bus/{closure}(Object(App/Jobs/ExtraerVentasJob))
#11 D:/DS-TI/CRM-DIMSUM/opm-digemid/vendor/laravel/framework/src/Illuminate/Pipeline/Pipeline.php(127): Illuminate/Pipeline/Pipeline->Illuminate/Pipeline/{closure}(Object(App/Jobs/ExtraerVentasJob))
#12 D:/DS-TI/CRM-DIMSUM/opm-digemid/vendor/laravel/framework/src/Illuminate/Bus/Dispatcher.php(130): Illuminate/Pipeline/Pipeline->then(Object(Closure))
#13 D:/DS-TI/CRM-DIMSUM/opm-digemid/vendor/laravel/framework/src/Illuminate/Queue/CallQueuedHandler.php(126): Illuminate/Bus/Dispatcher->dispatchNow(Object(App/Jobs/ExtraerVentasJob), false)
#14 D:/DS-TI/CRM-DIMSUM/opm-digemid/vendor/laravel/framework/src/Illuminate/Pipeline/Pipeline.php(170): Illuminate/Queue/CallQueuedHandler->Illuminate/Queue/{closure}(Object(App/Jobs/ExtraerVentasJob))
#15 D:/DS-TI/CRM-DIMSUM/opm-digemid/vendor/laravel/framework/src/Illuminate/Pipeline/Pipeline.php(127): Illuminate/Pipeline/Pipeline->Illuminate/Pipeline/{closure}(Object(App/Jobs/ExtraerVentasJob))
#16 D:/DS-TI/CRM-DIMSUM/opm-digemid/vendor/laravel/framework/src/Illuminate/Queue/CallQueuedHandler.php(121): Illuminate/Pipeline/Pipeline->then(Object(Closure))
#17 D:/DS-TI/CRM-DIMSUM/opm-digemid/vendor/laravel/framework/src/Illuminate/Queue/CallQueuedHandler.php(69): Illuminate/Queue/CallQueuedHandler->dispatchThroughMiddleware(Object(Illuminate/Queue/Jobs/DatabaseJob), Object(App/Jobs/ExtraerVentasJob))
#18 D:/DS-TI/CRM-DIMSUM/opm-digemid/vendor/laravel/framework/src/Illuminate/Queue/Jobs/Job.php(102): Illuminate/Queue/CallQueuedHandler->call(Object(Illuminate/Queue/Jobs/DatabaseJob), Array)
#19 D:/DS-TI/CRM-DIMSUM/opm-digemid/vendor/laravel/framework/src/Illuminate/Queue/Worker.php(461): Illuminate/Queue/Jobs/Job->fire()
#20 D:/DS-TI/CRM-DIMSUM/opm-digemid/vendor/laravel/framework/src/Illuminate/Queue/Worker.php(411): Illuminate/Queue/Worker->process('database', Object(Illuminate/Queue/Jobs/DatabaseJob), Object(Illuminate/Queue/WorkerOptions))
#21 D:/DS-TI/CRM-DIMSUM/opm-digemid/vendor/laravel/framework/src/Illuminate/Queue/Worker.php(189): Illuminate/Queue/Worker->runJob(Object(Illuminate/Queue/Jobs/DatabaseJob), 'database', Object(Illuminate/Queue/WorkerOptions))
#22 D:/DS-TI/CRM-DIMSUM/opm-digemid/vendor/laravel/framework/src/Illuminate/Queue/Console/WorkCommand.php(150): Illuminate/Queue/Worker->daemon('database', 'default', Object(Illuminate/Queue/WorkerOptions))
#23 D:/DS-TI/CRM-DIMSUM/opm-digemid/vendor/laravel/framework/src/Illuminate/Queue/Console/WorkCommand.php(133): Illuminate/Queue/Console/WorkCommand->runWorker('database', 'default')
#24 D:/DS-TI/CRM-DIMSUM/opm-digemid/vendor/laravel/framework/src/Illuminate/Container/BoundMethod.php(36): Illuminate/Queue/Console/WorkCommand->handle()
#25 D:/DS-TI/CRM-DIMSUM/opm-digemid/vendor/laravel/framework/src/Illuminate/Container/Util.php(43): Illuminate/Container/BoundMethod::Illuminate/Container/{closure}()
#26 D:/DS-TI/CRM-DIMSUM/opm-digemid/vendor/laravel/framework/src/Illuminate/Container/BoundMethod.php(95): Illuminate/Container/Util::unwrapIfClosure(Object(Closure))
#27 D:/DS-TI/CRM-DIMSUM/opm-digemid/vendor/laravel/framework/src/Illuminate/Container/BoundMethod.php(35): Illuminate/Container/BoundMethod::callBoundMethod(Object(Illuminate/Foundation/Application), Array, Object(Closure))
#28 D:/DS-TI/CRM-DIMSUM/opm-digemid/vendor/laravel/framework/src/Illuminate/Container/Container.php(696): Illuminate/Container/BoundMethod::call(Object(Illuminate/Foundation/Application), Array, Array, NULL)
#29 D:/DS-TI/CRM-DIMSUM/opm-digemid/vendor/laravel/framework/src/Illuminate/Console/Command.php(213): Illuminate/Container/Container->call(Array)
#30 D:/DS-TI/CRM-DIMSUM/opm-digemid/vendor/symfony/console/Command/Command.php(341): Illuminate/Console/Command->execute(Object(Symfony/Component/Console/Input/ArgvInput), Object(Illuminate/Console/OutputStyle))
#31 D:/DS-TI/CRM-DIMSUM/opm-digemid/vendor/laravel/framework/src/Illuminate/Console/Command.php(182): Symfony/Component/Console/Command/Command->run(Object(Symfony/Component/Console/Input/ArgvInput), Object(Illuminate/Console/OutputStyle))
#32 D:/DS-TI/CRM-DIMSUM/opm-digemid/vendor/symfony/console/Application.php(1117): Illuminate/Console/Command->run(Object(Symfony/Component/Console/Input/ArgvInput), Object(Symfony/Component/Console/Output/ConsoleOutput))
#33 D:/DS-TI/CRM-DIMSUM/opm-digemid/vendor/symfony/console/Application.php(356): Symfony/Component/Console/Application->doRunCommand(Object(Illuminate/Queue/Console/WorkCommand), Object(Symfony/Component/Console/Input/ArgvInput), Object(Symfony/Component/Console/Output/ConsoleOutput))
#34 D:/DS-TI/CRM-DIMSUM/opm-digemid/vendor/symfony/console/Application.php(195): Symfony/Component/Console/Application->doRun(Object(Symfony/Component/Console/Input/ArgvInput), Object(Symfony/Component/Console/Output/ConsoleOutput))
#35 D:/DS-TI/CRM-DIMSUM/opm-digemid/vendor/laravel/framework/src/Illuminate/Foundation/Console/Kernel.php(198): Symfony/Component/Console/Application->run(Object(Symfony/Component/Console/Input/ArgvInput), Object(Symfony/Component/Console/Output/ConsoleOutput))
#36 D:/DS-TI/CRM-DIMSUM/opm-digemid/vendor/laravel/framework/src/Illuminate/Foundation/Application.php(1235): Illuminate/Foundation/Console/Kernel->handle(Object(Symfony/Component/Console/Input/ArgvInput), Object(Symfony/Component/Console/Output/ConsoleOutput))
#37 D:/DS-TI/CRM-DIMSUM/opm-digemid/artisan(13): Illuminate/Foundation/Application->handleCommand(Object(Symfony/Component/Console/Input/ArgvInput))
#38 {main}
"} 
[2026-08-19 18:58:12] local.ERROR: No se pudo consultar Logística. Intenta nuevamente. {"exception":"[object] (RuntimeException(code: 0): No se pudo consultar Logística. Intenta nuevamente. at D:/DS-TI/CRM-DIMSUM/opm-digemid/app/Services/SalesGatewayClient.php:48)
[stacktrace]
#0 D:/DS-TI/CRM-DIMSUM/opm-digemid/app/Services/SalesGatewayClient.php(39): App/Services/SalesGatewayClient->get('/api/ventas/666...')
#1 D:/DS-TI/CRM-DIMSUM/opm-digemid/app/Jobs/ExtraerVentasJob.php(98): App/Services/SalesGatewayClient->saleDetail('666474')
#2 D:/DS-TI/CRM-DIMSUM/opm-digemid/app/Jobs/ExtraerVentasJob.php(65): App/Jobs/ExtraerVentasJob->procesarVenta(Object(App/Models/VentaExtraccion), Object(App/Services/SalesGatewayClient), Array)
#3 D:/DS-TI/CRM-DIMSUM/opm-digemid/app/Jobs/ExtraerVentasJob.php(36): App/Jobs/ExtraerVentasJob->procesar(Object(App/Models/VentaExtraccion), Object(App/Services/SalesGatewayClient))
#4 D:/DS-TI/CRM-DIMSUM/opm-digemid/vendor/laravel/framework/src/Illuminate/Container/BoundMethod.php(36): App/Jobs/ExtraerVentasJob->handle(Object(App/Services/SalesGatewayClient))
#5 D:/DS-TI/CRM-DIMSUM/opm-digemid/vendor/laravel/framework/src/Illuminate/Container/Util.php(43): Illuminate/Container/BoundMethod::Illuminate/Container/{closure}()
#6 D:/DS-TI/CRM-DIMSUM/opm-digemid/vendor/laravel/framework/src/Illuminate/Container/BoundMethod.php(95): Illuminate/Container/Util::unwrapIfClosure(Object(Closure))
#7 D:/DS-TI/CRM-DIMSUM/opm-digemid/vendor/laravel/framework/src/Illuminate/Container/BoundMethod.php(35): Illuminate/Container/BoundMethod::callBoundMethod(Object(Illuminate/Foundation/Application), Array, Object(Closure))
#8 D:/DS-TI/CRM-DIMSUM/opm-digemid/vendor/laravel/framework/src/Illuminate/Container/Container.php(696): Illuminate/Container/BoundMethod::call(Object(Illuminate/Foundation/Application), Array, Array, NULL)
#9 D:/DS-TI/CRM-DIMSUM/opm-digemid/vendor/laravel/framework/src/Illuminate/Bus/Dispatcher.php(126): Illuminate/Container/Container->call(Array)
#10 D:/DS-TI/CRM-DIMSUM/opm-digemid/vendor/laravel/framework/src/Illuminate/Pipeline/Pipeline.php(170): Illuminate/Bus/Dispatcher->Illuminate/Bus/{closure}(Object(App/Jobs/ExtraerVentasJob))
#11 D:/DS-TI/CRM-DIMSUM/opm-digemid/vendor/laravel/framework/src/Illuminate/Pipeline/Pipeline.php(127): Illuminate/Pipeline/Pipeline->Illuminate/Pipeline/{closure}(Object(App/Jobs/ExtraerVentasJob))
#12 D:/DS-TI/CRM-DIMSUM/opm-digemid/vendor/laravel/framework/src/Illuminate/Bus/Dispatcher.php(130): Illuminate/Pipeline/Pipeline->then(Object(Closure))
#13 D:/DS-TI/CRM-DIMSUM/opm-digemid/vendor/laravel/framework/src/Illuminate/Queue/CallQueuedHandler.php(126): Illuminate/Bus/Dispatcher->dispatchNow(Object(App/Jobs/ExtraerVentasJob), false)
#14 D:/DS-TI/CRM-DIMSUM/opm-digemid/vendor/laravel/framework/src/Illuminate/Pipeline/Pipeline.php(170): Illuminate/Queue/CallQueuedHandler->Illuminate/Queue/{closure}(Object(App/Jobs/ExtraerVentasJob))
#15 D:/DS-TI/CRM-DIMSUM/opm-digemid/vendor/laravel/framework/src/Illuminate/Pipeline/Pipeline.php(127): Illuminate/Pipeline/Pipeline->Illuminate/Pipeline/{closure}(Object(App/Jobs/ExtraerVentasJob))
#16 D:/DS-TI/CRM-DIMSUM/opm-digemid/vendor/laravel/framework/src/Illuminate/Queue/CallQueuedHandler.php(121): Illuminate/Pipeline/Pipeline->then(Object(Closure))
#17 D:/DS-TI/CRM-DIMSUM/opm-digemid/vendor/laravel/framework/src/Illuminate/Queue/CallQueuedHandler.php(69): Illuminate/Queue/CallQueuedHandler->dispatchThroughMiddleware(Object(Illuminate/Queue/Jobs/DatabaseJob), Object(App/Jobs/ExtraerVentasJob))
#18 D:/DS-TI/CRM-DIMSUM/opm-digemid/vendor/laravel/framework/src/Illuminate/Queue/Jobs/Job.php(102): Illuminate/Queue/CallQueuedHandler->call(Object(Illuminate/Queue/Jobs/DatabaseJob), Array)
#19 D:/DS-TI/CRM-DIMSUM/opm-digemid/vendor/laravel/framework/src/Illuminate/Queue/Worker.php(461): Illuminate/Queue/Jobs/Job->fire()
#20 D:/DS-TI/CRM-DIMSUM/opm-digemid/vendor/laravel/framework/src/Illuminate/Queue/Worker.php(411): Illuminate/Queue/Worker->process('database', Object(Illuminate/Queue/Jobs/DatabaseJob), Object(Illuminate/Queue/WorkerOptions))
#21 D:/DS-TI/CRM-DIMSUM/opm-digemid/vendor/laravel/framework/src/Illuminate/Queue/Worker.php(189): Illuminate/Queue/Worker->runJob(Object(Illuminate/Queue/Jobs/DatabaseJob), 'database', Object(Illuminate/Queue/WorkerOptions))
#22 D:/DS-TI/CRM-DIMSUM/opm-digemid/vendor/laravel/framework/src/Illuminate/Queue/Console/WorkCommand.php(150): Illuminate/Queue/Worker->daemon('database', 'default', Object(Illuminate/Queue/WorkerOptions))
#23 D:/DS-TI/CRM-DIMSUM/opm-digemid/vendor/laravel/framework/src/Illuminate/Queue/Console/WorkCommand.php(133): Illuminate/Queue/Console/WorkCommand->runWorker('database', 'default')
#24 D:/DS-TI/CRM-DIMSUM/opm-digemid/vendor/laravel/framework/src/Illuminate/Container/BoundMethod.php(36): Illuminate/Queue/Console/WorkCommand->handle()
#25 D:/DS-TI/CRM-DIMSUM/opm-digemid/vendor/laravel/framework/src/Illuminate/Container/Util.php(43): Illuminate/Container/BoundMethod::Illuminate/Container/{closure}()
#26 D:/DS-TI/CRM-DIMSUM/opm-digemid/vendor/laravel/framework/src/Illuminate/Container/BoundMethod.php(95): Illuminate/Container/Util::unwrapIfClosure(Object(Closure))
#27 D:/DS-TI/CRM-DIMSUM/opm-digemid/vendor/laravel/framework/src/Illuminate/Container/BoundMethod.php(35): Illuminate/Container/BoundMethod::callBoundMethod(Object(Illuminate/Foundation/Application), Array, Object(Closure))
#28 D:/DS-TI/CRM-DIMSUM/opm-digemid/vendor/laravel/framework/src/Illuminate/Container/Container.php(696): Illuminate/Container/BoundMethod::call(Object(Illuminate/Foundation/Application), Array, Array, NULL)
#29 D:/DS-TI/CRM-DIMSUM/opm-digemid/vendor/laravel/framework/src/Illuminate/Console/Command.php(213): Illuminate/Container/Container->call(Array)
#30 D:/DS-TI/CRM-DIMSUM/opm-digemid/vendor/symfony/console/Command/Command.php(341): Illuminate/Console/Command->execute(Object(Symfony/Component/Console/Input/ArgvInput), Object(Illuminate/Console/OutputStyle))
#31 D:/DS-TI/CRM-DIMSUM/opm-digemid/vendor/laravel/framework/src/Illuminate/Console/Command.php(182): Symfony/Component/Console/Command/Command->run(Object(Symfony/Component/Console/Input/ArgvInput), Object(Illuminate/Console/OutputStyle))
#32 D:/DS-TI/CRM-DIMSUM/opm-digemid/vendor/symfony/console/Application.php(1117): Illuminate/Console/Command->run(Object(Symfony/Component/Console/Input/ArgvInput), Object(Symfony/Component/Console/Output/ConsoleOutput))
#33 D:/DS-TI/CRM-DIMSUM/opm-digemid/vendor/symfony/console/Application.php(356): Symfony/Component/Console/Application->doRunCommand(Object(Illuminate/Queue/Console/WorkCommand), Object(Symfony/Component/Console/Input/ArgvInput), Object(Symfony/Component/Console/Output/ConsoleOutput))
#34 D:/DS-TI/CRM-DIMSUM/opm-digemid/vendor/symfony/console/Application.php(195): Symfony/Component/Console/Application->doRun(Object(Symfony/Component/Console/Input/ArgvInput), Object(Symfony/Component/Console/Output/ConsoleOutput))
#35 D:/DS-TI/CRM-DIMSUM/opm-digemid/vendor/laravel/framework/src/Illuminate/Foundation/Console/Kernel.php(198): Symfony/Component/Console/Application->run(Object(Symfony/Component/Console/Input/ArgvInput), Object(Symfony/Component/Console/Output/ConsoleOutput))
#36 D:/DS-TI/CRM-DIMSUM/opm-digemid/vendor/laravel/framework/src/Illuminate/Foundation/Application.php(1235): Illuminate/Foundation/Console/Kernel->handle(Object(Symfony/Component/Console/Input/ArgvInput), Object(Symfony/Component/Console/Output/ConsoleOutput))
#37 D:/DS-TI/CRM-DIMSUM/opm-digemid/artisan(13): Illuminate/Foundation/Application->handleCommand(Object(Symfony/Component/Console/Input/ArgvInput))
#38 {main}
"} 
[2026-08-19 18:58:12] local.ERROR: No se pudo consultar Logística. Intenta nuevamente. {"exception":"[object] (RuntimeException(code: 0): No se pudo consultar Logística. Intenta nuevamente. at D:/DS-TI/CRM-DIMSUM/opm-digemid/app/Services/SalesGatewayClient.php:48)
[stacktrace]
#0 D:/DS-TI/CRM-DIMSUM/opm-digemid/app/Services/SalesGatewayClient.php(39): App/Services/SalesGatewayClient->get('/api/ventas/666...')
#1 D:/DS-TI/CRM-DIMSUM/opm-digemid/app/Jobs/ExtraerVentasJob.php(98): App/Services/SalesGatewayClient->saleDetail('666547')
#2 D:/DS-TI/CRM-DIMSUM/opm-digemid/app/Jobs/ExtraerVentasJob.php(65): App/Jobs/ExtraerVentasJob->procesarVenta(Object(App/Models/VentaExtraccion), Object(App/Services/SalesGatewayClient), Array)
#3 D:/DS-TI/CRM-DIMSUM/opm-digemid/app/Jobs/ExtraerVentasJob.php(36): App/Jobs/ExtraerVentasJob->procesar(Object(App/Models/VentaExtraccion), Object(App/Services/SalesGatewayClient))
#4 D:/DS-TI/CRM-DIMSUM/opm-digemid/vendor/laravel/framework/src/Illuminate/Container/BoundMethod.php(36): App/Jobs/ExtraerVentasJob->handle(Object(App/Services/SalesGatewayClient))
#5 D:/DS-TI/CRM-DIMSUM/opm-digemid/vendor/laravel/framework/src/Illuminate/Container/Util.php(43): Illuminate/Container/BoundMethod::Illuminate/Container/{closure}()
#6 D:/DS-TI/CRM-DIMSUM/opm-digemid/vendor/laravel/framework/src/Illuminate/Container/BoundMethod.php(95): Illuminate/Container/Util::unwrapIfClosure(Object(Closure))
#7 D:/DS-TI/CRM-DIMSUM/opm-digemid/vendor/laravel/framework/src/Illuminate/Container/BoundMethod.php(35): Illuminate/Container/BoundMethod::callBoundMethod(Object(Illuminate/Foundation/Application), Array, Object(Closure))
#8 D:/DS-TI/CRM-DIMSUM/opm-digemid/vendor/laravel/framework/src/Illuminate/Container/Container.php(696): Illuminate/Container/BoundMethod::call(Object(Illuminate/Foundation/Application), Array, Array, NULL)
#9 D:/DS-TI/CRM-DIMSUM/opm-digemid/vendor/laravel/framework/src/Illuminate/Bus/Dispatcher.php(126): Illuminate/Container/Container->call(Array)
#10 D:/DS-TI/CRM-DIMSUM/opm-digemid/vendor/laravel/framework/src/Illuminate/Pipeline/Pipeline.php(170): Illuminate/Bus/Dispatcher->Illuminate/Bus/{closure}(Object(App/Jobs/ExtraerVentasJob))
#11 D:/DS-TI/CRM-DIMSUM/opm-digemid/vendor/laravel/framework/src/Illuminate/Pipeline/Pipeline.php(127): Illuminate/Pipeline/Pipeline->Illuminate/Pipeline/{closure}(Object(App/Jobs/ExtraerVentasJob))
#12 D:/DS-TI/CRM-DIMSUM/opm-digemid/vendor/laravel/framework/src/Illuminate/Bus/Dispatcher.php(130): Illuminate/Pipeline/Pipeline->then(Object(Closure))
#13 D:/DS-TI/CRM-DIMSUM/opm-digemid/vendor/laravel/framework/src/Illuminate/Queue/CallQueuedHandler.php(126): Illuminate/Bus/Dispatcher->dispatchNow(Object(App/Jobs/ExtraerVentasJob), false)
#14 D:/DS-TI/CRM-DIMSUM/opm-digemid/vendor/laravel/framework/src/Illuminate/Pipeline/Pipeline.php(170): Illuminate/Queue/CallQueuedHandler->Illuminate/Queue/{closure}(Object(App/Jobs/ExtraerVentasJob))
#15 D:/DS-TI/CRM-DIMSUM/opm-digemid/vendor/laravel/framework/src/Illuminate/Pipeline/Pipeline.php(127): Illuminate/Pipeline/Pipeline->Illuminate/Pipeline/{closure}(Object(App/Jobs/ExtraerVentasJob))
#16 D:/DS-TI/CRM-DIMSUM/opm-digemid/vendor/laravel/framework/src/Illuminate/Queue/CallQueuedHandler.php(121): Illuminate/Pipeline/Pipeline->then(Object(Closure))
#17 D:/DS-TI/CRM-DIMSUM/opm-digemid/vendor/laravel/framework/src/Illuminate/Queue/CallQueuedHandler.php(69): Illuminate/Queue/CallQueuedHandler->dispatchThroughMiddleware(Object(Illuminate/Queue/Jobs/DatabaseJob), Object(App/Jobs/ExtraerVentasJob))
#18 D:/DS-TI/CRM-DIMSUM/opm-digemid/vendor/laravel/framework/src/Illuminate/Queue/Jobs/Job.php(102): Illuminate/Queue/CallQueuedHandler->call(Object(Illuminate/Queue/Jobs/DatabaseJob), Array)
#19 D:/DS-TI/CRM-DIMSUM/opm-digemid/vendor/laravel/framework/src/Illuminate/Queue/Worker.php(461): Illuminate/Queue/Jobs/Job->fire()
#20 D:/DS-TI/CRM-DIMSUM/opm-digemid/vendor/laravel/framework/src/Illuminate/Queue/Worker.php(411): Illuminate/Queue/Worker->process('database', Object(Illuminate/Queue/Jobs/DatabaseJob), Object(Illuminate/Queue/WorkerOptions))
#21 D:/DS-TI/CRM-DIMSUM/opm-digemid/vendor/laravel/framework/src/Illuminate/Queue/Worker.php(189): Illuminate/Queue/Worker->runJob(Object(Illuminate/Queue/Jobs/DatabaseJob), 'database', Object(Illuminate/Queue/WorkerOptions))
#22 D:/DS-TI/CRM-DIMSUM/opm-digemid/vendor/laravel/framework/src/Illuminate/Queue/Console/WorkCommand.php(150): Illuminate/Queue/Worker->daemon('database', 'default', Object(Illuminate/Queue/WorkerOptions))
#23 D:/DS-TI/CRM-DIMSUM/opm-digemid/vendor/laravel/framework/src/Illuminate/Queue/Console/WorkCommand.php(133): Illuminate/Queue/Console/WorkCommand->runWorker('database', 'default')
#24 D:/DS-TI/CRM-DIMSUM/opm-digemid/vendor/laravel/framework/src/Illuminate/Container/BoundMethod.php(36): Illuminate/Queue/Console/WorkCommand->handle()
#25 D:/DS-TI/CRM-DIMSUM/opm-digemid/vendor/laravel/framework/src/Illuminate/Container/Util.php(43): Illuminate/Container/BoundMethod::Illuminate/Container/{closure}()
#26 D:/DS-TI/CRM-DIMSUM/opm-digemid/vendor/laravel/framework/src/Illuminate/Container/BoundMethod.php(95): Illuminate/Container/Util::unwrapIfClosure(Object(Closure))
#27 D:/DS-TI/CRM-DIMSUM/opm-digemid/vendor/laravel/framework/src/Illuminate/Container/BoundMethod.php(35): Illuminate/Container/BoundMethod::callBoundMethod(Object(Illuminate/Foundation/Application), Array, Object(Closure))
#28 D:/DS-TI/CRM-DIMSUM/opm-digemid/vendor/laravel/framework/src/Illuminate/Container/Container.php(696): Illuminate/Container/BoundMethod::call(Object(Illuminate/Foundation/Application), Array, Array, NULL)
#29 D:/DS-TI/CRM-DIMSUM/opm-digemid/vendor/laravel/framework/src/Illuminate/Console/Command.php(213): Illuminate/Container/Container->call(Array)
#30 D:/DS-TI/CRM-DIMSUM/opm-digemid/vendor/symfony/console/Command/Command.php(341): Illuminate/Console/Command->execute(Object(Symfony/Component/Console/Input/ArgvInput), Object(Illuminate/Console/OutputStyle))
#31 D:/DS-TI/CRM-DIMSUM/opm-digemid/vendor/laravel/framework/src/Illuminate/Console/Command.php(182): Symfony/Component/Console/Command/Command->run(Object(Symfony/Component/Console/Input/ArgvInput), Object(Illuminate/Console/OutputStyle))
#32 D:/DS-TI/CRM-DIMSUM/opm-digemid/vendor/symfony/console/Application.php(1117): Illuminate/Console/Command->run(Object(Symfony/Component/Console/Input/ArgvInput), Object(Symfony/Component/Console/Output/ConsoleOutput))
#33 D:/DS-TI/CRM-DIMSUM/opm-digemid/vendor/symfony/console/Application.php(356): Symfony/Component/Console/Application->doRunCommand(Object(Illuminate/Queue/Console/WorkCommand), Object(Symfony/Component/Console/Input/ArgvInput), Object(Symfony/Component/Console/Output/ConsoleOutput))
#34 D:/DS-TI/CRM-DIMSUM/opm-digemid/vendor/symfony/console/Application.php(195): Symfony/Component/Console/Application->doRun(Object(Symfony/Component/Console/Input/ArgvInput), Object(Symfony/Component/Console/Output/ConsoleOutput))
#35 D:/DS-TI/CRM-DIMSUM/opm-digemid/vendor/laravel/framework/src/Illuminate/Foundation/Console/Kernel.php(198): Symfony/Component/Console/Application->run(Object(Symfony/Component/Console/Input/ArgvInput), Object(Symfony/Component/Console/Output/ConsoleOutput))
#36 D:/DS-TI/CRM-DIMSUM/opm-digemid/vendor/laravel/framework/src/Illuminate/Foundation/Application.php(1235): Illuminate/Foundation/Console/Kernel->handle(Object(Symfony/Component/Console/Input/ArgvInput), Object(Symfony/Component/Console/Output/ConsoleOutput))
#37 D:/DS-TI/CRM-DIMSUM/opm-digemid/artisan(13): Illuminate/Foundation/Application->handleCommand(Object(Symfony/Component/Console/Input/ArgvInput))
#38 {main}
"} 
[2026-08-19 18:58:12] local.ERROR: No se pudo consultar Logística. Intenta nuevamente. {"exception":"[object] (RuntimeException(code: 0): No se pudo consultar Logística. Intenta nuevamente. at D:/DS-TI/CRM-DIMSUM/opm-digemid/app/Services/SalesGatewayClient.php:48)
[stacktrace]
#0 D:/DS-TI/CRM-DIMSUM/opm-digemid/app/Services/SalesGatewayClient.php(39): App/Services/SalesGatewayClient->get('/api/ventas/666...')
#1 D:/DS-TI/CRM-DIMSUM/opm-digemid/app/Jobs/ExtraerVentasJob.php(98): App/Services/SalesGatewayClient->saleDetail('666473')
#2 D:/DS-TI/CRM-DIMSUM/opm-digemid/app/Jobs/ExtraerVentasJob.php(65): App/Jobs/ExtraerVentasJob->procesarVenta(Object(App/Models/VentaExtraccion), Object(App/Services/SalesGatewayClient), Array)
#3 D:/DS-TI/CRM-DIMSUM/opm-digemid/app/Jobs/ExtraerVentasJob.php(36): App/Jobs/ExtraerVentasJob->procesar(Object(App/Models/VentaExtraccion), Object(App/Services/SalesGatewayClient))
#4 D:/DS-TI/CRM-DIMSUM/opm-digemid/vendor/laravel/framework/src/Illuminate/Container/BoundMethod.php(36): App/Jobs/ExtraerVentasJob->handle(Object(App/Services/SalesGatewayClient))
#5 D:/DS-TI/CRM-DIMSUM/opm-digemid/vendor/laravel/framework/src/Illuminate/Container/Util.php(43): Illuminate/Container/BoundMethod::Illuminate/Container/{closure}()
#6 D:/DS-TI/CRM-DIMSUM/opm-digemid/vendor/laravel/framework/src/Illuminate/Container/BoundMethod.php(95): Illuminate/Container/Util::unwrapIfClosure(Object(Closure))
#7 D:/DS-TI/CRM-DIMSUM/opm-digemid/vendor/laravel/framework/src/Illuminate/Container/BoundMethod.php(35): Illuminate/Container/BoundMethod::callBoundMethod(Object(Illuminate/Foundation/Application), Array, Object(Closure))
#8 D:/DS-TI/CRM-DIMSUM/opm-digemid/vendor/laravel/framework/src/Illuminate/Container/Container.php(696): Illuminate/Container/BoundMethod::call(Object(Illuminate/Foundation/Application), Array, Array, NULL)
#9 D:/DS-TI/CRM-DIMSUM/opm-digemid/vendor/laravel/framework/src/Illuminate/Bus/Dispatcher.php(126): Illuminate/Container/Container->call(Array)
#10 D:/DS-TI/CRM-DIMSUM/opm-digemid/vendor/laravel/framework/src/Illuminate/Pipeline/Pipeline.php(170): Illuminate/Bus/Dispatcher->Illuminate/Bus/{closure}(Object(App/Jobs/ExtraerVentasJob))
#11 D:/DS-TI/CRM-DIMSUM/opm-digemid/vendor/laravel/framework/src/Illuminate/Pipeline/Pipeline.php(127): Illuminate/Pipeline/Pipeline->Illuminate/Pipeline/{closure}(Object(App/Jobs/ExtraerVentasJob))
#12 D:/DS-TI/CRM-DIMSUM/opm-digemid/vendor/laravel/framework/src/Illuminate/Bus/Dispatcher.php(130): Illuminate/Pipeline/Pipeline->then(Object(Closure))
#13 D:/DS-TI/CRM-DIMSUM/opm-digemid/vendor/laravel/framework/src/Illuminate/Queue/CallQueuedHandler.php(126): Illuminate/Bus/Dispatcher->dispatchNow(Object(App/Jobs/ExtraerVentasJob), false)
#14 D:/DS-TI/CRM-DIMSUM/opm-digemid/vendor/laravel/framework/src/Illuminate/Pipeline/Pipeline.php(170): Illuminate/Queue/CallQueuedHandler->Illuminate/Queue/{closure}(Object(App/Jobs/ExtraerVentasJob))
#15 D:/DS-TI/CRM-DIMSUM/opm-digemid/vendor/laravel/framework/src/Illuminate/Pipeline/Pipeline.php(127): Illuminate/Pipeline/Pipeline->Illuminate/Pipeline/{closure}(Object(App/Jobs/ExtraerVentasJob))
#16 D:/DS-TI/CRM-DIMSUM/opm-digemid/vendor/laravel/framework/src/Illuminate/Queue/CallQueuedHandler.php(121): Illuminate/Pipeline/Pipeline->then(Object(Closure))
#17 D:/DS-TI/CRM-DIMSUM/opm-digemid/vendor/laravel/framework/src/Illuminate/Queue/CallQueuedHandler.php(69): Illuminate/Queue/CallQueuedHandler->dispatchThroughMiddleware(Object(Illuminate/Queue/Jobs/DatabaseJob), Object(App/Jobs/ExtraerVentasJob))
#18 D:/DS-TI/CRM-DIMSUM/opm-digemid/vendor/laravel/framework/src/Illuminate/Queue/Jobs/Job.php(102): Illuminate/Queue/CallQueuedHandler->call(Object(Illuminate/Queue/Jobs/DatabaseJob), Array)
#19 D:/DS-TI/CRM-DIMSUM/opm-digemid/vendor/laravel/framework/src/Illuminate/Queue/Worker.php(461): Illuminate/Queue/Jobs/Job->fire()
#20 D:/DS-TI/CRM-DIMSUM/opm-digemid/vendor/laravel/framework/src/Illuminate/Queue/Worker.php(411): Illuminate/Queue/Worker->process('database', Object(Illuminate/Queue/Jobs/DatabaseJob), Object(Illuminate/Queue/WorkerOptions))
#21 D:/DS-TI/CRM-DIMSUM/opm-digemid/vendor/laravel/framework/src/Illuminate/Queue/Worker.php(189): Illuminate/Queue/Worker->runJob(Object(Illuminate/Queue/Jobs/DatabaseJob), 'database', Object(Illuminate/Queue/WorkerOptions))
#22 D:/DS-TI/CRM-DIMSUM/opm-digemid/vendor/laravel/framework/src/Illuminate/Queue/Console/WorkCommand.php(150): Illuminate/Queue/Worker->daemon('database', 'default', Object(Illuminate/Queue/WorkerOptions))
#23 D:/DS-TI/CRM-DIMSUM/opm-digemid/vendor/laravel/framework/src/Illuminate/Queue/Console/WorkCommand.php(133): Illuminate/Queue/Console/WorkCommand->runWorker('database', 'default')
#24 D:/DS-TI/CRM-DIMSUM/opm-digemid/vendor/laravel/framework/src/Illuminate/Container/BoundMethod.php(36): Illuminate/Queue/Console/WorkCommand->handle()
#25 D:/DS-TI/CRM-DIMSUM/opm-digemid/vendor/laravel/framework/src/Illuminate/Container/Util.php(43): Illuminate/Container/BoundMethod::Illuminate/Container/{closure}()
#26 D:/DS-TI/CRM-DIMSUM/opm-digemid/vendor/laravel/framework/src/Illuminate/Container/BoundMethod.php(95): Illuminate/Container/Util::unwrapIfClosure(Object(Closure))
#27 D:/DS-TI/CRM-DIMSUM/opm-digemid/vendor/laravel/framework/src/Illuminate/Container/BoundMethod.php(35): Illuminate/Container/BoundMethod::callBoundMethod(Object(Illuminate/Foundation/Application), Array, Object(Closure))
#28 D:/DS-TI/CRM-DIMSUM/opm-digemid/vendor/laravel/framework/src/Illuminate/Container/Container.php(696): Illuminate/Container/BoundMethod::call(Object(Illuminate/Foundation/Application), Array, Array, NULL)
#29 D:/DS-TI/CRM-DIMSUM/opm-digemid/vendor/laravel/framework/src/Illuminate/Console/Command.php(213): Illuminate/Container/Container->call(Array)
#30 D:/DS-TI/CRM-DIMSUM/opm-digemid/vendor/symfony/console/Command/Command.php(341): Illuminate/Console/Command->execute(Object(Symfony/Component/Console/Input/ArgvInput), Object(Illuminate/Console/OutputStyle))
#31 D:/DS-TI/CRM-DIMSUM/opm-digemid/vendor/laravel/framework/src/Illuminate/Console/Command.php(182): Symfony/Component/Console/Command/Command->run(Object(Symfony/Component/Console/Input/ArgvInput), Object(Illuminate/Console/OutputStyle))
#32 D:/DS-TI/CRM-DIMSUM/opm-digemid/vendor/symfony/console/Application.php(1117): Illuminate/Console/Command->run(Object(Symfony/Component/Console/Input/ArgvInput), Object(Symfony/Component/Console/Output/ConsoleOutput))
#33 D:/DS-TI/CRM-DIMSUM/opm-digemid/vendor/symfony/console/Application.php(356): Symfony/Component/Console/Application->doRunCommand(Object(Illuminate/Queue/Console/WorkCommand), Object(Symfony/Component/Console/Input/ArgvInput), Object(Symfony/Component/Console/Output/ConsoleOutput))
#34 D:/DS-TI/CRM-DIMSUM/opm-digemid/vendor/symfony/console/Application.php(195): Symfony/Component/Console/Application->doRun(Object(Symfony/Component/Console/Input/ArgvInput), Object(Symfony/Component/Console/Output/ConsoleOutput))
#35 D:/DS-TI/CRM-DIMSUM/opm-digemid/vendor/laravel/framework/src/Illuminate/Foundation/Console/Kernel.php(198): Symfony/Component/Console/Application->run(Object(Symfony/Component/Console/Input/ArgvInput), Object(Symfony/Component/Console/Output/ConsoleOutput))
#36 D:/DS-TI/CRM-DIMSUM/opm-digemid/vendor/laravel/framework/src/Illuminate/Foundation/Application.php(1235): Illuminate/Foundation/Console/Kernel->handle(Object(Symfony/Component/Console/Input/ArgvInput), Object(Symfony/Component/Console/Output/ConsoleOutput))
#37 D:/DS-TI/CRM-DIMSUM/opm-digemid/artisan(13): Illuminate/Foundation/Application->handleCommand(Object(Symfony/Component/Console/Input/ArgvInput))
#38 {main}
"} 
[2026-08-19 18:58:13] local.ERROR: No se pudo consultar Logística. Intenta nuevamente. {"exception":"[object] (RuntimeException(code: 0): No se pudo consultar Logística. Intenta nuevamente. at D:/DS-TI/CRM-DIMSUM/opm-digemid/app/Services/SalesGatewayClient.php:48)
[stacktrace]
#0 D:/DS-TI/CRM-DIMSUM/opm-digemid/app/Services/SalesGatewayClient.php(39): App/Services/SalesGatewayClient->get('/api/ventas/666...')
#1 D:/DS-TI/CRM-DIMSUM/opm-digemid/app/Jobs/ExtraerVentasJob.php(98): App/Services/SalesGatewayClient->saleDetail('666472')
#2 D:/DS-TI/CRM-DIMSUM/opm-digemid/app/Jobs/ExtraerVentasJob.php(65): App/Jobs/ExtraerVentasJob->procesarVenta(Object(App/Models/VentaExtraccion), Object(App/Services/SalesGatewayClient), Array)
#3 D:/DS-TI/CRM-DIMSUM/opm-digemid/app/Jobs/ExtraerVentasJob.php(36): App/Jobs/ExtraerVentasJob->procesar(Object(App/Models/VentaExtraccion), Object(App/Services/SalesGatewayClient))
#4 D:/DS-TI/CRM-DIMSUM/opm-digemid/vendor/laravel/framework/src/Illuminate/Container/BoundMethod.php(36): App/Jobs/ExtraerVentasJob->handle(Object(App/Services/SalesGatewayClient))
#5 D:/DS-TI/CRM-DIMSUM/opm-digemid/vendor/laravel/framework/src/Illuminate/Container/Util.php(43): Illuminate/Container/BoundMethod::Illuminate/Container/{closure}()
#6 D:/DS-TI/CRM-DIMSUM/opm-digemid/vendor/laravel/framework/src/Illuminate/Container/BoundMethod.php(95): Illuminate/Container/Util::unwrapIfClosure(Object(Closure))
#7 D:/DS-TI/CRM-DIMSUM/opm-digemid/vendor/laravel/framework/src/Illuminate/Container/BoundMethod.php(35): Illuminate/Container/BoundMethod::callBoundMethod(Object(Illuminate/Foundation/Application), Array, Object(Closure))
#8 D:/DS-TI/CRM-DIMSUM/opm-digemid/vendor/laravel/framework/src/Illuminate/Container/Container.php(696): Illuminate/Container/BoundMethod::call(Object(Illuminate/Foundation/Application), Array, Array, NULL)
#9 D:/DS-TI/CRM-DIMSUM/opm-digemid/vendor/laravel/framework/src/Illuminate/Bus/Dispatcher.php(126): Illuminate/Container/Container->call(Array)
#10 D:/DS-TI/CRM-DIMSUM/opm-digemid/vendor/laravel/framework/src/Illuminate/Pipeline/Pipeline.php(170): Illuminate/Bus/Dispatcher->Illuminate/Bus/{closure}(Object(App/Jobs/ExtraerVentasJob))
#11 D:/DS-TI/CRM-DIMSUM/opm-digemid/vendor/laravel/framework/src/Illuminate/Pipeline/Pipeline.php(127): Illuminate/Pipeline/Pipeline->Illuminate/Pipeline/{closure}(Object(App/Jobs/ExtraerVentasJob))
#12 D:/DS-TI/CRM-DIMSUM/opm-digemid/vendor/laravel/framework/src/Illuminate/Bus/Dispatcher.php(130): Illuminate/Pipeline/Pipeline->then(Object(Closure))
#13 D:/DS-TI/CRM-DIMSUM/opm-digemid/vendor/laravel/framework/src/Illuminate/Queue/CallQueuedHandler.php(126): Illuminate/Bus/Dispatcher->dispatchNow(Object(App/Jobs/ExtraerVentasJob), false)
#14 D:/DS-TI/CRM-DIMSUM/opm-digemid/vendor/laravel/framework/src/Illuminate/Pipeline/Pipeline.php(170): Illuminate/Queue/CallQueuedHandler->Illuminate/Queue/{closure}(Object(App/Jobs/ExtraerVentasJob))
#15 D:/DS-TI/CRM-DIMSUM/opm-digemid/vendor/laravel/framework/src/Illuminate/Pipeline/Pipeline.php(127): Illuminate/Pipeline/Pipeline->Illuminate/Pipeline/{closure}(Object(App/Jobs/ExtraerVentasJob))
#16 D:/DS-TI/CRM-DIMSUM/opm-digemid/vendor/laravel/framework/src/Illuminate/Queue/CallQueuedHandler.php(121): Illuminate/Pipeline/Pipeline->then(Object(Closure))
#17 D:/DS-TI/CRM-DIMSUM/opm-digemid/vendor/laravel/framework/src/Illuminate/Queue/CallQueuedHandler.php(69): Illuminate/Queue/CallQueuedHandler->dispatchThroughMiddleware(Object(Illuminate/Queue/Jobs/DatabaseJob), Object(App/Jobs/ExtraerVentasJob))
#18 D:/DS-TI/CRM-DIMSUM/opm-digemid/vendor/laravel/framework/src/Illuminate/Queue/Jobs/Job.php(102): Illuminate/Queue/CallQueuedHandler->call(Object(Illuminate/Queue/Jobs/DatabaseJob), Array)
#19 D:/DS-TI/CRM-DIMSUM/opm-digemid/vendor/laravel/framework/src/Illuminate/Queue/Worker.php(461): Illuminate/Queue/Jobs/Job->fire()
#20 D:/DS-TI/CRM-DIMSUM/opm-digemid/vendor/laravel/framework/src/Illuminate/Queue/Worker.php(411): Illuminate/Queue/Worker->process('database', Object(Illuminate/Queue/Jobs/DatabaseJob), Object(Illuminate/Queue/WorkerOptions))
#21 D:/DS-TI/CRM-DIMSUM/opm-digemid/vendor/laravel/framework/src/Illuminate/Queue/Worker.php(189): Illuminate/Queue/Worker->runJob(Object(Illuminate/Queue/Jobs/DatabaseJob), 'database', Object(Illuminate/Queue/WorkerOptions))
#22 D:/DS-TI/CRM-DIMSUM/opm-digemid/vendor/laravel/framework/src/Illuminate/Queue/Console/WorkCommand.php(150): Illuminate/Queue/Worker->daemon('database', 'default', Object(Illuminate/Queue/WorkerOptions))
#23 D:/DS-TI/CRM-DIMSUM/opm-digemid/vendor/laravel/framework/src/Illuminate/Queue/Console/WorkCommand.php(133): Illuminate/Queue/Console/WorkCommand->runWorker('database', 'default')
#24 D:/DS-TI/CRM-DIMSUM/opm-digemid/vendor/laravel/framework/src/Illuminate/Container/BoundMethod.php(36): Illuminate/Queue/Console/WorkCommand->handle()
#25 D:/DS-TI/CRM-DIMSUM/opm-digemid/vendor/laravel/framework/src/Illuminate/Container/Util.php(43): Illuminate/Container/BoundMethod::Illuminate/Container/{closure}()
#26 D:/DS-TI/CRM-DIMSUM/opm-digemid/vendor/laravel/framework/src/Illuminate/Container/BoundMethod.php(95): Illuminate/Container/Util::unwrapIfClosure(Object(Closure))
#27 D:/DS-TI/CRM-DIMSUM/opm-digemid/vendor/laravel/framework/src/Illuminate/Container/BoundMethod.php(35): Illuminate/Container/BoundMethod::callBoundMethod(Object(Illuminate/Foundation/Application), Array, Object(Closure))
#28 D:/DS-TI/CRM-DIMSUM/opm-digemid/vendor/laravel/framework/src/Illuminate/Container/Container.php(696): Illuminate/Container/BoundMethod::call(Object(Illuminate/Foundation/Application), Array, Array, NULL)
#29 D:/DS-TI/CRM-DIMSUM/opm-digemid/vendor/laravel/framework/src/Illuminate/Console/Command.php(213): Illuminate/Container/Container->call(Array)
#30 D:/DS-TI/CRM-DIMSUM/opm-digemid/vendor/symfony/console/Command/Command.php(341): Illuminate/Console/Command->execute(Object(Symfony/Component/Console/Input/ArgvInput), Object(Illuminate/Console/OutputStyle))
#31 D:/DS-TI/CRM-DIMSUM/opm-digemid/vendor/laravel/framework/src/Illuminate/Console/Command.php(182): Symfony/Component/Console/Command/Command->run(Object(Symfony/Component/Console/Input/ArgvInput), Object(Illuminate/Console/OutputStyle))
#32 D:/DS-TI/CRM-DIMSUM/opm-digemid/vendor/symfony/console/Application.php(1117): Illuminate/Console/Command->run(Object(Symfony/Component/Console/Input/ArgvInput), Object(Symfony/Component/Console/Output/ConsoleOutput))
#33 D:/DS-TI/CRM-DIMSUM/opm-digemid/vendor/symfony/console/Application.php(356): Symfony/Component/Console/Application->doRunCommand(Object(Illuminate/Queue/Console/WorkCommand), Object(Symfony/Component/Console/Input/ArgvInput), Object(Symfony/Component/Console/Output/ConsoleOutput))
#34 D:/DS-TI/CRM-DIMSUM/opm-digemid/vendor/symfony/console/Application.php(195): Symfony/Component/Console/Application->doRun(Object(Symfony/Component/Console/Input/ArgvInput), Object(Symfony/Component/Console/Output/ConsoleOutput))
#35 D:/DS-TI/CRM-DIMSUM/opm-digemid/vendor/laravel/framework/src/Illuminate/Foundation/Console/Kernel.php(198): Symfony/Component/Console/Application->run(Object(Symfony/Component/Console/Input/ArgvInput), Object(Symfony/Component/Console/Output/ConsoleOutput))
#36 D:/DS-TI/CRM-DIMSUM/opm-digemid/vendor/laravel/framework/src/Illuminate/Foundation/Application.php(1235): Illuminate/Foundation/Console/Kernel->handle(Object(Symfony/Component/Console/Input/ArgvInput), Object(Symfony/Component/Console/Output/ConsoleOutput))
#37 D:/DS-TI/CRM-DIMSUM/opm-digemid/artisan(13): Illuminate/Foundation/Application->handleCommand(Object(Symfony/Component/Console/Input/ArgvInput))
#38 {main}
"} 
[2026-08-19 18:58:13] local.ERROR: No se pudo consultar Logística. Intenta nuevamente. {"exception":"[object] (RuntimeException(code: 0): No se pudo consultar Logística. Intenta nuevamente. at D:/DS-TI/CRM-DIMSUM/opm-digemid/app/Services/SalesGatewayClient.php:48)
[stacktrace]
#0 D:/DS-TI/CRM-DIMSUM/opm-digemid/app/Services/SalesGatewayClient.php(39): App/Services/SalesGatewayClient->get('/api/ventas/666...')
#1 D:/DS-TI/CRM-DIMSUM/opm-digemid/app/Jobs/ExtraerVentasJob.php(98): App/Services/SalesGatewayClient->saleDetail('666471')
#2 D:/DS-TI/CRM-DIMSUM/opm-digemid/app/Jobs/ExtraerVentasJob.php(65): App/Jobs/ExtraerVentasJob->procesarVenta(Object(App/Models/VentaExtraccion), Object(App/Services/SalesGatewayClient), Array)
#3 D:/DS-TI/CRM-DIMSUM/opm-digemid/app/Jobs/ExtraerVentasJob.php(36): App/Jobs/ExtraerVentasJob->procesar(Object(App/Models/VentaExtraccion), Object(App/Services/SalesGatewayClient))
#4 D:/DS-TI/CRM-DIMSUM/opm-digemid/vendor/laravel/framework/src/Illuminate/Container/BoundMethod.php(36): App/Jobs/ExtraerVentasJob->handle(Object(App/Services/SalesGatewayClient))
#5 D:/DS-TI/CRM-DIMSUM/opm-digemid/vendor/laravel/framework/src/Illuminate/Container/Util.php(43): Illuminate/Container/BoundMethod::Illuminate/Container/{closure}()
#6 D:/DS-TI/CRM-DIMSUM/opm-digemid/vendor/laravel/framework/src/Illuminate/Container/BoundMethod.php(95): Illuminate/Container/Util::unwrapIfClosure(Object(Closure))
#7 D:/DS-TI/CRM-DIMSUM/opm-digemid/vendor/laravel/framework/src/Illuminate/Container/BoundMethod.php(35): Illuminate/Container/BoundMethod::callBoundMethod(Object(Illuminate/Foundation/Application), Array, Object(Closure))
#8 D:/DS-TI/CRM-DIMSUM/opm-digemid/vendor/laravel/framework/src/Illuminate/Container/Container.php(696): Illuminate/Container/BoundMethod::call(Object(Illuminate/Foundation/Application), Array, Array, NULL)
#9 D:/DS-TI/CRM-DIMSUM/opm-digemid/vendor/laravel/framework/src/Illuminate/Bus/Dispatcher.php(126): Illuminate/Container/Container->call(Array)
#10 D:/DS-TI/CRM-DIMSUM/opm-digemid/vendor/laravel/framework/src/Illuminate/Pipeline/Pipeline.php(170): Illuminate/Bus/Dispatcher->Illuminate/Bus/{closure}(Object(App/Jobs/ExtraerVentasJob))
#11 D:/DS-TI/CRM-DIMSUM/opm-digemid/vendor/laravel/framework/src/Illuminate/Pipeline/Pipeline.php(127): Illuminate/Pipeline/Pipeline->Illuminate/Pipeline/{closure}(Object(App/Jobs/ExtraerVentasJob))
#12 D:/DS-TI/CRM-DIMSUM/opm-digemid/vendor/laravel/framework/src/Illuminate/Bus/Dispatcher.php(130): Illuminate/Pipeline/Pipeline->then(Object(Closure))
#13 D:/DS-TI/CRM-DIMSUM/opm-digemid/vendor/laravel/framework/src/Illuminate/Queue/CallQueuedHandler.php(126): Illuminate/Bus/Dispatcher->dispatchNow(Object(App/Jobs/ExtraerVentasJob), false)
#14 D:/DS-TI/CRM-DIMSUM/opm-digemid/vendor/laravel/framework/src/Illuminate/Pipeline/Pipeline.php(170): Illuminate/Queue/CallQueuedHandler->Illuminate/Queue/{closure}(Object(App/Jobs/ExtraerVentasJob))
#15 D:/DS-TI/CRM-DIMSUM/opm-digemid/vendor/laravel/framework/src/Illuminate/Pipeline/Pipeline.php(127): Illuminate/Pipeline/Pipeline->Illuminate/Pipeline/{closure}(Object(App/Jobs/ExtraerVentasJob))
#16 D:/DS-TI/CRM-DIMSUM/opm-digemid/vendor/laravel/framework/src/Illuminate/Queue/CallQueuedHandler.php(121): Illuminate/Pipeline/Pipeline->then(Object(Closure))
#17 D:/DS-TI/CRM-DIMSUM/opm-digemid/vendor/laravel/framework/src/Illuminate/Queue/CallQueuedHandler.php(69): Illuminate/Queue/CallQueuedHandler->dispatchThroughMiddleware(Object(Illuminate/Queue/Jobs/DatabaseJob), Object(App/Jobs/ExtraerVentasJob))
#18 D:/DS-TI/CRM-DIMSUM/opm-digemid/vendor/laravel/framework/src/Illuminate/Queue/Jobs/Job.php(102): Illuminate/Queue/CallQueuedHandler->call(Object(Illuminate/Queue/Jobs/DatabaseJob), Array)
#19 D:/DS-TI/CRM-DIMSUM/opm-digemid/vendor/laravel/framework/src/Illuminate/Queue/Worker.php(461): Illuminate/Queue/Jobs/Job->fire()
#20 D:/DS-TI/CRM-DIMSUM/opm-digemid/vendor/laravel/framework/src/Illuminate/Queue/Worker.php(411): Illuminate/Queue/Worker->process('database', Object(Illuminate/Queue/Jobs/DatabaseJob), Object(Illuminate/Queue/WorkerOptions))
#21 D:/DS-TI/CRM-DIMSUM/opm-digemid/vendor/laravel/framework/src/Illuminate/Queue/Worker.php(189): Illuminate/Queue/Worker->runJob(Object(Illuminate/Queue/Jobs/DatabaseJob), 'database', Object(Illuminate/Queue/WorkerOptions))
#22 D:/DS-TI/CRM-DIMSUM/opm-digemid/vendor/laravel/framework/src/Illuminate/Queue/Console/WorkCommand.php(150): Illuminate/Queue/Worker->daemon('database', 'default', Object(Illuminate/Queue/WorkerOptions))
#23 D:/DS-TI/CRM-DIMSUM/opm-digemid/vendor/laravel/framework/src/Illuminate/Queue/Console/WorkCommand.php(133): Illuminate/Queue/Console/WorkCommand->runWorker('database', 'default')
#24 D:/DS-TI/CRM-DIMSUM/opm-digemid/vendor/laravel/framework/src/Illuminate/Container/BoundMethod.php(36): Illuminate/Queue/Console/WorkCommand->handle()
#25 D:/DS-TI/CRM-DIMSUM/opm-digemid/vendor/laravel/framework/src/Illuminate/Container/Util.php(43): Illuminate/Container/BoundMethod::Illuminate/Container/{closure}()
#26 D:/DS-TI/CRM-DIMSUM/opm-digemid/vendor/laravel/framework/src/Illuminate/Container/BoundMethod.php(95): Illuminate/Container/Util::unwrapIfClosure(Object(Closure))
#27 D:/DS-TI/CRM-DIMSUM/opm-digemid/vendor/laravel/framework/src/Illuminate/Container/BoundMethod.php(35): Illuminate/Container/BoundMethod::callBoundMethod(Object(Illuminate/Foundation/Application), Array, Object(Closure))
#28 D:/DS-TI/CRM-DIMSUM/opm-digemid/vendor/laravel/framework/src/Illuminate/Container/Container.php(696): Illuminate/Container/BoundMethod::call(Object(Illuminate/Foundation/Application), Array, Array, NULL)
#29 D:/DS-TI/CRM-DIMSUM/opm-digemid/vendor/laravel/framework/src/Illuminate/Console/Command.php(213): Illuminate/Container/Container->call(Array)
#30 D:/DS-TI/CRM-DIMSUM/opm-digemid/vendor/symfony/console/Command/Command.php(341): Illuminate/Console/Command->execute(Object(Symfony/Component/Console/Input/ArgvInput), Object(Illuminate/Console/OutputStyle))
#31 D:/DS-TI/CRM-DIMSUM/opm-digemid/vendor/laravel/framework/src/Illuminate/Console/Command.php(182): Symfony/Component/Console/Command/Command->run(Object(Symfony/Component/Console/Input/ArgvInput), Object(Illuminate/Console/OutputStyle))
#32 D:/DS-TI/CRM-DIMSUM/opm-digemid/vendor/symfony/console/Application.php(1117): Illuminate/Console/Command->run(Object(Symfony/Component/Console/Input/ArgvInput), Object(Symfony/Component/Console/Output/ConsoleOutput))
#33 D:/DS-TI/CRM-DIMSUM/opm-digemid/vendor/symfony/console/Application.php(356): Symfony/Component/Console/Application->doRunCommand(Object(Illuminate/Queue/Console/WorkCommand), Object(Symfony/Component/Console/Input/ArgvInput), Object(Symfony/Component/Console/Output/ConsoleOutput))
#34 D:/DS-TI/CRM-DIMSUM/opm-digemid/vendor/symfony/console/Application.php(195): Symfony/Component/Console/Application->doRun(Object(Symfony/Component/Console/Input/ArgvInput), Object(Symfony/Component/Console/Output/ConsoleOutput))
#35 D:/DS-TI/CRM-DIMSUM/opm-digemid/vendor/laravel/framework/src/Illuminate/Foundation/Console/Kernel.php(198): Symfony/Component/Console/Application->run(Object(Symfony/Component/Console/Input/ArgvInput), Object(Symfony/Component/Console/Output/ConsoleOutput))
#36 D:/DS-TI/CRM-DIMSUM/opm-digemid/vendor/laravel/framework/src/Illuminate/Foundation/Application.php(1235): Illuminate/Foundation/Console/Kernel->handle(Object(Symfony/Component/Console/Input/ArgvInput), Object(Symfony/Component/Console/Output/ConsoleOutput))
#37 D:/DS-TI/CRM-DIMSUM/opm-digemid/artisan(13): Illuminate/Foundation/Application->handleCommand(Object(Symfony/Component/Console/Input/ArgvInput))
#38 {main}
"} 
[2026-08-19 23:26:53] local.ERROR: cURL error 28: Operation timed out after 16126868 milliseconds with 0 bytes received (see https://curl.se/libcurl/c/libcurl-errors.html) for http://127.0.0.1:3000/ventas/api/ventas/666470 {"exception":"[object] (Illuminate\\Http\\Client\\ConnectionException(code: 0): cURL error 28: Operation timed out after 16126868 milliseconds with 0 bytes received (see https://curl.se/libcurl/c/libcurl-errors.html) for http://127.0.0.1:3000/ventas/api/ventas/666470 at D:/DS-TI/CRM-DIMSUM/opm-digemid/vendor/laravel/framework/src/Illuminate/Http/Client/PendingRequest.php:941)
[stacktrace]
#0 D:/DS-TI/CRM-DIMSUM/opm-digemid/vendor/laravel/framework/src/Illuminate/Support/helpers.php(338): Illuminate/Http/Client/PendingRequest->Illuminate/Http/Client/{closure}(1)
#1 D:/DS-TI/CRM-DIMSUM/opm-digemid/vendor/laravel/framework/src/Illuminate/Http/Client/PendingRequest.php(905): retry(0, Object(Closure), 100, Object(Closure))
#2 D:/DS-TI/CRM-DIMSUM/opm-digemid/vendor/laravel/framework/src/Illuminate/Http/Client/PendingRequest.php(772): Illuminate/Http/Client/PendingRequest->send('GET', 'http://127.0.0....', Array)
#3 D:/DS-TI/CRM-DIMSUM/opm-digemid/app/Services/SalesGatewayClient.php(44): Illuminate/Http/Client/PendingRequest->get('/api/ventas/666...', Array)
#4 D:/DS-TI/CRM-DIMSUM/opm-digemid/app/Services/SalesGatewayClient.php(39): App/Services/SalesGatewayClient->get('/api/ventas/666...')
#5 D:/DS-TI/CRM-DIMSUM/opm-digemid/app/Jobs/ExtraerVentasJob.php(98): App/Services/SalesGatewayClient->saleDetail('666470')
#6 D:/DS-TI/CRM-DIMSUM/opm-digemid/app/Jobs/ExtraerVentasJob.php(65): App/Jobs/ExtraerVentasJob->procesarVenta(Object(App/Models/VentaExtraccion), Object(App/Services/SalesGatewayClient), Array)
#7 D:/DS-TI/CRM-DIMSUM/opm-digemid/app/Jobs/ExtraerVentasJob.php(36): App/Jobs/ExtraerVentasJob->procesar(Object(App/Models/VentaExtraccion), Object(App/Services/SalesGatewayClient))
#8 D:/DS-TI/CRM-DIMSUM/opm-digemid/vendor/laravel/framework/src/Illuminate/Container/BoundMethod.php(36): App/Jobs/ExtraerVentasJob->handle(Object(App/Services/SalesGatewayClient))
#9 D:/DS-TI/CRM-DIMSUM/opm-digemid/vendor/laravel/framework/src/Illuminate/Container/Util.php(43): Illuminate/Container/BoundMethod::Illuminate/Container/{closure}()
#10 D:/DS-TI/CRM-DIMSUM/opm-digemid/vendor/laravel/framework/src/Illuminate/Container/BoundMethod.php(95): Illuminate/Container/Util::unwrapIfClosure(Object(Closure))
#11 D:/DS-TI/CRM-DIMSUM/opm-digemid/vendor/laravel/framework/src/Illuminate/Container/BoundMethod.php(35): Illuminate/Container/BoundMethod::callBoundMethod(Object(Illuminate/Foundation/Application), Array, Object(Closure))
#12 D:/DS-TI/CRM-DIMSUM/opm-digemid/vendor/laravel/framework/src/Illuminate/Container/Container.php(696): Illuminate/Container/BoundMethod::call(Object(Illuminate/Foundation/Application), Array, Array, NULL)
#13 D:/DS-TI/CRM-DIMSUM/opm-digemid/vendor/laravel/framework/src/Illuminate/Bus/Dispatcher.php(126): Illuminate/Container/Container->call(Array)
#14 D:/DS-TI/CRM-DIMSUM/opm-digemid/vendor/laravel/framework/src/Illuminate/Pipeline/Pipeline.php(170): Illuminate/Bus/Dispatcher->Illuminate/Bus/{closure}(Object(App/Jobs/ExtraerVentasJob))
#15 D:/DS-TI/CRM-DIMSUM/opm-digemid/vendor/laravel/framework/src/Illuminate/Pipeline/Pipeline.php(127): Illuminate/Pipeline/Pipeline->Illuminate/Pipeline/{closure}(Object(App/Jobs/ExtraerVentasJob))
#16 D:/DS-TI/CRM-DIMSUM/opm-digemid/vendor/laravel/framework/src/Illuminate/Bus/Dispatcher.php(130): Illuminate/Pipeline/Pipeline->then(Object(Closure))
#17 D:/DS-TI/CRM-DIMSUM/opm-digemid/vendor/laravel/framework/src/Illuminate/Queue/CallQueuedHandler.php(126): Illuminate/Bus/Dispatcher->dispatchNow(Object(App/Jobs/ExtraerVentasJob), false)
#18 D:/DS-TI/CRM-DIMSUM/opm-digemid/vendor/laravel/framework/src/Illuminate/Pipeline/Pipeline.php(170): Illuminate/Queue/CallQueuedHandler->Illuminate/Queue/{closure}(Object(App/Jobs/ExtraerVentasJob))
#19 D:/DS-TI/CRM-DIMSUM/opm-digemid/vendor/laravel/framework/src/Illuminate/Pipeline/Pipeline.php(127): Illuminate/Pipeline/Pipeline->Illuminate/Pipeline/{closure}(Object(App/Jobs/ExtraerVentasJob))
#20 D:/DS-TI/CRM-DIMSUM/opm-digemid/vendor/laravel/framework/src/Illuminate/Queue/CallQueuedHandler.php(121): Illuminate/Pipeline/Pipeline->then(Object(Closure))
#21 D:/DS-TI/CRM-DIMSUM/opm-digemid/vendor/laravel/framework/src/Illuminate/Queue/CallQueuedHandler.php(69): Illuminate/Queue/CallQueuedHandler->dispatchThroughMiddleware(Object(Illuminate/Queue/Jobs/DatabaseJob), Object(App/Jobs/ExtraerVentasJob))
#22 D:/DS-TI/CRM-DIMSUM/opm-digemid/vendor/laravel/framework/src/Illuminate/Queue/Jobs/Job.php(102): Illuminate/Queue/CallQueuedHandler->call(Object(Illuminate/Queue/Jobs/DatabaseJob), Array)
#23 D:/DS-TI/CRM-DIMSUM/opm-digemid/vendor/laravel/framework/src/Illuminate/Queue/Worker.php(461): Illuminate/Queue/Jobs/Job->fire()
#24 D:/DS-TI/CRM-DIMSUM/opm-digemid/vendor/laravel/framework/src/Illuminate/Queue/Worker.php(411): Illuminate/Queue/Worker->process('database', Object(Illuminate/Queue/Jobs/DatabaseJob), Object(Illuminate/Queue/WorkerOptions))
#25 D:/DS-TI/CRM-DIMSUM/opm-digemid/vendor/laravel/framework/src/Illuminate/Queue/Worker.php(189): Illuminate/Queue/Worker->runJob(Object(Illuminate/Queue/Jobs/DatabaseJob), 'database', Object(Illuminate/Queue/WorkerOptions))
#26 D:/DS-TI/CRM-DIMSUM/opm-digemid/vendor/laravel/framework/src/Illuminate/Queue/Console/WorkCommand.php(150): Illuminate/Queue/Worker->daemon('database', 'default', Object(Illuminate/Queue/WorkerOptions))
#27 D:/DS-TI/CRM-DIMSUM/opm-digemid/vendor/laravel/framework/src/Illuminate/Queue/Console/WorkCommand.php(133): Illuminate/Queue/Console/WorkCommand->runWorker('database', 'default')
#28 D:/DS-TI/CRM-DIMSUM/opm-digemid/vendor/laravel/framework/src/Illuminate/Container/BoundMethod.php(36): Illuminate/Queue/Console/WorkCommand->handle()
#29 D:/DS-TI/CRM-DIMSUM/opm-digemid/vendor/laravel/framework/src/Illuminate/Container/Util.php(43): Illuminate/Container/BoundMethod::Illuminate/Container/{closure}()
#30 D:/DS-TI/CRM-DIMSUM/opm-digemid/vendor/laravel/framework/src/Illuminate/Container/BoundMethod.php(95): Illuminate/Container/Util::unwrapIfClosure(Object(Closure))
#31 D:/DS-TI/CRM-DIMSUM/opm-digemid/vendor/laravel/framework/src/Illuminate/Container/BoundMethod.php(35): Illuminate/Container/BoundMethod::callBoundMethod(Object(Illuminate/Foundation/Application), Array, Object(Closure))
#32 D:/DS-TI/CRM-DIMSUM/opm-digemid/vendor/laravel/framework/src/Illuminate/Container/Container.php(696): Illuminate/Container/BoundMethod::call(Object(Illuminate/Foundation/Application), Array, Array, NULL)
#33 D:/DS-TI/CRM-DIMSUM/opm-digemid/vendor/laravel/framework/src/Illuminate/Console/Command.php(213): Illuminate/Container/Container->call(Array)
#34 D:/DS-TI/CRM-DIMSUM/opm-digemid/vendor/symfony/console/Command/Command.php(341): Illuminate/Console/Command->execute(Object(Symfony/Component/Console/Input/ArgvInput), Object(Illuminate/Console/OutputStyle))
#35 D:/DS-TI/CRM-DIMSUM/opm-digemid/vendor/laravel/framework/src/Illuminate/Console/Command.php(182): Symfony/Component/Console/Command/Command->run(Object(Symfony/Component/Console/Input/ArgvInput), Object(Illuminate/Console/OutputStyle))
#36 D:/DS-TI/CRM-DIMSUM/opm-digemid/vendor/symfony/console/Application.php(1117): Illuminate/Console/Command->run(Object(Symfony/Component/Console/Input/ArgvInput), Object(Symfony/Component/Console/Output/ConsoleOutput))
#37 D:/DS-TI/CRM-DIMSUM/opm-digemid/vendor/symfony/console/Application.php(356): Symfony/Component/Console/Application->doRunCommand(Object(Illuminate/Queue/Console/WorkCommand), Object(Symfony/Component/Console/Input/ArgvInput), Object(Symfony/Component/Console/Output/ConsoleOutput))
#38 D:/DS-TI/CRM-DIMSUM/opm-digemid/vendor/symfony/console/Application.php(195): Symfony/Component/Console/Application->doRun(Object(Symfony/Component/Console/Input/ArgvInput), Object(Symfony/Component/Console/Output/ConsoleOutput))
#39 D:/DS-TI/CRM-DIMSUM/opm-digemid/vendor/laravel/framework/src/Illuminate/Foundation/Console/Kernel.php(198): Symfony/Component/Console/Application->run(Object(Symfony/Component/Console/Input/ArgvInput), Object(Symfony/Component/Console/Output/ConsoleOutput))
#40 D:/DS-TI/CRM-DIMSUM/opm-digemid/vendor/laravel/framework/src/Illuminate/Foundation/Application.php(1235): Illuminate/Foundation/Console/Kernel->handle(Object(Symfony/Component/Console/Input/ArgvInput), Object(Symfony/Component/Console/Output/ConsoleOutput))
#41 D:/DS-TI/CRM-DIMSUM/opm-digemid/artisan(13): Illuminate/Foundation/Application->handleCommand(Object(Symfony/Component/Console/Input/ArgvInput))
#42 {main}

[previous exception] [object] (GuzzleHttp\\Exception\\ConnectException(code: 0): cURL error 28: Operation timed out after 16126868 milliseconds with 0 bytes received (see https://curl.se/libcurl/c/libcurl-errors.html) for http://127.0.0.1:3000/ventas/api/ventas/666470 at D:/DS-TI/CRM-DIMSUM/opm-digemid/vendor/guzzlehttp/guzzle/src/Handler/CurlFactory.php:1140)
[stacktrace]
#0 D:/DS-TI/CRM-DIMSUM/opm-digemid/vendor/guzzlehttp/guzzle/src/Handler/CurlFactory.php(1077): GuzzleHttp/Handler/CurlFactory::createRejection(Object(GuzzleHttp/Handler/EasyHandle), Array)
#1 D:/DS-TI/CRM-DIMSUM/opm-digemid/vendor/guzzlehttp/guzzle/src/Handler/CurlFactory.php(1014): GuzzleHttp/Handler/CurlFactory::finishError(Object(GuzzleHttp/Handler/CurlHandler), Object(GuzzleHttp/Handler/EasyHandle), Object(GuzzleHttp/Handler/CurlFactory))
#2 D:/DS-TI/CRM-DIMSUM/opm-digemid/vendor/guzzlehttp/guzzle/src/Handler/CurlHandler.php(86): GuzzleHttp/Handler/CurlFactory::finish(Object(GuzzleHttp/Handler/CurlHandler), Object(GuzzleHttp/Handler/EasyHandle), Object(GuzzleHttp/Handler/CurlFactory))
#3 D:/DS-TI/CRM-DIMSUM/opm-digemid/vendor/guzzlehttp/guzzle/src/Handler/Proxy.php(28): GuzzleHttp/Handler/CurlHandler->__invoke(Object(GuzzleHttp/Psr7/Request), Array)
#4 D:/DS-TI/CRM-DIMSUM/opm-digemid/vendor/guzzlehttp/guzzle/src/Handler/Proxy.php(68): GuzzleHttp/Handler/Proxy::GuzzleHttp/Handler/{closure}(Object(GuzzleHttp/Psr7/Request), Array)
#5 D:/DS-TI/CRM-DIMSUM/opm-digemid/vendor/guzzlehttp/guzzle/src/Handler/Proxy.php(48): GuzzleHttp/Handler/Proxy::GuzzleHttp/Handler/{closure}(Object(GuzzleHttp/Psr7/Request), Array)
#6 D:/DS-TI/CRM-DIMSUM/opm-digemid/vendor/laravel/framework/src/Illuminate/Http/Client/PendingRequest.php(1340): GuzzleHttp/Handler/Proxy::GuzzleHttp/Handler/{closure}(Object(GuzzleHttp/Psr7/Request), Array)
#7 D:/DS-TI/CRM-DIMSUM/opm-digemid/vendor/laravel/framework/src/Illuminate/Http/Client/PendingRequest.php(1306): Illuminate/Http/Client/PendingRequest->Illuminate/Http/Client/{closure}(Object(GuzzleHttp/Psr7/Request), Array)
#8 D:/DS-TI/CRM-DIMSUM/opm-digemid/vendor/laravel/framework/src/Illuminate/Http/Client/PendingRequest.php(1292): Illuminate/Http/Client/PendingRequest->Illuminate/Http/Client/{closure}(Object(GuzzleHttp/Psr7/Request), Array)
#9 D:/DS-TI/CRM-DIMSUM/opm-digemid/vendor/guzzlehttp/guzzle/src/PrepareBodyMiddleware.php(35): Illuminate/Http/Client/PendingRequest->Illuminate/Http/Client/{closure}(Object(GuzzleHttp/Psr7/Request), Array)
#10 D:/DS-TI/CRM-DIMSUM/opm-digemid/vendor/guzzlehttp/guzzle/src/Middleware.php(38): GuzzleHttp/PrepareBodyMiddleware->__invoke(Object(GuzzleHttp/Psr7/Request), Array)
#11 D:/DS-TI/CRM-DIMSUM/opm-digemid/vendor/guzzlehttp/guzzle/src/RedirectMiddleware.php(72): GuzzleHttp/Middleware::GuzzleHttp/{closure}(Object(GuzzleHttp/Psr7/Request), Array)
#12 D:/DS-TI/CRM-DIMSUM/opm-digemid/vendor/guzzlehttp/guzzle/src/Middleware.php(63): GuzzleHttp/RedirectMiddleware->__invoke(Object(GuzzleHttp/Psr7/Request), Array)
#13 D:/DS-TI/CRM-DIMSUM/opm-digemid/vendor/guzzlehttp/guzzle/src/HandlerStack.php(75): GuzzleHttp/Middleware::GuzzleHttp/{closure}(Object(GuzzleHttp/Psr7/Request), Array)
#14 D:/DS-TI/CRM-DIMSUM/opm-digemid/vendor/guzzlehttp/guzzle/src/Client.php(1085): GuzzleHttp/HandlerStack->__invoke(Object(GuzzleHttp/Psr7/Request), Array)
#15 D:/DS-TI/CRM-DIMSUM/opm-digemid/vendor/guzzlehttp/guzzle/src/Client.php(243): GuzzleHttp/Client->transfer(Object(GuzzleHttp/Psr7/Request), Array)
#16 D:/DS-TI/CRM-DIMSUM/opm-digemid/vendor/guzzlehttp/guzzle/src/Client.php(273): GuzzleHttp/Client->requestAsync('GET', Object(GuzzleHttp/Psr7/Uri), Array)
#17 D:/DS-TI/CRM-DIMSUM/opm-digemid/vendor/laravel/framework/src/Illuminate/Http/Client/PendingRequest.php(1138): GuzzleHttp/Client->request('GET', 'http://127.0.0....', Array)
#18 D:/DS-TI/CRM-DIMSUM/opm-digemid/vendor/laravel/framework/src/Illuminate/Http/Client/PendingRequest.php(907): Illuminate/Http/Client/PendingRequest->sendRequest('GET', 'http://127.0.0....', Array)
#19 D:/DS-TI/CRM-DIMSUM/opm-digemid/vendor/laravel/framework/src/Illuminate/Support/helpers.php(338): Illuminate/Http/Client/PendingRequest->Illuminate/Http/Client/{closure}(1)
#20 D:/DS-TI/CRM-DIMSUM/opm-digemid/vendor/laravel/framework/src/Illuminate/Http/Client/PendingRequest.php(905): retry(0, Object(Closure), 100, Object(Closure))
#21 D:/DS-TI/CRM-DIMSUM/opm-digemid/vendor/laravel/framework/src/Illuminate/Http/Client/PendingRequest.php(772): Illuminate/Http/Client/PendingRequest->send('GET', 'http://127.0.0....', Array)
#22 D:/DS-TI/CRM-DIMSUM/opm-digemid/app/Services/SalesGatewayClient.php(44): Illuminate/Http/Client/PendingRequest->get('/api/ventas/666...', Array)
#23 D:/DS-TI/CRM-DIMSUM/opm-digemid/app/Services/SalesGatewayClient.php(39): App/Services/SalesGatewayClient->get('/api/ventas/666...')
#24 D:/DS-TI/CRM-DIMSUM/opm-digemid/app/Jobs/ExtraerVentasJob.php(98): App/Services/SalesGatewayClient->saleDetail('666470')
#25 D:/DS-TI/CRM-DIMSUM/opm-digemid/app/Jobs/ExtraerVentasJob.php(65): App/Jobs/ExtraerVentasJob->procesarVenta(Object(App/Models/VentaExtraccion), Object(App/Services/SalesGatewayClient), Array)
#26 D:/DS-TI/CRM-DIMSUM/opm-digemid/app/Jobs/ExtraerVentasJob.php(36): App/Jobs/ExtraerVentasJob->procesar(Object(App/Models/VentaExtraccion), Object(App/Services/SalesGatewayClient))
#27 D:/DS-TI/CRM-DIMSUM/opm-digemid/vendor/laravel/framework/src/Illuminate/Container/BoundMethod.php(36): App/Jobs/ExtraerVentasJob->handle(Object(App/Services/SalesGatewayClient))
#28 D:/DS-TI/CRM-DIMSUM/opm-digemid/vendor/laravel/framework/src/Illuminate/Container/Util.php(43): Illuminate/Container/BoundMethod::Illuminate/Container/{closure}()
#29 D:/DS-TI/CRM-DIMSUM/opm-digemid/vendor/laravel/framework/src/Illuminate/Container/BoundMethod.php(95): Illuminate/Container/Util::unwrapIfClosure(Object(Closure))
#30 D:/DS-TI/CRM-DIMSUM/opm-digemid/vendor/laravel/framework/src/Illuminate/Container/BoundMethod.php(35): Illuminate/Container/BoundMethod::callBoundMethod(Object(Illuminate/Foundation/Application), Array, Object(Closure))
#31 D:/DS-TI/CRM-DIMSUM/opm-digemid/vendor/laravel/framework/src/Illuminate/Container/Container.php(696): Illuminate/Container/BoundMethod::call(Object(Illuminate/Foundation/Application), Array, Array, NULL)
#32 D:/DS-TI/CRM-DIMSUM/opm-digemid/vendor/laravel/framework/src/Illuminate/Bus/Dispatcher.php(126): Illuminate/Container/Container->call(Array)
#33 D:/DS-TI/CRM-DIMSUM/opm-digemid/vendor/laravel/framework/src/Illuminate/Pipeline/Pipeline.php(170): Illuminate/Bus/Dispatcher->Illuminate/Bus/{closure}(Object(App/Jobs/ExtraerVentasJob))
#34 D:/DS-TI/CRM-DIMSUM/opm-digemid/vendor/laravel/framework/src/Illuminate/Pipeline/Pipeline.php(127): Illuminate/Pipeline/Pipeline->Illuminate/Pipeline/{closure}(Object(App/Jobs/ExtraerVentasJob))
#35 D:/DS-TI/CRM-DIMSUM/opm-digemid/vendor/laravel/framework/src/Illuminate/Bus/Dispatcher.php(130): Illuminate/Pipeline/Pipeline->then(Object(Closure))
#36 D:/DS-TI/CRM-DIMSUM/opm-digemid/vendor/laravel/framework/src/Illuminate/Queue/CallQueuedHandler.php(126): Illuminate/Bus/Dispatcher->dispatchNow(Object(App/Jobs/ExtraerVentasJob), false)
#37 D:/DS-TI/CRM-DIMSUM/opm-digemid/vendor/laravel/framework/src/Illuminate/Pipeline/Pipeline.php(170): Illuminate/Queue/CallQueuedHandler->Illuminate/Queue/{closure}(Object(App/Jobs/ExtraerVentasJob))
#38 D:/DS-TI/CRM-DIMSUM/opm-digemid/vendor/laravel/framework/src/Illuminate/Pipeline/Pipeline.php(127): Illuminate/Pipeline/Pipeline->Illuminate/Pipeline/{closure}(Object(App/Jobs/ExtraerVentasJob))
#39 D:/DS-TI/CRM-DIMSUM/opm-digemid/vendor/laravel/framework/src/Illuminate/Queue/CallQueuedHandler.php(121): Illuminate/Pipeline/Pipeline->then(Object(Closure))
#40 D:/DS-TI/CRM-DIMSUM/opm-digemid/vendor/laravel/framework/src/Illuminate/Queue/CallQueuedHandler.php(69): Illuminate/Queue/CallQueuedHandler->dispatchThroughMiddleware(Object(Illuminate/Queue/Jobs/DatabaseJob), Object(App/Jobs/ExtraerVentasJob))
#41 D:/DS-TI/CRM-DIMSUM/opm-digemid/vendor/laravel/framework/src/Illuminate/Queue/Jobs/Job.php(102): Illuminate/Queue/CallQueuedHandler->call(Object(Illuminate/Queue/Jobs/DatabaseJob), Array)
#42 D:/DS-TI/CRM-DIMSUM/opm-digemid/vendor/laravel/framework/src/Illuminate/Queue/Worker.php(461): Illuminate/Queue/Jobs/Job->fire()
#43 D:/DS-TI/CRM-DIMSUM/opm-digemid/vendor/laravel/framework/src/Illuminate/Queue/Worker.php(411): Illuminate/Queue/Worker->process('database', Object(Illuminate/Queue/Jobs/DatabaseJob), Object(Illuminate/Queue/WorkerOptions))
#44 D:/DS-TI/CRM-DIMSUM/opm-digemid/vendor/laravel/framework/src/Illuminate/Queue/Worker.php(189): Illuminate/Queue/Worker->runJob(Object(Illuminate/Queue/Jobs/DatabaseJob), 'database', Object(Illuminate/Queue/WorkerOptions))
#45 D:/DS-TI/CRM-DIMSUM/opm-digemid/vendor/laravel/framework/src/Illuminate/Queue/Console/WorkCommand.php(150): Illuminate/Queue/Worker->daemon('database', 'default', Object(Illuminate/Queue/WorkerOptions))
#46 D:/DS-TI/CRM-DIMSUM/opm-digemid/vendor/laravel/framework/src/Illuminate/Queue/Console/WorkCommand.php(133): Illuminate/Queue/Console/WorkCommand->runWorker('database', 'default')
#47 D:/DS-TI/CRM-DIMSUM/opm-digemid/vendor/laravel/framework/src/Illuminate/Container/BoundMethod.php(36): Illuminate/Queue/Console/WorkCommand->handle()
#48 D:/DS-TI/CRM-DIMSUM/opm-digemid/vendor/laravel/framework/src/Illuminate/Container/Util.php(43): Illuminate/Container/BoundMethod::Illuminate/Container/{closure}()
#49 D:/DS-TI/CRM-DIMSUM/opm-digemid/vendor/laravel/framework/src/Illuminate/Container/BoundMethod.php(95): Illuminate/Container/Util::unwrapIfClosure(Object(Closure))
#50 D:/DS-TI/CRM-DIMSUM/opm-digemid/vendor/laravel/framework/src/Illuminate/Container/BoundMethod.php(35): Illuminate/Container/BoundMethod::callBoundMethod(Object(Illuminate/Foundation/Application), Array, Object(Closure))
#51 D:/DS-TI/CRM-DIMSUM/opm-digemid/vendor/laravel/framework/src/Illuminate/Container/Container.php(696): Illuminate/Container/BoundMethod::call(Object(Illuminate/Foundation/Application), Array, Array, NULL)
#52 D:/DS-TI/CRM-DIMSUM/opm-digemid/vendor/laravel/framework/src/Illuminate/Console/Command.php(213): Illuminate/Container/Container->call(Array)
#53 D:/DS-TI/CRM-DIMSUM/opm-digemid/vendor/symfony/console/Command/Command.php(341): Illuminate/Console/Command->execute(Object(Symfony/Component/Console/Input/ArgvInput), Object(Illuminate/Console/OutputStyle))
#54 D:/DS-TI/CRM-DIMSUM/opm-digemid/vendor/laravel/framework/src/Illuminate/Console/Command.php(182): Symfony/Component/Console/Command/Command->run(Object(Symfony/Component/Console/Input/ArgvInput), Object(Illuminate/Console/OutputStyle))
#55 D:/DS-TI/CRM-DIMSUM/opm-digemid/vendor/symfony/console/Application.php(1117): Illuminate/Console/Command->run(Object(Symfony/Component/Console/Input/ArgvInput), Object(Symfony/Component/Console/Output/ConsoleOutput))
#56 D:/DS-TI/CRM-DIMSUM/opm-digemid/vendor/symfony/console/Application.php(356): Symfony/Component/Console/Application->doRunCommand(Object(Illuminate/Queue/Console/WorkCommand), Object(Symfony/Component/Console/Input/ArgvInput), Object(Symfony/Component/Console/Output/ConsoleOutput))
#57 D:/DS-TI/CRM-DIMSUM/opm-digemid/vendor/symfony/console/Application.php(195): Symfony/Component/Console/Application->doRun(Object(Symfony/Component/Console/Input/ArgvInput), Object(Symfony/Component/Console/Output/ConsoleOutput))
#58 D:/DS-TI/CRM-DIMSUM/opm-digemid/vendor/laravel/framework/src/Illuminate/Foundation/Console/Kernel.php(198): Symfony/Component/Console/Application->run(Object(Symfony/Component/Console/Input/ArgvInput), Object(Symfony/Component/Console/Output/ConsoleOutput))
#59 D:/DS-TI/CRM-DIMSUM/opm-digemid/vendor/laravel/framework/src/Illuminate/Foundation/Application.php(1235): Illuminate/Foundation/Console/Kernel->handle(Object(Symfony/Component/Console/Input/ArgvInput), Object(Symfony/Component/Console/Output/ConsoleOutput))
#60 D:/DS-TI/CRM-DIMSUM/opm-digemid/artisan(13): Illuminate/Foundation/Application->handleCommand(Object(Symfony/Component/Console/Input/ArgvInput))
#61 {main}
"} 
[2026-08-19 23:26:58] local.ERROR: No se pudo consultar Logística. Intenta nuevamente. {"exception":"[object] (RuntimeException(code: 0): No se pudo consultar Logística. Intenta nuevamente. at D:/DS-TI/CRM-DIMSUM/opm-digemid/app/Services/SalesGatewayClient.php:48)
[stacktrace]
#0 D:/DS-TI/CRM-DIMSUM/opm-digemid/app/Services/SalesGatewayClient.php(39): App/Services/SalesGatewayClient->get('/api/ventas/666...')
#1 D:/DS-TI/CRM-DIMSUM/opm-digemid/app/Jobs/ExtraerVentasJob.php(98): App/Services/SalesGatewayClient->saleDetail('666469')
#2 D:/DS-TI/CRM-DIMSUM/opm-digemid/app/Jobs/ExtraerVentasJob.php(65): App/Jobs/ExtraerVentasJob->procesarVenta(Object(App/Models/VentaExtraccion), Object(App/Services/SalesGatewayClient), Array)
#3 D:/DS-TI/CRM-DIMSUM/opm-digemid/app/Jobs/ExtraerVentasJob.php(36): App/Jobs/ExtraerVentasJob->procesar(Object(App/Models/VentaExtraccion), Object(App/Services/SalesGatewayClient))
#4 D:/DS-TI/CRM-DIMSUM/opm-digemid/vendor/laravel/framework/src/Illuminate/Container/BoundMethod.php(36): App/Jobs/ExtraerVentasJob->handle(Object(App/Services/SalesGatewayClient))
#5 D:/DS-TI/CRM-DIMSUM/opm-digemid/vendor/laravel/framework/src/Illuminate/Container/Util.php(43): Illuminate/Container/BoundMethod::Illuminate/Container/{closure}()
#6 D:/DS-TI/CRM-DIMSUM/opm-digemid/vendor/laravel/framework/src/Illuminate/Container/BoundMethod.php(95): Illuminate/Container/Util::unwrapIfClosure(Object(Closure))
#7 D:/DS-TI/CRM-DIMSUM/opm-digemid/vendor/laravel/framework/src/Illuminate/Container/BoundMethod.php(35): Illuminate/Container/BoundMethod::callBoundMethod(Object(Illuminate/Foundation/Application), Array, Object(Closure))
#8 D:/DS-TI/CRM-DIMSUM/opm-digemid/vendor/laravel/framework/src/Illuminate/Container/Container.php(696): Illuminate/Container/BoundMethod::call(Object(Illuminate/Foundation/Application), Array, Array, NULL)
#9 D:/DS-TI/CRM-DIMSUM/opm-digemid/vendor/laravel/framework/src/Illuminate/Bus/Dispatcher.php(126): Illuminate/Container/Container->call(Array)
#10 D:/DS-TI/CRM-DIMSUM/opm-digemid/vendor/laravel/framework/src/Illuminate/Pipeline/Pipeline.php(170): Illuminate/Bus/Dispatcher->Illuminate/Bus/{closure}(Object(App/Jobs/ExtraerVentasJob))
#11 D:/DS-TI/CRM-DIMSUM/opm-digemid/vendor/laravel/framework/src/Illuminate/Pipeline/Pipeline.php(127): Illuminate/Pipeline/Pipeline->Illuminate/Pipeline/{closure}(Object(App/Jobs/ExtraerVentasJob))
#12 D:/DS-TI/CRM-DIMSUM/opm-digemid/vendor/laravel/framework/src/Illuminate/Bus/Dispatcher.php(130): Illuminate/Pipeline/Pipeline->then(Object(Closure))
#13 D:/DS-TI/CRM-DIMSUM/opm-digemid/vendor/laravel/framework/src/Illuminate/Queue/CallQueuedHandler.php(126): Illuminate/Bus/Dispatcher->dispatchNow(Object(App/Jobs/ExtraerVentasJob), false)
#14 D:/DS-TI/CRM-DIMSUM/opm-digemid/vendor/laravel/framework/src/Illuminate/Pipeline/Pipeline.php(170): Illuminate/Queue/CallQueuedHandler->Illuminate/Queue/{closure}(Object(App/Jobs/ExtraerVentasJob))
#15 D:/DS-TI/CRM-DIMSUM/opm-digemid/vendor/laravel/framework/src/Illuminate/Pipeline/Pipeline.php(127): Illuminate/Pipeline/Pipeline->Illuminate/Pipeline/{closure}(Object(App/Jobs/ExtraerVentasJob))
#16 D:/DS-TI/CRM-DIMSUM/opm-digemid/vendor/laravel/framework/src/Illuminate/Queue/CallQueuedHandler.php(121): Illuminate/Pipeline/Pipeline->then(Object(Closure))
#17 D:/DS-TI/CRM-DIMSUM/opm-digemid/vendor/laravel/framework/src/Illuminate/Queue/CallQueuedHandler.php(69): Illuminate/Queue/CallQueuedHandler->dispatchThroughMiddleware(Object(Illuminate/Queue/Jobs/DatabaseJob), Object(App/Jobs/ExtraerVentasJob))
#18 D:/DS-TI/CRM-DIMSUM/opm-digemid/vendor/laravel/framework/src/Illuminate/Queue/Jobs/Job.php(102): Illuminate/Queue/CallQueuedHandler->call(Object(Illuminate/Queue/Jobs/DatabaseJob), Array)
#19 D:/DS-TI/CRM-DIMSUM/opm-digemid/vendor/laravel/framework/src/Illuminate/Queue/Worker.php(461): Illuminate/Queue/Jobs/Job->fire()
#20 D:/DS-TI/CRM-DIMSUM/opm-digemid/vendor/laravel/framework/src/Illuminate/Queue/Worker.php(411): Illuminate/Queue/Worker->process('database', Object(Illuminate/Queue/Jobs/DatabaseJob), Object(Illuminate/Queue/WorkerOptions))
#21 D:/DS-TI/CRM-DIMSUM/opm-digemid/vendor/laravel/framework/src/Illuminate/Queue/Worker.php(189): Illuminate/Queue/Worker->runJob(Object(Illuminate/Queue/Jobs/DatabaseJob), 'database', Object(Illuminate/Queue/WorkerOptions))
#22 D:/DS-TI/CRM-DIMSUM/opm-digemid/vendor/laravel/framework/src/Illuminate/Queue/Console/WorkCommand.php(150): Illuminate/Queue/Worker->daemon('database', 'default', Object(Illuminate/Queue/WorkerOptions))
#23 D:/DS-TI/CRM-DIMSUM/opm-digemid/vendor/laravel/framework/src/Illuminate/Queue/Console/WorkCommand.php(133): Illuminate/Queue/Console/WorkCommand->runWorker('database', 'default')
#24 D:/DS-TI/CRM-DIMSUM/opm-digemid/vendor/laravel/framework/src/Illuminate/Container/BoundMethod.php(36): Illuminate/Queue/Console/WorkCommand->handle()
#25 D:/DS-TI/CRM-DIMSUM/opm-digemid/vendor/laravel/framework/src/Illuminate/Container/Util.php(43): Illuminate/Container/BoundMethod::Illuminate/Container/{closure}()
#26 D:/DS-TI/CRM-DIMSUM/opm-digemid/vendor/laravel/framework/src/Illuminate/Container/BoundMethod.php(95): Illuminate/Container/Util::unwrapIfClosure(Object(Closure))
#27 D:/DS-TI/CRM-DIMSUM/opm-digemid/vendor/laravel/framework/src/Illuminate/Container/BoundMethod.php(35): Illuminate/Container/BoundMethod::callBoundMethod(Object(Illuminate/Foundation/Application), Array, Object(Closure))
#28 D:/DS-TI/CRM-DIMSUM/opm-digemid/vendor/laravel/framework/src/Illuminate/Container/Container.php(696): Illuminate/Container/BoundMethod::call(Object(Illuminate/Foundation/Application), Array, Array, NULL)
#29 D:/DS-TI/CRM-DIMSUM/opm-digemid/vendor/laravel/framework/src/Illuminate/Console/Command.php(213): Illuminate/Container/Container->call(Array)
#30 D:/DS-TI/CRM-DIMSUM/opm-digemid/vendor/symfony/console/Command/Command.php(341): Illuminate/Console/Command->execute(Object(Symfony/Component/Console/Input/ArgvInput), Object(Illuminate/Console/OutputStyle))
#31 D:/DS-TI/CRM-DIMSUM/opm-digemid/vendor/laravel/framework/src/Illuminate/Console/Command.php(182): Symfony/Component/Console/Command/Command->run(Object(Symfony/Component/Console/Input/ArgvInput), Object(Illuminate/Console/OutputStyle))
#32 D:/DS-TI/CRM-DIMSUM/opm-digemid/vendor/symfony/console/Application.php(1117): Illuminate/Console/Command->run(Object(Symfony/Component/Console/Input/ArgvInput), Object(Symfony/Component/Console/Output/ConsoleOutput))
#33 D:/DS-TI/CRM-DIMSUM/opm-digemid/vendor/symfony/console/Application.php(356): Symfony/Component/Console/Application->doRunCommand(Object(Illuminate/Queue/Console/WorkCommand), Object(Symfony/Component/Console/Input/ArgvInput), Object(Symfony/Component/Console/Output/ConsoleOutput))
#34 D:/DS-TI/CRM-DIMSUM/opm-digemid/vendor/symfony/console/Application.php(195): Symfony/Component/Console/Application->doRun(Object(Symfony/Component/Console/Input/ArgvInput), Object(Symfony/Component/Console/Output/ConsoleOutput))
#35 D:/DS-TI/CRM-DIMSUM/opm-digemid/vendor/laravel/framework/src/Illuminate/Foundation/Console/Kernel.php(198): Symfony/Component/Console/Application->run(Object(Symfony/Component/Console/Input/ArgvInput), Object(Symfony/Component/Console/Output/ConsoleOutput))
#36 D:/DS-TI/CRM-DIMSUM/opm-digemid/vendor/laravel/framework/src/Illuminate/Foundation/Application.php(1235): Illuminate/Foundation/Console/Kernel->handle(Object(Symfony/Component/Console/Input/ArgvInput), Object(Symfony/Component/Console/Output/ConsoleOutput))
#37 D:/DS-TI/CRM-DIMSUM/opm-digemid/artisan(13): Illuminate/Foundation/Application->handleCommand(Object(Symfony/Component/Console/Input/ArgvInput))
#38 {main}
"} 
[2026-08-19 23:27:01] local.ERROR: No se pudo consultar Logística. Intenta nuevamente. {"exception":"[object] (RuntimeException(code: 0): No se pudo consultar Logística. Intenta nuevamente. at D:/DS-TI/CRM-DIMSUM/opm-digemid/app/Services/SalesGatewayClient.php:48)
[stacktrace]
#0 D:/DS-TI/CRM-DIMSUM/opm-digemid/app/Services/SalesGatewayClient.php(39): App/Services/SalesGatewayClient->get('/api/ventas/666...')
#1 D:/DS-TI/CRM-DIMSUM/opm-digemid/app/Jobs/ExtraerVentasJob.php(98): App/Services/SalesGatewayClient->saleDetail('666468')
#2 D:/DS-TI/CRM-DIMSUM/opm-digemid/app/Jobs/ExtraerVentasJob.php(65): App/Jobs/ExtraerVentasJob->procesarVenta(Object(App/Models/VentaExtraccion), Object(App/Services/SalesGatewayClient), Array)
#3 D:/DS-TI/CRM-DIMSUM/opm-digemid/app/Jobs/ExtraerVentasJob.php(36): App/Jobs/ExtraerVentasJob->procesar(Object(App/Models/VentaExtraccion), Object(App/Services/SalesGatewayClient))
#4 D:/DS-TI/CRM-DIMSUM/opm-digemid/vendor/laravel/framework/src/Illuminate/Container/BoundMethod.php(36): App/Jobs/ExtraerVentasJob->handle(Object(App/Services/SalesGatewayClient))
#5 D:/DS-TI/CRM-DIMSUM/opm-digemid/vendor/laravel/framework/src/Illuminate/Container/Util.php(43): Illuminate/Container/BoundMethod::Illuminate/Container/{closure}()
#6 D:/DS-TI/CRM-DIMSUM/opm-digemid/vendor/laravel/framework/src/Illuminate/Container/BoundMethod.php(95): Illuminate/Container/Util::unwrapIfClosure(Object(Closure))
#7 D:/DS-TI/CRM-DIMSUM/opm-digemid/vendor/laravel/framework/src/Illuminate/Container/BoundMethod.php(35): Illuminate/Container/BoundMethod::callBoundMethod(Object(Illuminate/Foundation/Application), Array, Object(Closure))
#8 D:/DS-TI/CRM-DIMSUM/opm-digemid/vendor/laravel/framework/src/Illuminate/Container/Container.php(696): Illuminate/Container/BoundMethod::call(Object(Illuminate/Foundation/Application), Array, Array, NULL)
#9 D:/DS-TI/CRM-DIMSUM/opm-digemid/vendor/laravel/framework/src/Illuminate/Bus/Dispatcher.php(126): Illuminate/Container/Container->call(Array)
#10 D:/DS-TI/CRM-DIMSUM/opm-digemid/vendor/laravel/framework/src/Illuminate/Pipeline/Pipeline.php(170): Illuminate/Bus/Dispatcher->Illuminate/Bus/{closure}(Object(App/Jobs/ExtraerVentasJob))
#11 D:/DS-TI/CRM-DIMSUM/opm-digemid/vendor/laravel/framework/src/Illuminate/Pipeline/Pipeline.php(127): Illuminate/Pipeline/Pipeline->Illuminate/Pipeline/{closure}(Object(App/Jobs/ExtraerVentasJob))
#12 D:/DS-TI/CRM-DIMSUM/opm-digemid/vendor/laravel/framework/src/Illuminate/Bus/Dispatcher.php(130): Illuminate/Pipeline/Pipeline->then(Object(Closure))
#13 D:/DS-TI/CRM-DIMSUM/opm-digemid/vendor/laravel/framework/src/Illuminate/Queue/CallQueuedHandler.php(126): Illuminate/Bus/Dispatcher->dispatchNow(Object(App/Jobs/ExtraerVentasJob), false)
#14 D:/DS-TI/CRM-DIMSUM/opm-digemid/vendor/laravel/framework/src/Illuminate/Pipeline/Pipeline.php(170): Illuminate/Queue/CallQueuedHandler->Illuminate/Queue/{closure}(Object(App/Jobs/ExtraerVentasJob))
#15 D:/DS-TI/CRM-DIMSUM/opm-digemid/vendor/laravel/framework/src/Illuminate/Pipeline/Pipeline.php(127): Illuminate/Pipeline/Pipeline->Illuminate/Pipeline/{closure}(Object(App/Jobs/ExtraerVentasJob))
#16 D:/DS-TI/CRM-DIMSUM/opm-digemid/vendor/laravel/framework/src/Illuminate/Queue/CallQueuedHandler.php(121): Illuminate/Pipeline/Pipeline->then(Object(Closure))
#17 D:/DS-TI/CRM-DIMSUM/opm-digemid/vendor/laravel/framework/src/Illuminate/Queue/CallQueuedHandler.php(69): Illuminate/Queue/CallQueuedHandler->dispatchThroughMiddleware(Object(Illuminate/Queue/Jobs/DatabaseJob), Object(App/Jobs/ExtraerVentasJob))
#18 D:/DS-TI/CRM-DIMSUM/opm-digemid/vendor/laravel/framework/src/Illuminate/Queue/Jobs/Job.php(102): Illuminate/Queue/CallQueuedHandler->call(Object(Illuminate/Queue/Jobs/DatabaseJob), Array)
#19 D:/DS-TI/CRM-DIMSUM/opm-digemid/vendor/laravel/framework/src/Illuminate/Queue/Worker.php(461): Illuminate/Queue/Jobs/Job->fire()
#20 D:/DS-TI/CRM-DIMSUM/opm-digemid/vendor/laravel/framework/src/Illuminate/Queue/Worker.php(411): Illuminate/Queue/Worker->process('database', Object(Illuminate/Queue/Jobs/DatabaseJob), Object(Illuminate/Queue/WorkerOptions))
#21 D:/DS-TI/CRM-DIMSUM/opm-digemid/vendor/laravel/framework/src/Illuminate/Queue/Worker.php(189): Illuminate/Queue/Worker->runJob(Object(Illuminate/Queue/Jobs/DatabaseJob), 'database', Object(Illuminate/Queue/WorkerOptions))
#22 D:/DS-TI/CRM-DIMSUM/opm-digemid/vendor/laravel/framework/src/Illuminate/Queue/Console/WorkCommand.php(150): Illuminate/Queue/Worker->daemon('database', 'default', Object(Illuminate/Queue/WorkerOptions))
#23 D:/DS-TI/CRM-DIMSUM/opm-digemid/vendor/laravel/framework/src/Illuminate/Queue/Console/WorkCommand.php(133): Illuminate/Queue/Console/WorkCommand->runWorker('database', 'default')
#24 D:/DS-TI/CRM-DIMSUM/opm-digemid/vendor/laravel/framework/src/Illuminate/Container/BoundMethod.php(36): Illuminate/Queue/Console/WorkCommand->handle()
#25 D:/DS-TI/CRM-DIMSUM/opm-digemid/vendor/laravel/framework/src/Illuminate/Container/Util.php(43): Illuminate/Container/BoundMethod::Illuminate/Container/{closure}()
#26 D:/DS-TI/CRM-DIMSUM/opm-digemid/vendor/laravel/framework/src/Illuminate/Container/BoundMethod.php(95): Illuminate/Container/Util::unwrapIfClosure(Object(Closure))
#27 D:/DS-TI/CRM-DIMSUM/opm-digemid/vendor/laravel/framework/src/Illuminate/Container/BoundMethod.php(35): Illuminate/Container/BoundMethod::callBoundMethod(Object(Illuminate/Foundation/Application), Array, Object(Closure))
#28 D:/DS-TI/CRM-DIMSUM/opm-digemid/vendor/laravel/framework/src/Illuminate/Container/Container.php(696): Illuminate/Container/BoundMethod::call(Object(Illuminate/Foundation/Application), Array, Array, NULL)
#29 D:/DS-TI/CRM-DIMSUM/opm-digemid/vendor/laravel/framework/src/Illuminate/Console/Command.php(213): Illuminate/Container/Container->call(Array)
#30 D:/DS-TI/CRM-DIMSUM/opm-digemid/vendor/symfony/console/Command/Command.php(341): Illuminate/Console/Command->execute(Object(Symfony/Component/Console/Input/ArgvInput), Object(Illuminate/Console/OutputStyle))
#31 D:/DS-TI/CRM-DIMSUM/opm-digemid/vendor/laravel/framework/src/Illuminate/Console/Command.php(182): Symfony/Component/Console/Command/Command->run(Object(Symfony/Component/Console/Input/ArgvInput), Object(Illuminate/Console/OutputStyle))
#32 D:/DS-TI/CRM-DIMSUM/opm-digemid/vendor/symfony/console/Application.php(1117): Illuminate/Console/Command->run(Object(Symfony/Component/Console/Input/ArgvInput), Object(Symfony/Component/Console/Output/ConsoleOutput))
#33 D:/DS-TI/CRM-DIMSUM/opm-digemid/vendor/symfony/console/Application.php(356): Symfony/Component/Console/Application->doRunCommand(Object(Illuminate/Queue/Console/WorkCommand), Object(Symfony/Component/Console/Input/ArgvInput), Object(Symfony/Component/Console/Output/ConsoleOutput))
#34 D:/DS-TI/CRM-DIMSUM/opm-digemid/vendor/symfony/console/Application.php(195): Symfony/Component/Console/Application->doRun(Object(Symfony/Component/Console/Input/ArgvInput), Object(Symfony/Component/Console/Output/ConsoleOutput))
#35 D:/DS-TI/CRM-DIMSUM/opm-digemid/vendor/laravel/framework/src/Illuminate/Foundation/Console/Kernel.php(198): Symfony/Component/Console/Application->run(Object(Symfony/Component/Console/Input/ArgvInput), Object(Symfony/Component/Console/Output/ConsoleOutput))
#36 D:/DS-TI/CRM-DIMSUM/opm-digemid/vendor/laravel/framework/src/Illuminate/Foundation/Application.php(1235): Illuminate/Foundation/Console/Kernel->handle(Object(Symfony/Component/Console/Input/ArgvInput), Object(Symfony/Component/Console/Output/ConsoleOutput))
#37 D:/DS-TI/CRM-DIMSUM/opm-digemid/artisan(13): Illuminate/Foundation/Application->handleCommand(Object(Symfony/Component/Console/Input/ArgvInput))
#38 {main}
"} 
[2026-08-20 00:16:31] local.ERROR: No se pudo consultar Logística. Intenta nuevamente. {"exception":"[object] (RuntimeException(code: 0): No se pudo consultar Logística. Intenta nuevamente. at D:/DS-TI/CRM-DIMSUM/opm-digemid/app/Services/SalesGatewayClient.php:48)
[stacktrace]
#0 D:/DS-TI/CRM-DIMSUM/opm-digemid/app/Services/SalesGatewayClient.php(39): App/Services/SalesGatewayClient->get('/api/ventas/661...')
#1 D:/DS-TI/CRM-DIMSUM/opm-digemid/app/Jobs/ExtraerVentasJob.php(98): App/Services/SalesGatewayClient->saleDetail('661250')
#2 D:/DS-TI/CRM-DIMSUM/opm-digemid/app/Jobs/ExtraerVentasJob.php(65): App/Jobs/ExtraerVentasJob->procesarVenta(Object(App/Models/VentaExtraccion), Object(App/Services/SalesGatewayClient), Array)
#3 D:/DS-TI/CRM-DIMSUM/opm-digemid/app/Jobs/ExtraerVentasJob.php(36): App/Jobs/ExtraerVentasJob->procesar(Object(App/Models/VentaExtraccion), Object(App/Services/SalesGatewayClient))
#4 D:/DS-TI/CRM-DIMSUM/opm-digemid/vendor/laravel/framework/src/Illuminate/Container/BoundMethod.php(36): App/Jobs/ExtraerVentasJob->handle(Object(App/Services/SalesGatewayClient))
#5 D:/DS-TI/CRM-DIMSUM/opm-digemid/vendor/laravel/framework/src/Illuminate/Container/Util.php(43): Illuminate/Container/BoundMethod::Illuminate/Container/{closure}()
#6 D:/DS-TI/CRM-DIMSUM/opm-digemid/vendor/laravel/framework/src/Illuminate/Container/BoundMethod.php(95): Illuminate/Container/Util::unwrapIfClosure(Object(Closure))
#7 D:/DS-TI/CRM-DIMSUM/opm-digemid/vendor/laravel/framework/src/Illuminate/Container/BoundMethod.php(35): Illuminate/Container/BoundMethod::callBoundMethod(Object(Illuminate/Foundation/Application), Array, Object(Closure))
#8 D:/DS-TI/CRM-DIMSUM/opm-digemid/vendor/laravel/framework/src/Illuminate/Container/Container.php(696): Illuminate/Container/BoundMethod::call(Object(Illuminate/Foundation/Application), Array, Array, NULL)
#9 D:/DS-TI/CRM-DIMSUM/opm-digemid/vendor/laravel/framework/src/Illuminate/Bus/Dispatcher.php(126): Illuminate/Container/Container->call(Array)
#10 D:/DS-TI/CRM-DIMSUM/opm-digemid/vendor/laravel/framework/src/Illuminate/Pipeline/Pipeline.php(170): Illuminate/Bus/Dispatcher->Illuminate/Bus/{closure}(Object(App/Jobs/ExtraerVentasJob))
#11 D:/DS-TI/CRM-DIMSUM/opm-digemid/vendor/laravel/framework/src/Illuminate/Pipeline/Pipeline.php(127): Illuminate/Pipeline/Pipeline->Illuminate/Pipeline/{closure}(Object(App/Jobs/ExtraerVentasJob))
#12 D:/DS-TI/CRM-DIMSUM/opm-digemid/vendor/laravel/framework/src/Illuminate/Bus/Dispatcher.php(130): Illuminate/Pipeline/Pipeline->then(Object(Closure))
#13 D:/DS-TI/CRM-DIMSUM/opm-digemid/vendor/laravel/framework/src/Illuminate/Queue/CallQueuedHandler.php(126): Illuminate/Bus/Dispatcher->dispatchNow(Object(App/Jobs/ExtraerVentasJob), false)
#14 D:/DS-TI/CRM-DIMSUM/opm-digemid/vendor/laravel/framework/src/Illuminate/Pipeline/Pipeline.php(170): Illuminate/Queue/CallQueuedHandler->Illuminate/Queue/{closure}(Object(App/Jobs/ExtraerVentasJob))
#15 D:/DS-TI/CRM-DIMSUM/opm-digemid/vendor/laravel/framework/src/Illuminate/Pipeline/Pipeline.php(127): Illuminate/Pipeline/Pipeline->Illuminate/Pipeline/{closure}(Object(App/Jobs/ExtraerVentasJob))
#16 D:/DS-TI/CRM-DIMSUM/opm-digemid/vendor/laravel/framework/src/Illuminate/Queue/CallQueuedHandler.php(121): Illuminate/Pipeline/Pipeline->then(Object(Closure))
#17 D:/DS-TI/CRM-DIMSUM/opm-digemid/vendor/laravel/framework/src/Illuminate/Queue/CallQueuedHandler.php(69): Illuminate/Queue/CallQueuedHandler->dispatchThroughMiddleware(Object(Illuminate/Queue/Jobs/DatabaseJob), Object(App/Jobs/ExtraerVentasJob))
#18 D:/DS-TI/CRM-DIMSUM/opm-digemid/vendor/laravel/framework/src/Illuminate/Queue/Jobs/Job.php(102): Illuminate/Queue/CallQueuedHandler->call(Object(Illuminate/Queue/Jobs/DatabaseJob), Array)
#19 D:/DS-TI/CRM-DIMSUM/opm-digemid/vendor/laravel/framework/src/Illuminate/Queue/Worker.php(461): Illuminate/Queue/Jobs/Job->fire()
#20 D:/DS-TI/CRM-DIMSUM/opm-digemid/vendor/laravel/framework/src/Illuminate/Queue/Worker.php(411): Illuminate/Queue/Worker->process('database', Object(Illuminate/Queue/Jobs/DatabaseJob), Object(Illuminate/Queue/WorkerOptions))
#21 D:/DS-TI/CRM-DIMSUM/opm-digemid/vendor/laravel/framework/src/Illuminate/Queue/Worker.php(189): Illuminate/Queue/Worker->runJob(Object(Illuminate/Queue/Jobs/DatabaseJob), 'database', Object(Illuminate/Queue/WorkerOptions))
#22 D:/DS-TI/CRM-DIMSUM/opm-digemid/vendor/laravel/framework/src/Illuminate/Queue/Console/WorkCommand.php(150): Illuminate/Queue/Worker->daemon('database', 'default', Object(Illuminate/Queue/WorkerOptions))
#23 D:/DS-TI/CRM-DIMSUM/opm-digemid/vendor/laravel/framework/src/Illuminate/Queue/Console/WorkCommand.php(133): Illuminate/Queue/Console/WorkCommand->runWorker('database', 'default')
#24 D:/DS-TI/CRM-DIMSUM/opm-digemid/vendor/laravel/framework/src/Illuminate/Container/BoundMethod.php(36): Illuminate/Queue/Console/WorkCommand->handle()
#25 D:/DS-TI/CRM-DIMSUM/opm-digemid/vendor/laravel/framework/src/Illuminate/Container/Util.php(43): Illuminate/Container/BoundMethod::Illuminate/Container/{closure}()
#26 D:/DS-TI/CRM-DIMSUM/opm-digemid/vendor/laravel/framework/src/Illuminate/Container/BoundMethod.php(95): Illuminate/Container/Util::unwrapIfClosure(Object(Closure))
#27 D:/DS-TI/CRM-DIMSUM/opm-digemid/vendor/laravel/framework/src/Illuminate/Container/BoundMethod.php(35): Illuminate/Container/BoundMethod::callBoundMethod(Object(Illuminate/Foundation/Application), Array, Object(Closure))
#28 D:/DS-TI/CRM-DIMSUM/opm-digemid/vendor/laravel/framework/src/Illuminate/Container/Container.php(696): Illuminate/Container/BoundMethod::call(Object(Illuminate/Foundation/Application), Array, Array, NULL)
#29 D:/DS-TI/CRM-DIMSUM/opm-digemid/vendor/laravel/framework/src/Illuminate/Console/Command.php(213): Illuminate/Container/Container->call(Array)
#30 D:/DS-TI/CRM-DIMSUM/opm-digemid/vendor/symfony/console/Command/Command.php(341): Illuminate/Console/Command->execute(Object(Symfony/Component/Console/Input/ArgvInput), Object(Illuminate/Console/OutputStyle))
#31 D:/DS-TI/CRM-DIMSUM/opm-digemid/vendor/laravel/framework/src/Illuminate/Console/Command.php(182): Symfony/Component/Console/Command/Command->run(Object(Symfony/Component/Console/Input/ArgvInput), Object(Illuminate/Console/OutputStyle))
#32 D:/DS-TI/CRM-DIMSUM/opm-digemid/vendor/symfony/console/Application.php(1117): Illuminate/Console/Command->run(Object(Symfony/Component/Console/Input/ArgvInput), Object(Symfony/Component/Console/Output/ConsoleOutput))
#33 D:/DS-TI/CRM-DIMSUM/opm-digemid/vendor/symfony/console/Application.php(356): Symfony/Component/Console/Application->doRunCommand(Object(Illuminate/Queue/Console/WorkCommand), Object(Symfony/Component/Console/Input/ArgvInput), Object(Symfony/Component/Console/Output/ConsoleOutput))
#34 D:/DS-TI/CRM-DIMSUM/opm-digemid/vendor/symfony/console/Application.php(195): Symfony/Component/Console/Application->doRun(Object(Symfony/Component/Console/Input/ArgvInput), Object(Symfony/Component/Console/Output/ConsoleOutput))
#35 D:/DS-TI/CRM-DIMSUM/opm-digemid/vendor/laravel/framework/src/Illuminate/Foundation/Console/Kernel.php(198): Symfony/Component/Console/Application->run(Object(Symfony/Component/Console/Input/ArgvInput), Object(Symfony/Component/Console/Output/ConsoleOutput))
#36 D:/DS-TI/CRM-DIMSUM/opm-digemid/vendor/laravel/framework/src/Illuminate/Foundation/Application.php(1235): Illuminate/Foundation/Console/Kernel->handle(Object(Symfony/Component/Console/Input/ArgvInput), Object(Symfony/Component/Console/Output/ConsoleOutput))
#37 D:/DS-TI/CRM-DIMSUM/opm-digemid/artisan(13): Illuminate/Foundation/Application->handleCommand(Object(Symfony/Component/Console/Input/ArgvInput))
#38 {main}
"} 
[2026-08-20 00:16:31] local.ERROR: No se pudo consultar Logística. Intenta nuevamente. {"exception":"[object] (RuntimeException(code: 0): No se pudo consultar Logística. Intenta nuevamente. at D:/DS-TI/CRM-DIMSUM/opm-digemid/app/Services/SalesGatewayClient.php:48)
[stacktrace]
#0 D:/DS-TI/CRM-DIMSUM/opm-digemid/app/Services/SalesGatewayClient.php(39): App/Services/SalesGatewayClient->get('/api/ventas/661...')
#1 D:/DS-TI/CRM-DIMSUM/opm-digemid/app/Jobs/ExtraerVentasJob.php(98): App/Services/SalesGatewayClient->saleDetail('661249')
#2 D:/DS-TI/CRM-DIMSUM/opm-digemid/app/Jobs/ExtraerVentasJob.php(65): App/Jobs/ExtraerVentasJob->procesarVenta(Object(App/Models/VentaExtraccion), Object(App/Services/SalesGatewayClient), Array)
#3 D:/DS-TI/CRM-DIMSUM/opm-digemid/app/Jobs/ExtraerVentasJob.php(36): App/Jobs/ExtraerVentasJob->procesar(Object(App/Models/VentaExtraccion), Object(App/Services/SalesGatewayClient))
#4 D:/DS-TI/CRM-DIMSUM/opm-digemid/vendor/laravel/framework/src/Illuminate/Container/BoundMethod.php(36): App/Jobs/ExtraerVentasJob->handle(Object(App/Services/SalesGatewayClient))
#5 D:/DS-TI/CRM-DIMSUM/opm-digemid/vendor/laravel/framework/src/Illuminate/Container/Util.php(43): Illuminate/Container/BoundMethod::Illuminate/Container/{closure}()
#6 D:/DS-TI/CRM-DIMSUM/opm-digemid/vendor/laravel/framework/src/Illuminate/Container/BoundMethod.php(95): Illuminate/Container/Util::unwrapIfClosure(Object(Closure))
#7 D:/DS-TI/CRM-DIMSUM/opm-digemid/vendor/laravel/framework/src/Illuminate/Container/BoundMethod.php(35): Illuminate/Container/BoundMethod::callBoundMethod(Object(Illuminate/Foundation/Application), Array, Object(Closure))
#8 D:/DS-TI/CRM-DIMSUM/opm-digemid/vendor/laravel/framework/src/Illuminate/Container/Container.php(696): Illuminate/Container/BoundMethod::call(Object(Illuminate/Foundation/Application), Array, Array, NULL)
#9 D:/DS-TI/CRM-DIMSUM/opm-digemid/vendor/laravel/framework/src/Illuminate/Bus/Dispatcher.php(126): Illuminate/Container/Container->call(Array)
#10 D:/DS-TI/CRM-DIMSUM/opm-digemid/vendor/laravel/framework/src/Illuminate/Pipeline/Pipeline.php(170): Illuminate/Bus/Dispatcher->Illuminate/Bus/{closure}(Object(App/Jobs/ExtraerVentasJob))
#11 D:/DS-TI/CRM-DIMSUM/opm-digemid/vendor/laravel/framework/src/Illuminate/Pipeline/Pipeline.php(127): Illuminate/Pipeline/Pipeline->Illuminate/Pipeline/{closure}(Object(App/Jobs/ExtraerVentasJob))
#12 D:/DS-TI/CRM-DIMSUM/opm-digemid/vendor/laravel/framework/src/Illuminate/Bus/Dispatcher.php(130): Illuminate/Pipeline/Pipeline->then(Object(Closure))
#13 D:/DS-TI/CRM-DIMSUM/opm-digemid/vendor/laravel/framework/src/Illuminate/Queue/CallQueuedHandler.php(126): Illuminate/Bus/Dispatcher->dispatchNow(Object(App/Jobs/ExtraerVentasJob), false)
#14 D:/DS-TI/CRM-DIMSUM/opm-digemid/vendor/laravel/framework/src/Illuminate/Pipeline/Pipeline.php(170): Illuminate/Queue/CallQueuedHandler->Illuminate/Queue/{closure}(Object(App/Jobs/ExtraerVentasJob))
#15 D:/DS-TI/CRM-DIMSUM/opm-digemid/vendor/laravel/framework/src/Illuminate/Pipeline/Pipeline.php(127): Illuminate/Pipeline/Pipeline->Illuminate/Pipeline/{closure}(Object(App/Jobs/ExtraerVentasJob))
#16 D:/DS-TI/CRM-DIMSUM/opm-digemid/vendor/laravel/framework/src/Illuminate/Queue/CallQueuedHandler.php(121): Illuminate/Pipeline/Pipeline->then(Object(Closure))
#17 D:/DS-TI/CRM-DIMSUM/opm-digemid/vendor/laravel/framework/src/Illuminate/Queue/CallQueuedHandler.php(69): Illuminate/Queue/CallQueuedHandler->dispatchThroughMiddleware(Object(Illuminate/Queue/Jobs/DatabaseJob), Object(App/Jobs/ExtraerVentasJob))
#18 D:/DS-TI/CRM-DIMSUM/opm-digemid/vendor/laravel/framework/src/Illuminate/Queue/Jobs/Job.php(102): Illuminate/Queue/CallQueuedHandler->call(Object(Illuminate/Queue/Jobs/DatabaseJob), Array)
#19 D:/DS-TI/CRM-DIMSUM/opm-digemid/vendor/laravel/framework/src/Illuminate/Queue/Worker.php(461): Illuminate/Queue/Jobs/Job->fire()
#20 D:/DS-TI/CRM-DIMSUM/opm-digemid/vendor/laravel/framework/src/Illuminate/Queue/Worker.php(411): Illuminate/Queue/Worker->process('database', Object(Illuminate/Queue/Jobs/DatabaseJob), Object(Illuminate/Queue/WorkerOptions))
#21 D:/DS-TI/CRM-DIMSUM/opm-digemid/vendor/laravel/framework/src/Illuminate/Queue/Worker.php(189): Illuminate/Queue/Worker->runJob(Object(Illuminate/Queue/Jobs/DatabaseJob), 'database', Object(Illuminate/Queue/WorkerOptions))
#22 D:/DS-TI/CRM-DIMSUM/opm-digemid/vendor/laravel/framework/src/Illuminate/Queue/Console/WorkCommand.php(150): Illuminate/Queue/Worker->daemon('database', 'default', Object(Illuminate/Queue/WorkerOptions))
#23 D:/DS-TI/CRM-DIMSUM/opm-digemid/vendor/laravel/framework/src/Illuminate/Queue/Console/WorkCommand.php(133): Illuminate/Queue/Console/WorkCommand->runWorker('database', 'default')
#24 D:/DS-TI/CRM-DIMSUM/opm-digemid/vendor/laravel/framework/src/Illuminate/Container/BoundMethod.php(36): Illuminate/Queue/Console/WorkCommand->handle()
#25 D:/DS-TI/CRM-DIMSUM/opm-digemid/vendor/laravel/framework/src/Illuminate/Container/Util.php(43): Illuminate/Container/BoundMethod::Illuminate/Container/{closure}()
#26 D:/DS-TI/CRM-DIMSUM/opm-digemid/vendor/laravel/framework/src/Illuminate/Container/BoundMethod.php(95): Illuminate/Container/Util::unwrapIfClosure(Object(Closure))
#27 D:/DS-TI/CRM-DIMSUM/opm-digemid/vendor/laravel/framework/src/Illuminate/Container/BoundMethod.php(35): Illuminate/Container/BoundMethod::callBoundMethod(Object(Illuminate/Foundation/Application), Array, Object(Closure))
#28 D:/DS-TI/CRM-DIMSUM/opm-digemid/vendor/laravel/framework/src/Illuminate/Container/Container.php(696): Illuminate/Container/BoundMethod::call(Object(Illuminate/Foundation/Application), Array, Array, NULL)
#29 D:/DS-TI/CRM-DIMSUM/opm-digemid/vendor/laravel/framework/src/Illuminate/Console/Command.php(213): Illuminate/Container/Container->call(Array)
#30 D:/DS-TI/CRM-DIMSUM/opm-digemid/vendor/symfony/console/Command/Command.php(341): Illuminate/Console/Command->execute(Object(Symfony/Component/Console/Input/ArgvInput), Object(Illuminate/Console/OutputStyle))
#31 D:/DS-TI/CRM-DIMSUM/opm-digemid/vendor/laravel/framework/src/Illuminate/Console/Command.php(182): Symfony/Component/Console/Command/Command->run(Object(Symfony/Component/Console/Input/ArgvInput), Object(Illuminate/Console/OutputStyle))
#32 D:/DS-TI/CRM-DIMSUM/opm-digemid/vendor/symfony/console/Application.php(1117): Illuminate/Console/Command->run(Object(Symfony/Component/Console/Input/ArgvInput), Object(Symfony/Component/Console/Output/ConsoleOutput))
#33 D:/DS-TI/CRM-DIMSUM/opm-digemid/vendor/symfony/console/Application.php(356): Symfony/Component/Console/Application->doRunCommand(Object(Illuminate/Queue/Console/WorkCommand), Object(Symfony/Component/Console/Input/ArgvInput), Object(Symfony/Component/Console/Output/ConsoleOutput))
#34 D:/DS-TI/CRM-DIMSUM/opm-digemid/vendor/symfony/console/Application.php(195): Symfony/Component/Console/Application->doRun(Object(Symfony/Component/Console/Input/ArgvInput), Object(Symfony/Component/Console/Output/ConsoleOutput))
#35 D:/DS-TI/CRM-DIMSUM/opm-digemid/vendor/laravel/framework/src/Illuminate/Foundation/Console/Kernel.php(198): Symfony/Component/Console/Application->run(Object(Symfony/Component/Console/Input/ArgvInput), Object(Symfony/Component/Console/Output/ConsoleOutput))
#36 D:/DS-TI/CRM-DIMSUM/opm-digemid/vendor/laravel/framework/src/Illuminate/Foundation/Application.php(1235): Illuminate/Foundation/Console/Kernel->handle(Object(Symfony/Component/Console/Input/ArgvInput), Object(Symfony/Component/Console/Output/ConsoleOutput))
#37 D:/DS-TI/CRM-DIMSUM/opm-digemid/artisan(13): Illuminate/Foundation/Application->handleCommand(Object(Symfony/Component/Console/Input/ArgvInput))
#38 {main}
"} 
[2026-08-20 00:16:31] local.ERROR: No se pudo consultar Logística. Intenta nuevamente. {"exception":"[object] (RuntimeException(code: 0): No se pudo consultar Logística. Intenta nuevamente. at D:/DS-TI/CRM-DIMSUM/opm-digemid/app/Services/SalesGatewayClient.php:48)
[stacktrace]
#0 D:/DS-TI/CRM-DIMSUM/opm-digemid/app/Services/SalesGatewayClient.php(39): App/Services/SalesGatewayClient->get('/api/ventas/661...')
#1 D:/DS-TI/CRM-DIMSUM/opm-digemid/app/Jobs/ExtraerVentasJob.php(98): App/Services/SalesGatewayClient->saleDetail('661248')
#2 D:/DS-TI/CRM-DIMSUM/opm-digemid/app/Jobs/ExtraerVentasJob.php(65): App/Jobs/ExtraerVentasJob->procesarVenta(Object(App/Models/VentaExtraccion), Object(App/Services/SalesGatewayClient), Array)
#3 D:/DS-TI/CRM-DIMSUM/opm-digemid/app/Jobs/ExtraerVentasJob.php(36): App/Jobs/ExtraerVentasJob->procesar(Object(App/Models/VentaExtraccion), Object(App/Services/SalesGatewayClient))
#4 D:/DS-TI/CRM-DIMSUM/opm-digemid/vendor/laravel/framework/src/Illuminate/Container/BoundMethod.php(36): App/Jobs/ExtraerVentasJob->handle(Object(App/Services/SalesGatewayClient))
#5 D:/DS-TI/CRM-DIMSUM/opm-digemid/vendor/laravel/framework/src/Illuminate/Container/Util.php(43): Illuminate/Container/BoundMethod::Illuminate/Container/{closure}()
#6 D:/DS-TI/CRM-DIMSUM/opm-digemid/vendor/laravel/framework/src/Illuminate/Container/BoundMethod.php(95): Illuminate/Container/Util::unwrapIfClosure(Object(Closure))
#7 D:/DS-TI/CRM-DIMSUM/opm-digemid/vendor/laravel/framework/src/Illuminate/Container/BoundMethod.php(35): Illuminate/Container/BoundMethod::callBoundMethod(Object(Illuminate/Foundation/Application), Array, Object(Closure))
#8 D:/DS-TI/CRM-DIMSUM/opm-digemid/vendor/laravel/framework/src/Illuminate/Container/Container.php(696): Illuminate/Container/BoundMethod::call(Object(Illuminate/Foundation/Application), Array, Array, NULL)
#9 D:/DS-TI/CRM-DIMSUM/opm-digemid/vendor/laravel/framework/src/Illuminate/Bus/Dispatcher.php(126): Illuminate/Container/Container->call(Array)
#10 D:/DS-TI/CRM-DIMSUM/opm-digemid/vendor/laravel/framework/src/Illuminate/Pipeline/Pipeline.php(170): Illuminate/Bus/Dispatcher->Illuminate/Bus/{closure}(Object(App/Jobs/ExtraerVentasJob))
#11 D:/DS-TI/CRM-DIMSUM/opm-digemid/vendor/laravel/framework/src/Illuminate/Pipeline/Pipeline.php(127): Illuminate/Pipeline/Pipeline->Illuminate/Pipeline/{closure}(Object(App/Jobs/ExtraerVentasJob))
#12 D:/DS-TI/CRM-DIMSUM/opm-digemid/vendor/laravel/framework/src/Illuminate/Bus/Dispatcher.php(130): Illuminate/Pipeline/Pipeline->then(Object(Closure))
#13 D:/DS-TI/CRM-DIMSUM/opm-digemid/vendor/laravel/framework/src/Illuminate/Queue/CallQueuedHandler.php(126): Illuminate/Bus/Dispatcher->dispatchNow(Object(App/Jobs/ExtraerVentasJob), false)
#14 D:/DS-TI/CRM-DIMSUM/opm-digemid/vendor/laravel/framework/src/Illuminate/Pipeline/Pipeline.php(170): Illuminate/Queue/CallQueuedHandler->Illuminate/Queue/{closure}(Object(App/Jobs/ExtraerVentasJob))
#15 D:/DS-TI/CRM-DIMSUM/opm-digemid/vendor/laravel/framework/src/Illuminate/Pipeline/Pipeline.php(127): Illuminate/Pipeline/Pipeline->Illuminate/Pipeline/{closure}(Object(App/Jobs/ExtraerVentasJob))
#16 D:/DS-TI/CRM-DIMSUM/opm-digemid/vendor/laravel/framework/src/Illuminate/Queue/CallQueuedHandler.php(121): Illuminate/Pipeline/Pipeline->then(Object(Closure))
#17 D:/DS-TI/CRM-DIMSUM/opm-digemid/vendor/laravel/framework/src/Illuminate/Queue/CallQueuedHandler.php(69): Illuminate/Queue/CallQueuedHandler->dispatchThroughMiddleware(Object(Illuminate/Queue/Jobs/DatabaseJob), Object(App/Jobs/ExtraerVentasJob))
#18 D:/DS-TI/CRM-DIMSUM/opm-digemid/vendor/laravel/framework/src/Illuminate/Queue/Jobs/Job.php(102): Illuminate/Queue/CallQueuedHandler->call(Object(Illuminate/Queue/Jobs/DatabaseJob), Array)
#19 D:/DS-TI/CRM-DIMSUM/opm-digemid/vendor/laravel/framework/src/Illuminate/Queue/Worker.php(461): Illuminate/Queue/Jobs/Job->fire()
#20 D:/DS-TI/CRM-DIMSUM/opm-digemid/vendor/laravel/framework/src/Illuminate/Queue/Worker.php(411): Illuminate/Queue/Worker->process('database', Object(Illuminate/Queue/Jobs/DatabaseJob), Object(Illuminate/Queue/WorkerOptions))
#21 D:/DS-TI/CRM-DIMSUM/opm-digemid/vendor/laravel/framework/src/Illuminate/Queue/Worker.php(189): Illuminate/Queue/Worker->runJob(Object(Illuminate/Queue/Jobs/DatabaseJob), 'database', Object(Illuminate/Queue/WorkerOptions))
#22 D:/DS-TI/CRM-DIMSUM/opm-digemid/vendor/laravel/framework/src/Illuminate/Queue/Console/WorkCommand.php(150): Illuminate/Queue/Worker->daemon('database', 'default', Object(Illuminate/Queue/WorkerOptions))
#23 D:/DS-TI/CRM-DIMSUM/opm-digemid/vendor/laravel/framework/src/Illuminate/Queue/Console/WorkCommand.php(133): Illuminate/Queue/Console/WorkCommand->runWorker('database', 'default')
#24 D:/DS-TI/CRM-DIMSUM/opm-digemid/vendor/laravel/framework/src/Illuminate/Container/BoundMethod.php(36): Illuminate/Queue/Console/WorkCommand->handle()
#25 D:/DS-TI/CRM-DIMSUM/opm-digemid/vendor/laravel/framework/src/Illuminate/Container/Util.php(43): Illuminate/Container/BoundMethod::Illuminate/Container/{closure}()
#26 D:/DS-TI/CRM-DIMSUM/opm-digemid/vendor/laravel/framework/src/Illuminate/Container/BoundMethod.php(95): Illuminate/Container/Util::unwrapIfClosure(Object(Closure))
#27 D:/DS-TI/CRM-DIMSUM/opm-digemid/vendor/laravel/framework/src/Illuminate/Container/BoundMethod.php(35): Illuminate/Container/BoundMethod::callBoundMethod(Object(Illuminate/Foundation/Application), Array, Object(Closure))
#28 D:/DS-TI/CRM-DIMSUM/opm-digemid/vendor/laravel/framework/src/Illuminate/Container/Container.php(696): Illuminate/Container/BoundMethod::call(Object(Illuminate/Foundation/Application), Array, Array, NULL)
#29 D:/DS-TI/CRM-DIMSUM/opm-digemid/vendor/laravel/framework/src/Illuminate/Console/Command.php(213): Illuminate/Container/Container->call(Array)
#30 D:/DS-TI/CRM-DIMSUM/opm-digemid/vendor/symfony/console/Command/Command.php(341): Illuminate/Console/Command->execute(Object(Symfony/Component/Console/Input/ArgvInput), Object(Illuminate/Console/OutputStyle))
#31 D:/DS-TI/CRM-DIMSUM/opm-digemid/vendor/laravel/framework/src/Illuminate/Console/Command.php(182): Symfony/Component/Console/Command/Command->run(Object(Symfony/Component/Console/Input/ArgvInput), Object(Illuminate/Console/OutputStyle))
#32 D:/DS-TI/CRM-DIMSUM/opm-digemid/vendor/symfony/console/Application.php(1117): Illuminate/Console/Command->run(Object(Symfony/Component/Console/Input/ArgvInput), Object(Symfony/Component/Console/Output/ConsoleOutput))
#33 D:/DS-TI/CRM-DIMSUM/opm-digemid/vendor/symfony/console/Application.php(356): Symfony/Component/Console/Application->doRunCommand(Object(Illuminate/Queue/Console/WorkCommand), Object(Symfony/Component/Console/Input/ArgvInput), Object(Symfony/Component/Console/Output/ConsoleOutput))
#34 D:/DS-TI/CRM-DIMSUM/opm-digemid/vendor/symfony/console/Application.php(195): Symfony/Component/Console/Application->doRun(Object(Symfony/Component/Console/Input/ArgvInput), Object(Symfony/Component/Console/Output/ConsoleOutput))
#35 D:/DS-TI/CRM-DIMSUM/opm-digemid/vendor/laravel/framework/src/Illuminate/Foundation/Console/Kernel.php(198): Symfony/Component/Console/Application->run(Object(Symfony/Component/Console/Input/ArgvInput), Object(Symfony/Component/Console/Output/ConsoleOutput))
#36 D:/DS-TI/CRM-DIMSUM/opm-digemid/vendor/laravel/framework/src/Illuminate/Foundation/Application.php(1235): Illuminate/Foundation/Console/Kernel->handle(Object(Symfony/Component/Console/Input/ArgvInput), Object(Symfony/Component/Console/Output/ConsoleOutput))
#37 D:/DS-TI/CRM-DIMSUM/opm-digemid/artisan(13): Illuminate/Foundation/Application->handleCommand(Object(Symfony/Component/Console/Input/ArgvInput))
#38 {main}
"} 
[2026-08-20 00:16:31] local.ERROR: No se pudo consultar Logística. Intenta nuevamente. {"exception":"[object] (RuntimeException(code: 0): No se pudo consultar Logística. Intenta nuevamente. at D:/DS-TI/CRM-DIMSUM/opm-digemid/app/Services/SalesGatewayClient.php:48)
[stacktrace]
#0 D:/DS-TI/CRM-DIMSUM/opm-digemid/app/Services/SalesGatewayClient.php(39): App/Services/SalesGatewayClient->get('/api/ventas/661...')
#1 D:/DS-TI/CRM-DIMSUM/opm-digemid/app/Jobs/ExtraerVentasJob.php(98): App/Services/SalesGatewayClient->saleDetail('661246')
#2 D:/DS-TI/CRM-DIMSUM/opm-digemid/app/Jobs/ExtraerVentasJob.php(65): App/Jobs/ExtraerVentasJob->procesarVenta(Object(App/Models/VentaExtraccion), Object(App/Services/SalesGatewayClient), Array)
#3 D:/DS-TI/CRM-DIMSUM/opm-digemid/app/Jobs/ExtraerVentasJob.php(36): App/Jobs/ExtraerVentasJob->procesar(Object(App/Models/VentaExtraccion), Object(App/Services/SalesGatewayClient))
#4 D:/DS-TI/CRM-DIMSUM/opm-digemid/vendor/laravel/framework/src/Illuminate/Container/BoundMethod.php(36): App/Jobs/ExtraerVentasJob->handle(Object(App/Services/SalesGatewayClient))
#5 D:/DS-TI/CRM-DIMSUM/opm-digemid/vendor/laravel/framework/src/Illuminate/Container/Util.php(43): Illuminate/Container/BoundMethod::Illuminate/Container/{closure}()
#6 D:/DS-TI/CRM-DIMSUM/opm-digemid/vendor/laravel/framework/src/Illuminate/Container/BoundMethod.php(95): Illuminate/Container/Util::unwrapIfClosure(Object(Closure))
#7 D:/DS-TI/CRM-DIMSUM/opm-digemid/vendor/laravel/framework/src/Illuminate/Container/BoundMethod.php(35): Illuminate/Container/BoundMethod::callBoundMethod(Object(Illuminate/Foundation/Application), Array, Object(Closure))
#8 D:/DS-TI/CRM-DIMSUM/opm-digemid/vendor/laravel/framework/src/Illuminate/Container/Container.php(696): Illuminate/Container/BoundMethod::call(Object(Illuminate/Foundation/Application), Array, Array, NULL)
#9 D:/DS-TI/CRM-DIMSUM/opm-digemid/vendor/laravel/framework/src/Illuminate/Bus/Dispatcher.php(126): Illuminate/Container/Container->call(Array)
#10 D:/DS-TI/CRM-DIMSUM/opm-digemid/vendor/laravel/framework/src/Illuminate/Pipeline/Pipeline.php(170): Illuminate/Bus/Dispatcher->Illuminate/Bus/{closure}(Object(App/Jobs/ExtraerVentasJob))
#11 D:/DS-TI/CRM-DIMSUM/opm-digemid/vendor/laravel/framework/src/Illuminate/Pipeline/Pipeline.php(127): Illuminate/Pipeline/Pipeline->Illuminate/Pipeline/{closure}(Object(App/Jobs/ExtraerVentasJob))
#12 D:/DS-TI/CRM-DIMSUM/opm-digemid/vendor/laravel/framework/src/Illuminate/Bus/Dispatcher.php(130): Illuminate/Pipeline/Pipeline->then(Object(Closure))
#13 D:/DS-TI/CRM-DIMSUM/opm-digemid/vendor/laravel/framework/src/Illuminate/Queue/CallQueuedHandler.php(126): Illuminate/Bus/Dispatcher->dispatchNow(Object(App/Jobs/ExtraerVentasJob), false)
#14 D:/DS-TI/CRM-DIMSUM/opm-digemid/vendor/laravel/framework/src/Illuminate/Pipeline/Pipeline.php(170): Illuminate/Queue/CallQueuedHandler->Illuminate/Queue/{closure}(Object(App/Jobs/ExtraerVentasJob))
#15 D:/DS-TI/CRM-DIMSUM/opm-digemid/vendor/laravel/framework/src/Illuminate/Pipeline/Pipeline.php(127): Illuminate/Pipeline/Pipeline->Illuminate/Pipeline/{closure}(Object(App/Jobs/ExtraerVentasJob))
#16 D:/DS-TI/CRM-DIMSUM/opm-digemid/vendor/laravel/framework/src/Illuminate/Queue/CallQueuedHandler.php(121): Illuminate/Pipeline/Pipeline->then(Object(Closure))
#17 D:/DS-TI/CRM-DIMSUM/opm-digemid/vendor/laravel/framework/src/Illuminate/Queue/CallQueuedHandler.php(69): Illuminate/Queue/CallQueuedHandler->dispatchThroughMiddleware(Object(Illuminate/Queue/Jobs/DatabaseJob), Object(App/Jobs/ExtraerVentasJob))
#18 D:/DS-TI/CRM-DIMSUM/opm-digemid/vendor/laravel/framework/src/Illuminate/Queue/Jobs/Job.php(102): Illuminate/Queue/CallQueuedHandler->call(Object(Illuminate/Queue/Jobs/DatabaseJob), Array)
#19 D:/DS-TI/CRM-DIMSUM/opm-digemid/vendor/laravel/framework/src/Illuminate/Queue/Worker.php(461): Illuminate/Queue/Jobs/Job->fire()
#20 D:/DS-TI/CRM-DIMSUM/opm-digemid/vendor/laravel/framework/src/Illuminate/Queue/Worker.php(411): Illuminate/Queue/Worker->process('database', Object(Illuminate/Queue/Jobs/DatabaseJob), Object(Illuminate/Queue/WorkerOptions))
#21 D:/DS-TI/CRM-DIMSUM/opm-digemid/vendor/laravel/framework/src/Illuminate/Queue/Worker.php(189): Illuminate/Queue/Worker->runJob(Object(Illuminate/Queue/Jobs/DatabaseJob), 'database', Object(Illuminate/Queue/WorkerOptions))
#22 D:/DS-TI/CRM-DIMSUM/opm-digemid/vendor/laravel/framework/src/Illuminate/Queue/Console/WorkCommand.php(150): Illuminate/Queue/Worker->daemon('database', 'default', Object(Illuminate/Queue/WorkerOptions))
#23 D:/DS-TI/CRM-DIMSUM/opm-digemid/vendor/laravel/framework/src/Illuminate/Queue/Console/WorkCommand.php(133): Illuminate/Queue/Console/WorkCommand->runWorker('database', 'default')
#24 D:/DS-TI/CRM-DIMSUM/opm-digemid/vendor/laravel/framework/src/Illuminate/Container/BoundMethod.php(36): Illuminate/Queue/Console/WorkCommand->handle()
#25 D:/DS-TI/CRM-DIMSUM/opm-digemid/vendor/laravel/framework/src/Illuminate/Container/Util.php(43): Illuminate/Container/BoundMethod::Illuminate/Container/{closure}()
#26 D:/DS-TI/CRM-DIMSUM/opm-digemid/vendor/laravel/framework/src/Illuminate/Container/BoundMethod.php(95): Illuminate/Container/Util::unwrapIfClosure(Object(Closure))
#27 D:/DS-TI/CRM-DIMSUM/opm-digemid/vendor/laravel/framework/src/Illuminate/Container/BoundMethod.php(35): Illuminate/Container/BoundMethod::callBoundMethod(Object(Illuminate/Foundation/Application), Array, Object(Closure))
#28 D:/DS-TI/CRM-DIMSUM/opm-digemid/vendor/laravel/framework/src/Illuminate/Container/Container.php(696): Illuminate/Container/BoundMethod::call(Object(Illuminate/Foundation/Application), Array, Array, NULL)
#29 D:/DS-TI/CRM-DIMSUM/opm-digemid/vendor/laravel/framework/src/Illuminate/Console/Command.php(213): Illuminate/Container/Container->call(Array)
#30 D:/DS-TI/CRM-DIMSUM/opm-digemid/vendor/symfony/console/Command/Command.php(341): Illuminate/Console/Command->execute(Object(Symfony/Component/Console/Input/ArgvInput), Object(Illuminate/Console/OutputStyle))
#31 D:/DS-TI/CRM-DIMSUM/opm-digemid/vendor/laravel/framework/src/Illuminate/Console/Command.php(182): Symfony/Component/Console/Command/Command->run(Object(Symfony/Component/Console/Input/ArgvInput), Object(Illuminate/Console/OutputStyle))
#32 D:/DS-TI/CRM-DIMSUM/opm-digemid/vendor/symfony/console/Application.php(1117): Illuminate/Console/Command->run(Object(Symfony/Component/Console/Input/ArgvInput), Object(Symfony/Component/Console/Output/ConsoleOutput))
#33 D:/DS-TI/CRM-DIMSUM/opm-digemid/vendor/symfony/console/Application.php(356): Symfony/Component/Console/Application->doRunCommand(Object(Illuminate/Queue/Console/WorkCommand), Object(Symfony/Component/Console/Input/ArgvInput), Object(Symfony/Component/Console/Output/ConsoleOutput))
#34 D:/DS-TI/CRM-DIMSUM/opm-digemid/vendor/symfony/console/Application.php(195): Symfony/Component/Console/Application->doRun(Object(Symfony/Component/Console/Input/ArgvInput), Object(Symfony/Component/Console/Output/ConsoleOutput))
#35 D:/DS-TI/CRM-DIMSUM/opm-digemid/vendor/laravel/framework/src/Illuminate/Foundation/Console/Kernel.php(198): Symfony/Component/Console/Application->run(Object(Symfony/Component/Console/Input/ArgvInput), Object(Symfony/Component/Console/Output/ConsoleOutput))
#36 D:/DS-TI/CRM-DIMSUM/opm-digemid/vendor/laravel/framework/src/Illuminate/Foundation/Application.php(1235): Illuminate/Foundation/Console/Kernel->handle(Object(Symfony/Component/Console/Input/ArgvInput), Object(Symfony/Component/Console/Output/ConsoleOutput))
#37 D:/DS-TI/CRM-DIMSUM/opm-digemid/artisan(13): Illuminate/Foundation/Application->handleCommand(Object(Symfony/Component/Console/Input/ArgvInput))
#38 {main}
"} 
[2026-08-20 00:16:31] local.ERROR: No se pudo consultar Logística. Intenta nuevamente. {"exception":"[object] (RuntimeException(code: 0): No se pudo consultar Logística. Intenta nuevamente. at D:/DS-TI/CRM-DIMSUM/opm-digemid/app/Services/SalesGatewayClient.php:48)
[stacktrace]
#0 D:/DS-TI/CRM-DIMSUM/opm-digemid/app/Services/SalesGatewayClient.php(39): App/Services/SalesGatewayClient->get('/api/ventas/661...')
#1 D:/DS-TI/CRM-DIMSUM/opm-digemid/app/Jobs/ExtraerVentasJob.php(98): App/Services/SalesGatewayClient->saleDetail('661247')
#2 D:/DS-TI/CRM-DIMSUM/opm-digemid/app/Jobs/ExtraerVentasJob.php(65): App/Jobs/ExtraerVentasJob->procesarVenta(Object(App/Models/VentaExtraccion), Object(App/Services/SalesGatewayClient), Array)
#3 D:/DS-TI/CRM-DIMSUM/opm-digemid/app/Jobs/ExtraerVentasJob.php(36): App/Jobs/ExtraerVentasJob->procesar(Object(App/Models/VentaExtraccion), Object(App/Services/SalesGatewayClient))
#4 D:/DS-TI/CRM-DIMSUM/opm-digemid/vendor/laravel/framework/src/Illuminate/Container/BoundMethod.php(36): App/Jobs/ExtraerVentasJob->handle(Object(App/Services/SalesGatewayClient))
#5 D:/DS-TI/CRM-DIMSUM/opm-digemid/vendor/laravel/framework/src/Illuminate/Container/Util.php(43): Illuminate/Container/BoundMethod::Illuminate/Container/{closure}()
#6 D:/DS-TI/CRM-DIMSUM/opm-digemid/vendor/laravel/framework/src/Illuminate/Container/BoundMethod.php(95): Illuminate/Container/Util::unwrapIfClosure(Object(Closure))
#7 D:/DS-TI/CRM-DIMSUM/opm-digemid/vendor/laravel/framework/src/Illuminate/Container/BoundMethod.php(35): Illuminate/Container/BoundMethod::callBoundMethod(Object(Illuminate/Foundation/Application), Array, Object(Closure))
#8 D:/DS-TI/CRM-DIMSUM/opm-digemid/vendor/laravel/framework/src/Illuminate/Container/Container.php(696): Illuminate/Container/BoundMethod::call(Object(Illuminate/Foundation/Application), Array, Array, NULL)
#9 D:/DS-TI/CRM-DIMSUM/opm-digemid/vendor/laravel/framework/src/Illuminate/Bus/Dispatcher.php(126): Illuminate/Container/Container->call(Array)
#10 D:/DS-TI/CRM-DIMSUM/opm-digemid/vendor/laravel/framework/src/Illuminate/Pipeline/Pipeline.php(170): Illuminate/Bus/Dispatcher->Illuminate/Bus/{closure}(Object(App/Jobs/ExtraerVentasJob))
#11 D:/DS-TI/CRM-DIMSUM/opm-digemid/vendor/laravel/framework/src/Illuminate/Pipeline/Pipeline.php(127): Illuminate/Pipeline/Pipeline->Illuminate/Pipeline/{closure}(Object(App/Jobs/ExtraerVentasJob))
#12 D:/DS-TI/CRM-DIMSUM/opm-digemid/vendor/laravel/framework/src/Illuminate/Bus/Dispatcher.php(130): Illuminate/Pipeline/Pipeline->then(Object(Closure))
#13 D:/DS-TI/CRM-DIMSUM/opm-digemid/vendor/laravel/framework/src/Illuminate/Queue/CallQueuedHandler.php(126): Illuminate/Bus/Dispatcher->dispatchNow(Object(App/Jobs/ExtraerVentasJob), false)
#14 D:/DS-TI/CRM-DIMSUM/opm-digemid/vendor/laravel/framework/src/Illuminate/Pipeline/Pipeline.php(170): Illuminate/Queue/CallQueuedHandler->Illuminate/Queue/{closure}(Object(App/Jobs/ExtraerVentasJob))
#15 D:/DS-TI/CRM-DIMSUM/opm-digemid/vendor/laravel/framework/src/Illuminate/Pipeline/Pipeline.php(127): Illuminate/Pipeline/Pipeline->Illuminate/Pipeline/{closure}(Object(App/Jobs/ExtraerVentasJob))
#16 D:/DS-TI/CRM-DIMSUM/opm-digemid/vendor/laravel/framework/src/Illuminate/Queue/CallQueuedHandler.php(121): Illuminate/Pipeline/Pipeline->then(Object(Closure))
#17 D:/DS-TI/CRM-DIMSUM/opm-digemid/vendor/laravel/framework/src/Illuminate/Queue/CallQueuedHandler.php(69): Illuminate/Queue/CallQueuedHandler->dispatchThroughMiddleware(Object(Illuminate/Queue/Jobs/DatabaseJob), Object(App/Jobs/ExtraerVentasJob))
#18 D:/DS-TI/CRM-DIMSUM/opm-digemid/vendor/laravel/framework/src/Illuminate/Queue/Jobs/Job.php(102): Illuminate/Queue/CallQueuedHandler->call(Object(Illuminate/Queue/Jobs/DatabaseJob), Array)
#19 D:/DS-TI/CRM-DIMSUM/opm-digemid/vendor/laravel/framework/src/Illuminate/Queue/Worker.php(461): Illuminate/Queue/Jobs/Job->fire()
#20 D:/DS-TI/CRM-DIMSUM/opm-digemid/vendor/laravel/framework/src/Illuminate/Queue/Worker.php(411): Illuminate/Queue/Worker->process('database', Object(Illuminate/Queue/Jobs/DatabaseJob), Object(Illuminate/Queue/WorkerOptions))
#21 D:/DS-TI/CRM-DIMSUM/opm-digemid/vendor/laravel/framework/src/Illuminate/Queue/Worker.php(189): Illuminate/Queue/Worker->runJob(Object(Illuminate/Queue/Jobs/DatabaseJob), 'database', Object(Illuminate/Queue/WorkerOptions))
#22 D:/DS-TI/CRM-DIMSUM/opm-digemid/vendor/laravel/framework/src/Illuminate/Queue/Console/WorkCommand.php(150): Illuminate/Queue/Worker->daemon('database', 'default', Object(Illuminate/Queue/WorkerOptions))
#23 D:/DS-TI/CRM-DIMSUM/opm-digemid/vendor/laravel/framework/src/Illuminate/Queue/Console/WorkCommand.php(133): Illuminate/Queue/Console/WorkCommand->runWorker('database', 'default')
#24 D:/DS-TI/CRM-DIMSUM/opm-digemid/vendor/laravel/framework/src/Illuminate/Container/BoundMethod.php(36): Illuminate/Queue/Console/WorkCommand->handle()
#25 D:/DS-TI/CRM-DIMSUM/opm-digemid/vendor/laravel/framework/src/Illuminate/Container/Util.php(43): Illuminate/Container/BoundMethod::Illuminate/Container/{closure}()
#26 D:/DS-TI/CRM-DIMSUM/opm-digemid/vendor/laravel/framework/src/Illuminate/Container/BoundMethod.php(95): Illuminate/Container/Util::unwrapIfClosure(Object(Closure))
#27 D:/DS-TI/CRM-DIMSUM/opm-digemid/vendor/laravel/framework/src/Illuminate/Container/BoundMethod.php(35): Illuminate/Container/BoundMethod::callBoundMethod(Object(Illuminate/Foundation/Application), Array, Object(Closure))
#28 D:/DS-TI/CRM-DIMSUM/opm-digemid/vendor/laravel/framework/src/Illuminate/Container/Container.php(696): Illuminate/Container/BoundMethod::call(Object(Illuminate/Foundation/Application), Array, Array, NULL)
#29 D:/DS-TI/CRM-DIMSUM/opm-digemid/vendor/laravel/framework/src/Illuminate/Console/Command.php(213): Illuminate/Container/Container->call(Array)
#30 D:/DS-TI/CRM-DIMSUM/opm-digemid/vendor/symfony/console/Command/Command.php(341): Illuminate/Console/Command->execute(Object(Symfony/Component/Console/Input/ArgvInput), Object(Illuminate/Console/OutputStyle))
#31 D:/DS-TI/CRM-DIMSUM/opm-digemid/vendor/laravel/framework/src/Illuminate/Console/Command.php(182): Symfony/Component/Console/Command/Command->run(Object(Symfony/Component/Console/Input/ArgvInput), Object(Illuminate/Console/OutputStyle))
#32 D:/DS-TI/CRM-DIMSUM/opm-digemid/vendor/symfony/console/Application.php(1117): Illuminate/Console/Command->run(Object(Symfony/Component/Console/Input/ArgvInput), Object(Symfony/Component/Console/Output/ConsoleOutput))
#33 D:/DS-TI/CRM-DIMSUM/opm-digemid/vendor/symfony/console/Application.php(356): Symfony/Component/Console/Application->doRunCommand(Object(Illuminate/Queue/Console/WorkCommand), Object(Symfony/Component/Console/Input/ArgvInput), Object(Symfony/Component/Console/Output/ConsoleOutput))
#34 D:/DS-TI/CRM-DIMSUM/opm-digemid/vendor/symfony/console/Application.php(195): Symfony/Component/Console/Application->doRun(Object(Symfony/Component/Console/Input/ArgvInput), Object(Symfony/Component/Console/Output/ConsoleOutput))
#35 D:/DS-TI/CRM-DIMSUM/opm-digemid/vendor/laravel/framework/src/Illuminate/Foundation/Console/Kernel.php(198): Symfony/Component/Console/Application->run(Object(Symfony/Component/Console/Input/ArgvInput), Object(Symfony/Component/Console/Output/ConsoleOutput))
#36 D:/DS-TI/CRM-DIMSUM/opm-digemid/vendor/laravel/framework/src/Illuminate/Foundation/Application.php(1235): Illuminate/Foundation/Console/Kernel->handle(Object(Symfony/Component/Console/Input/ArgvInput), Object(Symfony/Component/Console/Output/ConsoleOutput))
#37 D:/DS-TI/CRM-DIMSUM/opm-digemid/artisan(13): Illuminate/Foundation/Application->handleCommand(Object(Symfony/Component/Console/Input/ArgvInput))
#38 {main}
"} 
[2026-08-20 00:16:31] local.ERROR: No se pudo consultar Logística. Intenta nuevamente. {"exception":"[object] (RuntimeException(code: 0): No se pudo consultar Logística. Intenta nuevamente. at D:/DS-TI/CRM-DIMSUM/opm-digemid/app/Services/SalesGatewayClient.php:48)
[stacktrace]
#0 D:/DS-TI/CRM-DIMSUM/opm-digemid/app/Services/SalesGatewayClient.php(39): App/Services/SalesGatewayClient->get('/api/ventas/661...')
#1 D:/DS-TI/CRM-DIMSUM/opm-digemid/app/Jobs/ExtraerVentasJob.php(98): App/Services/SalesGatewayClient->saleDetail('661245')
#2 D:/DS-TI/CRM-DIMSUM/opm-digemid/app/Jobs/ExtraerVentasJob.php(65): App/Jobs/ExtraerVentasJob->procesarVenta(Object(App/Models/VentaExtraccion), Object(App/Services/SalesGatewayClient), Array)
#3 D:/DS-TI/CRM-DIMSUM/opm-digemid/app/Jobs/ExtraerVentasJob.php(36): App/Jobs/ExtraerVentasJob->procesar(Object(App/Models/VentaExtraccion), Object(App/Services/SalesGatewayClient))
#4 D:/DS-TI/CRM-DIMSUM/opm-digemid/vendor/laravel/framework/src/Illuminate/Container/BoundMethod.php(36): App/Jobs/ExtraerVentasJob->handle(Object(App/Services/SalesGatewayClient))
#5 D:/DS-TI/CRM-DIMSUM/opm-digemid/vendor/laravel/framework/src/Illuminate/Container/Util.php(43): Illuminate/Container/BoundMethod::Illuminate/Container/{closure}()
#6 D:/DS-TI/CRM-DIMSUM/opm-digemid/vendor/laravel/framework/src/Illuminate/Container/BoundMethod.php(95): Illuminate/Container/Util::unwrapIfClosure(Object(Closure))
#7 D:/DS-TI/CRM-DIMSUM/opm-digemid/vendor/laravel/framework/src/Illuminate/Container/BoundMethod.php(35): Illuminate/Container/BoundMethod::callBoundMethod(Object(Illuminate/Foundation/Application), Array, Object(Closure))
#8 D:/DS-TI/CRM-DIMSUM/opm-digemid/vendor/laravel/framework/src/Illuminate/Container/Container.php(696): Illuminate/Container/BoundMethod::call(Object(Illuminate/Foundation/Application), Array, Array, NULL)
#9 D:/DS-TI/CRM-DIMSUM/opm-digemid/vendor/laravel/framework/src/Illuminate/Bus/Dispatcher.php(126): Illuminate/Container/Container->call(Array)
#10 D:/DS-TI/CRM-DIMSUM/opm-digemid/vendor/laravel/framework/src/Illuminate/Pipeline/Pipeline.php(170): Illuminate/Bus/Dispatcher->Illuminate/Bus/{closure}(Object(App/Jobs/ExtraerVentasJob))
#11 D:/DS-TI/CRM-DIMSUM/opm-digemid/vendor/laravel/framework/src/Illuminate/Pipeline/Pipeline.php(127): Illuminate/Pipeline/Pipeline->Illuminate/Pipeline/{closure}(Object(App/Jobs/ExtraerVentasJob))
#12 D:/DS-TI/CRM-DIMSUM/opm-digemid/vendor/laravel/framework/src/Illuminate/Bus/Dispatcher.php(130): Illuminate/Pipeline/Pipeline->then(Object(Closure))
#13 D:/DS-TI/CRM-DIMSUM/opm-digemid/vendor/laravel/framework/src/Illuminate/Queue/CallQueuedHandler.php(126): Illuminate/Bus/Dispatcher->dispatchNow(Object(App/Jobs/ExtraerVentasJob), false)
#14 D:/DS-TI/CRM-DIMSUM/opm-digemid/vendor/laravel/framework/src/Illuminate/Pipeline/Pipeline.php(170): Illuminate/Queue/CallQueuedHandler->Illuminate/Queue/{closure}(Object(App/Jobs/ExtraerVentasJob))
#15 D:/DS-TI/CRM-DIMSUM/opm-digemid/vendor/laravel/framework/src/Illuminate/Pipeline/Pipeline.php(127): Illuminate/Pipeline/Pipeline->Illuminate/Pipeline/{closure}(Object(App/Jobs/ExtraerVentasJob))
#16 D:/DS-TI/CRM-DIMSUM/opm-digemid/vendor/laravel/framework/src/Illuminate/Queue/CallQueuedHandler.php(121): Illuminate/Pipeline/Pipeline->then(Object(Closure))
#17 D:/DS-TI/CRM-DIMSUM/opm-digemid/vendor/laravel/framework/src/Illuminate/Queue/CallQueuedHandler.php(69): Illuminate/Queue/CallQueuedHandler->dispatchThroughMiddleware(Object(Illuminate/Queue/Jobs/DatabaseJob), Object(App/Jobs/ExtraerVentasJob))
#18 D:/DS-TI/CRM-DIMSUM/opm-digemid/vendor/laravel/framework/src/Illuminate/Queue/Jobs/Job.php(102): Illuminate/Queue/CallQueuedHandler->call(Object(Illuminate/Queue/Jobs/DatabaseJob), Array)
#19 D:/DS-TI/CRM-DIMSUM/opm-digemid/vendor/laravel/framework/src/Illuminate/Queue/Worker.php(461): Illuminate/Queue/Jobs/Job->fire()
#20 D:/DS-TI/CRM-DIMSUM/opm-digemid/vendor/laravel/framework/src/Illuminate/Queue/Worker.php(411): Illuminate/Queue/Worker->process('database', Object(Illuminate/Queue/Jobs/DatabaseJob), Object(Illuminate/Queue/WorkerOptions))
#21 D:/DS-TI/CRM-DIMSUM/opm-digemid/vendor/laravel/framework/src/Illuminate/Queue/Worker.php(189): Illuminate/Queue/Worker->runJob(Object(Illuminate/Queue/Jobs/DatabaseJob), 'database', Object(Illuminate/Queue/WorkerOptions))
#22 D:/DS-TI/CRM-DIMSUM/opm-digemid/vendor/laravel/framework/src/Illuminate/Queue/Console/WorkCommand.php(150): Illuminate/Queue/Worker->daemon('database', 'default', Object(Illuminate/Queue/WorkerOptions))
#23 D:/DS-TI/CRM-DIMSUM/opm-digemid/vendor/laravel/framework/src/Illuminate/Queue/Console/WorkCommand.php(133): Illuminate/Queue/Console/WorkCommand->runWorker('database', 'default')
#24 D:/DS-TI/CRM-DIMSUM/opm-digemid/vendor/laravel/framework/src/Illuminate/Container/BoundMethod.php(36): Illuminate/Queue/Console/WorkCommand->handle()
#25 D:/DS-TI/CRM-DIMSUM/opm-digemid/vendor/laravel/framework/src/Illuminate/Container/Util.php(43): Illuminate/Container/BoundMethod::Illuminate/Container/{closure}()
#26 D:/DS-TI/CRM-DIMSUM/opm-digemid/vendor/laravel/framework/src/Illuminate/Container/BoundMethod.php(95): Illuminate/Container/Util::unwrapIfClosure(Object(Closure))
#27 D:/DS-TI/CRM-DIMSUM/opm-digemid/vendor/laravel/framework/src/Illuminate/Container/BoundMethod.php(35): Illuminate/Container/BoundMethod::callBoundMethod(Object(Illuminate/Foundation/Application), Array, Object(Closure))
#28 D:/DS-TI/CRM-DIMSUM/opm-digemid/vendor/laravel/framework/src/Illuminate/Container/Container.php(696): Illuminate/Container/BoundMethod::call(Object(Illuminate/Foundation/Application), Array, Array, NULL)
#29 D:/DS-TI/CRM-DIMSUM/opm-digemid/vendor/laravel/framework/src/Illuminate/Console/Command.php(213): Illuminate/Container/Container->call(Array)
#30 D:/DS-TI/CRM-DIMSUM/opm-digemid/vendor/symfony/console/Command/Command.php(341): Illuminate/Console/Command->execute(Object(Symfony/Component/Console/Input/ArgvInput), Object(Illuminate/Console/OutputStyle))
#31 D:/DS-TI/CRM-DIMSUM/opm-digemid/vendor/laravel/framework/src/Illuminate/Console/Command.php(182): Symfony/Component/Console/Command/Command->run(Object(Symfony/Component/Console/Input/ArgvInput), Object(Illuminate/Console/OutputStyle))
#32 D:/DS-TI/CRM-DIMSUM/opm-digemid/vendor/symfony/console/Application.php(1117): Illuminate/Console/Command->run(Object(Symfony/Component/Console/Input/ArgvInput), Object(Symfony/Component/Console/Output/ConsoleOutput))
#33 D:/DS-TI/CRM-DIMSUM/opm-digemid/vendor/symfony/console/Application.php(356): Symfony/Component/Console/Application->doRunCommand(Object(Illuminate/Queue/Console/WorkCommand), Object(Symfony/Component/Console/Input/ArgvInput), Object(Symfony/Component/Console/Output/ConsoleOutput))
#34 D:/DS-TI/CRM-DIMSUM/opm-digemid/vendor/symfony/console/Application.php(195): Symfony/Component/Console/Application->doRun(Object(Symfony/Component/Console/Input/ArgvInput), Object(Symfony/Component/Console/Output/ConsoleOutput))
#35 D:/DS-TI/CRM-DIMSUM/opm-digemid/vendor/laravel/framework/src/Illuminate/Foundation/Console/Kernel.php(198): Symfony/Component/Console/Application->run(Object(Symfony/Component/Console/Input/ArgvInput), Object(Symfony/Component/Console/Output/ConsoleOutput))
#36 D:/DS-TI/CRM-DIMSUM/opm-digemid/vendor/laravel/framework/src/Illuminate/Foundation/Application.php(1235): Illuminate/Foundation/Console/Kernel->handle(Object(Symfony/Component/Console/Input/ArgvInput), Object(Symfony/Component/Console/Output/ConsoleOutput))
#37 D:/DS-TI/CRM-DIMSUM/opm-digemid/artisan(13): Illuminate/Foundation/Application->handleCommand(Object(Symfony/Component/Console/Input/ArgvInput))
#38 {main}
"} 
[2026-08-20 00:16:31] local.ERROR: No se pudo consultar Logística. Intenta nuevamente. {"exception":"[object] (RuntimeException(code: 0): No se pudo consultar Logística. Intenta nuevamente. at D:/DS-TI/CRM-DIMSUM/opm-digemid/app/Services/SalesGatewayClient.php:48)
[stacktrace]
#0 D:/DS-TI/CRM-DIMSUM/opm-digemid/app/Services/SalesGatewayClient.php(39): App/Services/SalesGatewayClient->get('/api/ventas/661...')
#1 D:/DS-TI/CRM-DIMSUM/opm-digemid/app/Jobs/ExtraerVentasJob.php(98): App/Services/SalesGatewayClient->saleDetail('661244')
#2 D:/DS-TI/CRM-DIMSUM/opm-digemid/app/Jobs/ExtraerVentasJob.php(65): App/Jobs/ExtraerVentasJob->procesarVenta(Object(App/Models/VentaExtraccion), Object(App/Services/SalesGatewayClient), Array)
#3 D:/DS-TI/CRM-DIMSUM/opm-digemid/app/Jobs/ExtraerVentasJob.php(36): App/Jobs/ExtraerVentasJob->procesar(Object(App/Models/VentaExtraccion), Object(App/Services/SalesGatewayClient))
#4 D:/DS-TI/CRM-DIMSUM/opm-digemid/vendor/laravel/framework/src/Illuminate/Container/BoundMethod.php(36): App/Jobs/ExtraerVentasJob->handle(Object(App/Services/SalesGatewayClient))
#5 D:/DS-TI/CRM-DIMSUM/opm-digemid/vendor/laravel/framework/src/Illuminate/Container/Util.php(43): Illuminate/Container/BoundMethod::Illuminate/Container/{closure}()
#6 D:/DS-TI/CRM-DIMSUM/opm-digemid/vendor/laravel/framework/src/Illuminate/Container/BoundMethod.php(95): Illuminate/Container/Util::unwrapIfClosure(Object(Closure))
#7 D:/DS-TI/CRM-DIMSUM/opm-digemid/vendor/laravel/framework/src/Illuminate/Container/BoundMethod.php(35): Illuminate/Container/BoundMethod::callBoundMethod(Object(Illuminate/Foundation/Application), Array, Object(Closure))
#8 D:/DS-TI/CRM-DIMSUM/opm-digemid/vendor/laravel/framework/src/Illuminate/Container/Container.php(696): Illuminate/Container/BoundMethod::call(Object(Illuminate/Foundation/Application), Array, Array, NULL)
#9 D:/DS-TI/CRM-DIMSUM/opm-digemid/vendor/laravel/framework/src/Illuminate/Bus/Dispatcher.php(126): Illuminate/Container/Container->call(Array)
#10 D:/DS-TI/CRM-DIMSUM/opm-digemid/vendor/laravel/framework/src/Illuminate/Pipeline/Pipeline.php(170): Illuminate/Bus/Dispatcher->Illuminate/Bus/{closure}(Object(App/Jobs/ExtraerVentasJob))
#11 D:/DS-TI/CRM-DIMSUM/opm-digemid/vendor/laravel/framework/src/Illuminate/Pipeline/Pipeline.php(127): Illuminate/Pipeline/Pipeline->Illuminate/Pipeline/{closure}(Object(App/Jobs/ExtraerVentasJob))
#12 D:/DS-TI/CRM-DIMSUM/opm-digemid/vendor/laravel/framework/src/Illuminate/Bus/Dispatcher.php(130): Illuminate/Pipeline/Pipeline->then(Object(Closure))
#13 D:/DS-TI/CRM-DIMSUM/opm-digemid/vendor/laravel/framework/src/Illuminate/Queue/CallQueuedHandler.php(126): Illuminate/Bus/Dispatcher->dispatchNow(Object(App/Jobs/ExtraerVentasJob), false)
#14 D:/DS-TI/CRM-DIMSUM/opm-digemid/vendor/laravel/framework/src/Illuminate/Pipeline/Pipeline.php(170): Illuminate/Queue/CallQueuedHandler->Illuminate/Queue/{closure}(Object(App/Jobs/ExtraerVentasJob))
#15 D:/DS-TI/CRM-DIMSUM/opm-digemid/vendor/laravel/framework/src/Illuminate/Pipeline/Pipeline.php(127): Illuminate/Pipeline/Pipeline->Illuminate/Pipeline/{closure}(Object(App/Jobs/ExtraerVentasJob))
#16 D:/DS-TI/CRM-DIMSUM/opm-digemid/vendor/laravel/framework/src/Illuminate/Queue/CallQueuedHandler.php(121): Illuminate/Pipeline/Pipeline->then(Object(Closure))
#17 D:/DS-TI/CRM-DIMSUM/opm-digemid/vendor/laravel/framework/src/Illuminate/Queue/CallQueuedHandler.php(69): Illuminate/Queue/CallQueuedHandler->dispatchThroughMiddleware(Object(Illuminate/Queue/Jobs/DatabaseJob), Object(App/Jobs/ExtraerVentasJob))
#18 D:/DS-TI/CRM-DIMSUM/opm-digemid/vendor/laravel/framework/src/Illuminate/Queue/Jobs/Job.php(102): Illuminate/Queue/CallQueuedHandler->call(Object(Illuminate/Queue/Jobs/DatabaseJob), Array)
#19 D:/DS-TI/CRM-DIMSUM/opm-digemid/vendor/laravel/framework/src/Illuminate/Queue/Worker.php(461): Illuminate/Queue/Jobs/Job->fire()
#20 D:/DS-TI/CRM-DIMSUM/opm-digemid/vendor/laravel/framework/src/Illuminate/Queue/Worker.php(411): Illuminate/Queue/Worker->process('database', Object(Illuminate/Queue/Jobs/DatabaseJob), Object(Illuminate/Queue/WorkerOptions))
#21 D:/DS-TI/CRM-DIMSUM/opm-digemid/vendor/laravel/framework/src/Illuminate/Queue/Worker.php(189): Illuminate/Queue/Worker->runJob(Object(Illuminate/Queue/Jobs/DatabaseJob), 'database', Object(Illuminate/Queue/WorkerOptions))
#22 D:/DS-TI/CRM-DIMSUM/opm-digemid/vendor/laravel/framework/src/Illuminate/Queue/Console/WorkCommand.php(150): Illuminate/Queue/Worker->daemon('database', 'default', Object(Illuminate/Queue/WorkerOptions))
#23 D:/DS-TI/CRM-DIMSUM/opm-digemid/vendor/laravel/framework/src/Illuminate/Queue/Console/WorkCommand.php(133): Illuminate/Queue/Console/WorkCommand->runWorker('database', 'default')
#24 D:/DS-TI/CRM-DIMSUM/opm-digemid/vendor/laravel/framework/src/Illuminate/Container/BoundMethod.php(36): Illuminate/Queue/Console/WorkCommand->handle()
#25 D:/DS-TI/CRM-DIMSUM/opm-digemid/vendor/laravel/framework/src/Illuminate/Container/Util.php(43): Illuminate/Container/BoundMethod::Illuminate/Container/{closure}()
#26 D:/DS-TI/CRM-DIMSUM/opm-digemid/vendor/laravel/framework/src/Illuminate/Container/BoundMethod.php(95): Illuminate/Container/Util::unwrapIfClosure(Object(Closure))
#27 D:/DS-TI/CRM-DIMSUM/opm-digemid/vendor/laravel/framework/src/Illuminate/Container/BoundMethod.php(35): Illuminate/Container/BoundMethod::callBoundMethod(Object(Illuminate/Foundation/Application), Array, Object(Closure))
#28 D:/DS-TI/CRM-DIMSUM/opm-digemid/vendor/laravel/framework/src/Illuminate/Container/Container.php(696): Illuminate/Container/BoundMethod::call(Object(Illuminate/Foundation/Application), Array, Array, NULL)
#29 D:/DS-TI/CRM-DIMSUM/opm-digemid/vendor/laravel/framework/src/Illuminate/Console/Command.php(213): Illuminate/Container/Container->call(Array)
#30 D:/DS-TI/CRM-DIMSUM/opm-digemid/vendor/symfony/console/Command/Command.php(341): Illuminate/Console/Command->execute(Object(Symfony/Component/Console/Input/ArgvInput), Object(Illuminate/Console/OutputStyle))
#31 D:/DS-TI/CRM-DIMSUM/opm-digemid/vendor/laravel/framework/src/Illuminate/Console/Command.php(182): Symfony/Component/Console/Command/Command->run(Object(Symfony/Component/Console/Input/ArgvInput), Object(Illuminate/Console/OutputStyle))
#32 D:/DS-TI/CRM-DIMSUM/opm-digemid/vendor/symfony/console/Application.php(1117): Illuminate/Console/Command->run(Object(Symfony/Component/Console/Input/ArgvInput), Object(Symfony/Component/Console/Output/ConsoleOutput))
#33 D:/DS-TI/CRM-DIMSUM/opm-digemid/vendor/symfony/console/Application.php(356): Symfony/Component/Console/Application->doRunCommand(Object(Illuminate/Queue/Console/WorkCommand), Object(Symfony/Component/Console/Input/ArgvInput), Object(Symfony/Component/Console/Output/ConsoleOutput))
#34 D:/DS-TI/CRM-DIMSUM/opm-digemid/vendor/symfony/console/Application.php(195): Symfony/Component/Console/Application->doRun(Object(Symfony/Component/Console/Input/ArgvInput), Object(Symfony/Component/Console/Output/ConsoleOutput))
#35 D:/DS-TI/CRM-DIMSUM/opm-digemid/vendor/laravel/framework/src/Illuminate/Foundation/Console/Kernel.php(198): Symfony/Component/Console/Application->run(Object(Symfony/Component/Console/Input/ArgvInput), Object(Symfony/Component/Console/Output/ConsoleOutput))
#36 D:/DS-TI/CRM-DIMSUM/opm-digemid/vendor/laravel/framework/src/Illuminate/Foundation/Application.php(1235): Illuminate/Foundation/Console/Kernel->handle(Object(Symfony/Component/Console/Input/ArgvInput), Object(Symfony/Component/Console/Output/ConsoleOutput))
#37 D:/DS-TI/CRM-DIMSUM/opm-digemid/artisan(13): Illuminate/Foundation/Application->handleCommand(Object(Symfony/Component/Console/Input/ArgvInput))
#38 {main}
"} 
[2026-08-20 00:16:31] local.ERROR: No se pudo consultar Logística. Intenta nuevamente. {"exception":"[object] (RuntimeException(code: 0): No se pudo consultar Logística. Intenta nuevamente. at D:/DS-TI/CRM-DIMSUM/opm-digemid/app/Services/SalesGatewayClient.php:48)
[stacktrace]
#0 D:/DS-TI/CRM-DIMSUM/opm-digemid/app/Services/SalesGatewayClient.php(39): App/Services/SalesGatewayClient->get('/api/ventas/661...')
#1 D:/DS-TI/CRM-DIMSUM/opm-digemid/app/Jobs/ExtraerVentasJob.php(98): App/Services/SalesGatewayClient->saleDetail('661243')
#2 D:/DS-TI/CRM-DIMSUM/opm-digemid/app/Jobs/ExtraerVentasJob.php(65): App/Jobs/ExtraerVentasJob->procesarVenta(Object(App/Models/VentaExtraccion), Object(App/Services/SalesGatewayClient), Array)
#3 D:/DS-TI/CRM-DIMSUM/opm-digemid/app/Jobs/ExtraerVentasJob.php(36): App/Jobs/ExtraerVentasJob->procesar(Object(App/Models/VentaExtraccion), Object(App/Services/SalesGatewayClient))
#4 D:/DS-TI/CRM-DIMSUM/opm-digemid/vendor/laravel/framework/src/Illuminate/Container/BoundMethod.php(36): App/Jobs/ExtraerVentasJob->handle(Object(App/Services/SalesGatewayClient))
#5 D:/DS-TI/CRM-DIMSUM/opm-digemid/vendor/laravel/framework/src/Illuminate/Container/Util.php(43): Illuminate/Container/BoundMethod::Illuminate/Container/{closure}()
#6 D:/DS-TI/CRM-DIMSUM/opm-digemid/vendor/laravel/framework/src/Illuminate/Container/BoundMethod.php(95): Illuminate/Container/Util::unwrapIfClosure(Object(Closure))
#7 D:/DS-TI/CRM-DIMSUM/opm-digemid/vendor/laravel/framework/src/Illuminate/Container/BoundMethod.php(35): Illuminate/Container/BoundMethod::callBoundMethod(Object(Illuminate/Foundation/Application), Array, Object(Closure))
#8 D:/DS-TI/CRM-DIMSUM/opm-digemid/vendor/laravel/framework/src/Illuminate/Container/Container.php(696): Illuminate/Container/BoundMethod::call(Object(Illuminate/Foundation/Application), Array, Array, NULL)
#9 D:/DS-TI/CRM-DIMSUM/opm-digemid/vendor/laravel/framework/src/Illuminate/Bus/Dispatcher.php(126): Illuminate/Container/Container->call(Array)
#10 D:/DS-TI/CRM-DIMSUM/opm-digemid/vendor/laravel/framework/src/Illuminate/Pipeline/Pipeline.php(170): Illuminate/Bus/Dispatcher->Illuminate/Bus/{closure}(Object(App/Jobs/ExtraerVentasJob))
#11 D:/DS-TI/CRM-DIMSUM/opm-digemid/vendor/laravel/framework/src/Illuminate/Pipeline/Pipeline.php(127): Illuminate/Pipeline/Pipeline->Illuminate/Pipeline/{closure}(Object(App/Jobs/ExtraerVentasJob))
#12 D:/DS-TI/CRM-DIMSUM/opm-digemid/vendor/laravel/framework/src/Illuminate/Bus/Dispatcher.php(130): Illuminate/Pipeline/Pipeline->then(Object(Closure))
#13 D:/DS-TI/CRM-DIMSUM/opm-digemid/vendor/laravel/framework/src/Illuminate/Queue/CallQueuedHandler.php(126): Illuminate/Bus/Dispatcher->dispatchNow(Object(App/Jobs/ExtraerVentasJob), false)
#14 D:/DS-TI/CRM-DIMSUM/opm-digemid/vendor/laravel/framework/src/Illuminate/Pipeline/Pipeline.php(170): Illuminate/Queue/CallQueuedHandler->Illuminate/Queue/{closure}(Object(App/Jobs/ExtraerVentasJob))
#15 D:/DS-TI/CRM-DIMSUM/opm-digemid/vendor/laravel/framework/src/Illuminate/Pipeline/Pipeline.php(127): Illuminate/Pipeline/Pipeline->Illuminate/Pipeline/{closure}(Object(App/Jobs/ExtraerVentasJob))
#16 D:/DS-TI/CRM-DIMSUM/opm-digemid/vendor/laravel/framework/src/Illuminate/Queue/CallQueuedHandler.php(121): Illuminate/Pipeline/Pipeline->then(Object(Closure))
#17 D:/DS-TI/CRM-DIMSUM/opm-digemid/vendor/laravel/framework/src/Illuminate/Queue/CallQueuedHandler.php(69): Illuminate/Queue/CallQueuedHandler->dispatchThroughMiddleware(Object(Illuminate/Queue/Jobs/DatabaseJob), Object(App/Jobs/ExtraerVentasJob))
#18 D:/DS-TI/CRM-DIMSUM/opm-digemid/vendor/laravel/framework/src/Illuminate/Queue/Jobs/Job.php(102): Illuminate/Queue/CallQueuedHandler->call(Object(Illuminate/Queue/Jobs/DatabaseJob), Array)
#19 D:/DS-TI/CRM-DIMSUM/opm-digemid/vendor/laravel/framework/src/Illuminate/Queue/Worker.php(461): Illuminate/Queue/Jobs/Job->fire()
#20 D:/DS-TI/CRM-DIMSUM/opm-digemid/vendor/laravel/framework/src/Illuminate/Queue/Worker.php(411): Illuminate/Queue/Worker->process('database', Object(Illuminate/Queue/Jobs/DatabaseJob), Object(Illuminate/Queue/WorkerOptions))
#21 D:/DS-TI/CRM-DIMSUM/opm-digemid/vendor/laravel/framework/src/Illuminate/Queue/Worker.php(189): Illuminate/Queue/Worker->runJob(Object(Illuminate/Queue/Jobs/DatabaseJob), 'database', Object(Illuminate/Queue/WorkerOptions))
#22 D:/DS-TI/CRM-DIMSUM/opm-digemid/vendor/laravel/framework/src/Illuminate/Queue/Console/WorkCommand.php(150): Illuminate/Queue/Worker->daemon('database', 'default', Object(Illuminate/Queue/WorkerOptions))
#23 D:/DS-TI/CRM-DIMSUM/opm-digemid/vendor/laravel/framework/src/Illuminate/Queue/Console/WorkCommand.php(133): Illuminate/Queue/Console/WorkCommand->runWorker('database', 'default')
#24 D:/DS-TI/CRM-DIMSUM/opm-digemid/vendor/laravel/framework/src/Illuminate/Container/BoundMethod.php(36): Illuminate/Queue/Console/WorkCommand->handle()
#25 D:/DS-TI/CRM-DIMSUM/opm-digemid/vendor/laravel/framework/src/Illuminate/Container/Util.php(43): Illuminate/Container/BoundMethod::Illuminate/Container/{closure}()
#26 D:/DS-TI/CRM-DIMSUM/opm-digemid/vendor/laravel/framework/src/Illuminate/Container/BoundMethod.php(95): Illuminate/Container/Util::unwrapIfClosure(Object(Closure))
#27 D:/DS-TI/CRM-DIMSUM/opm-digemid/vendor/laravel/framework/src/Illuminate/Container/BoundMethod.php(35): Illuminate/Container/BoundMethod::callBoundMethod(Object(Illuminate/Foundation/Application), Array, Object(Closure))
#28 D:/DS-TI/CRM-DIMSUM/opm-digemid/vendor/laravel/framework/src/Illuminate/Container/Container.php(696): Illuminate/Container/BoundMethod::call(Object(Illuminate/Foundation/Application), Array, Array, NULL)
#29 D:/DS-TI/CRM-DIMSUM/opm-digemid/vendor/laravel/framework/src/Illuminate/Console/Command.php(213): Illuminate/Container/Container->call(Array)
#30 D:/DS-TI/CRM-DIMSUM/opm-digemid/vendor/symfony/console/Command/Command.php(341): Illuminate/Console/Command->execute(Object(Symfony/Component/Console/Input/ArgvInput), Object(Illuminate/Console/OutputStyle))
#31 D:/DS-TI/CRM-DIMSUM/opm-digemid/vendor/laravel/framework/src/Illuminate/Console/Command.php(182): Symfony/Component/Console/Command/Command->run(Object(Symfony/Component/Console/Input/ArgvInput), Object(Illuminate/Console/OutputStyle))
#32 D:/DS-TI/CRM-DIMSUM/opm-digemid/vendor/symfony/console/Application.php(1117): Illuminate/Console/Command->run(Object(Symfony/Component/Console/Input/ArgvInput), Object(Symfony/Component/Console/Output/ConsoleOutput))
#33 D:/DS-TI/CRM-DIMSUM/opm-digemid/vendor/symfony/console/Application.php(356): Symfony/Component/Console/Application->doRunCommand(Object(Illuminate/Queue/Console/WorkCommand), Object(Symfony/Component/Console/Input/ArgvInput), Object(Symfony/Component/Console/Output/ConsoleOutput))
#34 D:/DS-TI/CRM-DIMSUM/opm-digemid/vendor/symfony/console/Application.php(195): Symfony/Component/Console/Application->doRun(Object(Symfony/Component/Console/Input/ArgvInput), Object(Symfony/Component/Console/Output/ConsoleOutput))
#35 D:/DS-TI/CRM-DIMSUM/opm-digemid/vendor/laravel/framework/src/Illuminate/Foundation/Console/Kernel.php(198): Symfony/Component/Console/Application->run(Object(Symfony/Component/Console/Input/ArgvInput), Object(Symfony/Component/Console/Output/ConsoleOutput))
#36 D:/DS-TI/CRM-DIMSUM/opm-digemid/vendor/laravel/framework/src/Illuminate/Foundation/Application.php(1235): Illuminate/Foundation/Console/Kernel->handle(Object(Symfony/Component/Console/Input/ArgvInput), Object(Symfony/Component/Console/Output/ConsoleOutput))
#37 D:/DS-TI/CRM-DIMSUM/opm-digemid/artisan(13): Illuminate/Foundation/Application->handleCommand(Object(Symfony/Component/Console/Input/ArgvInput))
#38 {main}
"} 
[2026-08-20 00:16:31] local.ERROR: No se pudo consultar Logística. Intenta nuevamente. {"exception":"[object] (RuntimeException(code: 0): No se pudo consultar Logística. Intenta nuevamente. at D:/DS-TI/CRM-DIMSUM/opm-digemid/app/Services/SalesGatewayClient.php:48)
[stacktrace]
#0 D:/DS-TI/CRM-DIMSUM/opm-digemid/app/Services/SalesGatewayClient.php(39): App/Services/SalesGatewayClient->get('/api/ventas/661...')
#1 D:/DS-TI/CRM-DIMSUM/opm-digemid/app/Jobs/ExtraerVentasJob.php(98): App/Services/SalesGatewayClient->saleDetail('661242')
#2 D:/DS-TI/CRM-DIMSUM/opm-digemid/app/Jobs/ExtraerVentasJob.php(65): App/Jobs/ExtraerVentasJob->procesarVenta(Object(App/Models/VentaExtraccion), Object(App/Services/SalesGatewayClient), Array)
#3 D:/DS-TI/CRM-DIMSUM/opm-digemid/app/Jobs/ExtraerVentasJob.php(36): App/Jobs/ExtraerVentasJob->procesar(Object(App/Models/VentaExtraccion), Object(App/Services/SalesGatewayClient))
#4 D:/DS-TI/CRM-DIMSUM/opm-digemid/vendor/laravel/framework/src/Illuminate/Container/BoundMethod.php(36): App/Jobs/ExtraerVentasJob->handle(Object(App/Services/SalesGatewayClient))
#5 D:/DS-TI/CRM-DIMSUM/opm-digemid/vendor/laravel/framework/src/Illuminate/Container/Util.php(43): Illuminate/Container/BoundMethod::Illuminate/Container/{closure}()
#6 D:/DS-TI/CRM-DIMSUM/opm-digemid/vendor/laravel/framework/src/Illuminate/Container/BoundMethod.php(95): Illuminate/Container/Util::unwrapIfClosure(Object(Closure))
#7 D:/DS-TI/CRM-DIMSUM/opm-digemid/vendor/laravel/framework/src/Illuminate/Container/BoundMethod.php(35): Illuminate/Container/BoundMethod::callBoundMethod(Object(Illuminate/Foundation/Application), Array, Object(Closure))
#8 D:/DS-TI/CRM-DIMSUM/opm-digemid/vendor/laravel/framework/src/Illuminate/Container/Container.php(696): Illuminate/Container/BoundMethod::call(Object(Illuminate/Foundation/Application), Array, Array, NULL)
#9 D:/DS-TI/CRM-DIMSUM/opm-digemid/vendor/laravel/framework/src/Illuminate/Bus/Dispatcher.php(126): Illuminate/Container/Container->call(Array)
#10 D:/DS-TI/CRM-DIMSUM/opm-digemid/vendor/laravel/framework/src/Illuminate/Pipeline/Pipeline.php(170): Illuminate/Bus/Dispatcher->Illuminate/Bus/{closure}(Object(App/Jobs/ExtraerVentasJob))
#11 D:/DS-TI/CRM-DIMSUM/opm-digemid/vendor/laravel/framework/src/Illuminate/Pipeline/Pipeline.php(127): Illuminate/Pipeline/Pipeline->Illuminate/Pipeline/{closure}(Object(App/Jobs/ExtraerVentasJob))
#12 D:/DS-TI/CRM-DIMSUM/opm-digemid/vendor/laravel/framework/src/Illuminate/Bus/Dispatcher.php(130): Illuminate/Pipeline/Pipeline->then(Object(Closure))
#13 D:/DS-TI/CRM-DIMSUM/opm-digemid/vendor/laravel/framework/src/Illuminate/Queue/CallQueuedHandler.php(126): Illuminate/Bus/Dispatcher->dispatchNow(Object(App/Jobs/ExtraerVentasJob), false)
#14 D:/DS-TI/CRM-DIMSUM/opm-digemid/vendor/laravel/framework/src/Illuminate/Pipeline/Pipeline.php(170): Illuminate/Queue/CallQueuedHandler->Illuminate/Queue/{closure}(Object(App/Jobs/ExtraerVentasJob))
#15 D:/DS-TI/CRM-DIMSUM/opm-digemid/vendor/laravel/framework/src/Illuminate/Pipeline/Pipeline.php(127): Illuminate/Pipeline/Pipeline->Illuminate/Pipeline/{closure}(Object(App/Jobs/ExtraerVentasJob))
#16 D:/DS-TI/CRM-DIMSUM/opm-digemid/vendor/laravel/framework/src/Illuminate/Queue/CallQueuedHandler.php(121): Illuminate/Pipeline/Pipeline->then(Object(Closure))
#17 D:/DS-TI/CRM-DIMSUM/opm-digemid/vendor/laravel/framework/src/Illuminate/Queue/CallQueuedHandler.php(69): Illuminate/Queue/CallQueuedHandler->dispatchThroughMiddleware(Object(Illuminate/Queue/Jobs/DatabaseJob), Object(App/Jobs/ExtraerVentasJob))
#18 D:/DS-TI/CRM-DIMSUM/opm-digemid/vendor/laravel/framework/src/Illuminate/Queue/Jobs/Job.php(102): Illuminate/Queue/CallQueuedHandler->call(Object(Illuminate/Queue/Jobs/DatabaseJob), Array)
#19 D:/DS-TI/CRM-DIMSUM/opm-digemid/vendor/laravel/framework/src/Illuminate/Queue/Worker.php(461): Illuminate/Queue/Jobs/Job->fire()
#20 D:/DS-TI/CRM-DIMSUM/opm-digemid/vendor/laravel/framework/src/Illuminate/Queue/Worker.php(411): Illuminate/Queue/Worker->process('database', Object(Illuminate/Queue/Jobs/DatabaseJob), Object(Illuminate/Queue/WorkerOptions))
#21 D:/DS-TI/CRM-DIMSUM/opm-digemid/vendor/laravel/framework/src/Illuminate/Queue/Worker.php(189): Illuminate/Queue/Worker->runJob(Object(Illuminate/Queue/Jobs/DatabaseJob), 'database', Object(Illuminate/Queue/WorkerOptions))
#22 D:/DS-TI/CRM-DIMSUM/opm-digemid/vendor/laravel/framework/src/Illuminate/Queue/Console/WorkCommand.php(150): Illuminate/Queue/Worker->daemon('database', 'default', Object(Illuminate/Queue/WorkerOptions))
#23 D:/DS-TI/CRM-DIMSUM/opm-digemid/vendor/laravel/framework/src/Illuminate/Queue/Console/WorkCommand.php(133): Illuminate/Queue/Console/WorkCommand->runWorker('database', 'default')
#24 D:/DS-TI/CRM-DIMSUM/opm-digemid/vendor/laravel/framework/src/Illuminate/Container/BoundMethod.php(36): Illuminate/Queue/Console/WorkCommand->handle()
#25 D:/DS-TI/CRM-DIMSUM/opm-digemid/vendor/laravel/framework/src/Illuminate/Container/Util.php(43): Illuminate/Container/BoundMethod::Illuminate/Container/{closure}()
#26 D:/DS-TI/CRM-DIMSUM/opm-digemid/vendor/laravel/framework/src/Illuminate/Container/BoundMethod.php(95): Illuminate/Container/Util::unwrapIfClosure(Object(Closure))
#27 D:/DS-TI/CRM-DIMSUM/opm-digemid/vendor/laravel/framework/src/Illuminate/Container/BoundMethod.php(35): Illuminate/Container/BoundMethod::callBoundMethod(Object(Illuminate/Foundation/Application), Array, Object(Closure))
#28 D:/DS-TI/CRM-DIMSUM/opm-digemid/vendor/laravel/framework/src/Illuminate/Container/Container.php(696): Illuminate/Container/BoundMethod::call(Object(Illuminate/Foundation/Application), Array, Array, NULL)
#29 D:/DS-TI/CRM-DIMSUM/opm-digemid/vendor/laravel/framework/src/Illuminate/Console/Command.php(213): Illuminate/Container/Container->call(Array)
#30 D:/DS-TI/CRM-DIMSUM/opm-digemid/vendor/symfony/console/Command/Command.php(341): Illuminate/Console/Command->execute(Object(Symfony/Component/Console/Input/ArgvInput), Object(Illuminate/Console/OutputStyle))
#31 D:/DS-TI/CRM-DIMSUM/opm-digemid/vendor/laravel/framework/src/Illuminate/Console/Command.php(182): Symfony/Component/Console/Command/Command->run(Object(Symfony/Component/Console/Input/ArgvInput), Object(Illuminate/Console/OutputStyle))
#32 D:/DS-TI/CRM-DIMSUM/opm-digemid/vendor/symfony/console/Application.php(1117): Illuminate/Console/Command->run(Object(Symfony/Component/Console/Input/ArgvInput), Object(Symfony/Component/Console/Output/ConsoleOutput))
#33 D:/DS-TI/CRM-DIMSUM/opm-digemid/vendor/symfony/console/Application.php(356): Symfony/Component/Console/Application->doRunCommand(Object(Illuminate/Queue/Console/WorkCommand), Object(Symfony/Component/Console/Input/ArgvInput), Object(Symfony/Component/Console/Output/ConsoleOutput))
#34 D:/DS-TI/CRM-DIMSUM/opm-digemid/vendor/symfony/console/Application.php(195): Symfony/Component/Console/Application->doRun(Object(Symfony/Component/Console/Input/ArgvInput), Object(Symfony/Component/Console/Output/ConsoleOutput))
#35 D:/DS-TI/CRM-DIMSUM/opm-digemid/vendor/laravel/framework/src/Illuminate/Foundation/Console/Kernel.php(198): Symfony/Component/Console/Application->run(Object(Symfony/Component/Console/Input/ArgvInput), Object(Symfony/Component/Console/Output/ConsoleOutput))
#36 D:/DS-TI/CRM-DIMSUM/opm-digemid/vendor/laravel/framework/src/Illuminate/Foundation/Application.php(1235): Illuminate/Foundation/Console/Kernel->handle(Object(Symfony/Component/Console/Input/ArgvInput), Object(Symfony/Component/Console/Output/ConsoleOutput))
#37 D:/DS-TI/CRM-DIMSUM/opm-digemid/artisan(13): Illuminate/Foundation/Application->handleCommand(Object(Symfony/Component/Console/Input/ArgvInput))
#38 {main}
"} 
[2026-08-20 00:16:31] local.ERROR: No se pudo consultar Logística. Intenta nuevamente. {"exception":"[object] (RuntimeException(code: 0): No se pudo consultar Logística. Intenta nuevamente. at D:/DS-TI/CRM-DIMSUM/opm-digemid/app/Services/SalesGatewayClient.php:48)
[stacktrace]
#0 D:/DS-TI/CRM-DIMSUM/opm-digemid/app/Services/SalesGatewayClient.php(39): App/Services/SalesGatewayClient->get('/api/ventas/661...')
#1 D:/DS-TI/CRM-DIMSUM/opm-digemid/app/Jobs/ExtraerVentasJob.php(98): App/Services/SalesGatewayClient->saleDetail('661241')
#2 D:/DS-TI/CRM-DIMSUM/opm-digemid/app/Jobs/ExtraerVentasJob.php(65): App/Jobs/ExtraerVentasJob->procesarVenta(Object(App/Models/VentaExtraccion), Object(App/Services/SalesGatewayClient), Array)
#3 D:/DS-TI/CRM-DIMSUM/opm-digemid/app/Jobs/ExtraerVentasJob.php(36): App/Jobs/ExtraerVentasJob->procesar(Object(App/Models/VentaExtraccion), Object(App/Services/SalesGatewayClient))
#4 D:/DS-TI/CRM-DIMSUM/opm-digemid/vendor/laravel/framework/src/Illuminate/Container/BoundMethod.php(36): App/Jobs/ExtraerVentasJob->handle(Object(App/Services/SalesGatewayClient))
#5 D:/DS-TI/CRM-DIMSUM/opm-digemid/vendor/laravel/framework/src/Illuminate/Container/Util.php(43): Illuminate/Container/BoundMethod::Illuminate/Container/{closure}()
#6 D:/DS-TI/CRM-DIMSUM/opm-digemid/vendor/laravel/framework/src/Illuminate/Container/BoundMethod.php(95): Illuminate/Container/Util::unwrapIfClosure(Object(Closure))
#7 D:/DS-TI/CRM-DIMSUM/opm-digemid/vendor/laravel/framework/src/Illuminate/Container/BoundMethod.php(35): Illuminate/Container/BoundMethod::callBoundMethod(Object(Illuminate/Foundation/Application), Array, Object(Closure))
#8 D:/DS-TI/CRM-DIMSUM/opm-digemid/vendor/laravel/framework/src/Illuminate/Container/Container.php(696): Illuminate/Container/BoundMethod::call(Object(Illuminate/Foundation/Application), Array, Array, NULL)
#9 D:/DS-TI/CRM-DIMSUM/opm-digemid/vendor/laravel/framework/src/Illuminate/Bus/Dispatcher.php(126): Illuminate/Container/Container->call(Array)
#10 D:/DS-TI/CRM-DIMSUM/opm-digemid/vendor/laravel/framework/src/Illuminate/Pipeline/Pipeline.php(170): Illuminate/Bus/Dispatcher->Illuminate/Bus/{closure}(Object(App/Jobs/ExtraerVentasJob))
#11 D:/DS-TI/CRM-DIMSUM/opm-digemid/vendor/laravel/framework/src/Illuminate/Pipeline/Pipeline.php(127): Illuminate/Pipeline/Pipeline->Illuminate/Pipeline/{closure}(Object(App/Jobs/ExtraerVentasJob))
#12 D:/DS-TI/CRM-DIMSUM/opm-digemid/vendor/laravel/framework/src/Illuminate/Bus/Dispatcher.php(130): Illuminate/Pipeline/Pipeline->then(Object(Closure))
#13 D:/DS-TI/CRM-DIMSUM/opm-digemid/vendor/laravel/framework/src/Illuminate/Queue/CallQueuedHandler.php(126): Illuminate/Bus/Dispatcher->dispatchNow(Object(App/Jobs/ExtraerVentasJob), false)
#14 D:/DS-TI/CRM-DIMSUM/opm-digemid/vendor/laravel/framework/src/Illuminate/Pipeline/Pipeline.php(170): Illuminate/Queue/CallQueuedHandler->Illuminate/Queue/{closure}(Object(App/Jobs/ExtraerVentasJob))
#15 D:/DS-TI/CRM-DIMSUM/opm-digemid/vendor/laravel/framework/src/Illuminate/Pipeline/Pipeline.php(127): Illuminate/Pipeline/Pipeline->Illuminate/Pipeline/{closure}(Object(App/Jobs/ExtraerVentasJob))
#16 D:/DS-TI/CRM-DIMSUM/opm-digemid/vendor/laravel/framework/src/Illuminate/Queue/CallQueuedHandler.php(121): Illuminate/Pipeline/Pipeline->then(Object(Closure))
#17 D:/DS-TI/CRM-DIMSUM/opm-digemid/vendor/laravel/framework/src/Illuminate/Queue/CallQueuedHandler.php(69): Illuminate/Queue/CallQueuedHandler->dispatchThroughMiddleware(Object(Illuminate/Queue/Jobs/DatabaseJob), Object(App/Jobs/ExtraerVentasJob))
#18 D:/DS-TI/CRM-DIMSUM/opm-digemid/vendor/laravel/framework/src/Illuminate/Queue/Jobs/Job.php(102): Illuminate/Queue/CallQueuedHandler->call(Object(Illuminate/Queue/Jobs/DatabaseJob), Array)
#19 D:/DS-TI/CRM-DIMSUM/opm-digemid/vendor/laravel/framework/src/Illuminate/Queue/Worker.php(461): Illuminate/Queue/Jobs/Job->fire()
#20 D:/DS-TI/CRM-DIMSUM/opm-digemid/vendor/laravel/framework/src/Illuminate/Queue/Worker.php(411): Illuminate/Queue/Worker->process('database', Object(Illuminate/Queue/Jobs/DatabaseJob), Object(Illuminate/Queue/WorkerOptions))
#21 D:/DS-TI/CRM-DIMSUM/opm-digemid/vendor/laravel/framework/src/Illuminate/Queue/Worker.php(189): Illuminate/Queue/Worker->runJob(Object(Illuminate/Queue/Jobs/DatabaseJob), 'database', Object(Illuminate/Queue/WorkerOptions))
#22 D:/DS-TI/CRM-DIMSUM/opm-digemid/vendor/laravel/framework/src/Illuminate/Queue/Console/WorkCommand.php(150): Illuminate/Queue/Worker->daemon('database', 'default', Object(Illuminate/Queue/WorkerOptions))
#23 D:/DS-TI/CRM-DIMSUM/opm-digemid/vendor/laravel/framework/src/Illuminate/Queue/Console/WorkCommand.php(133): Illuminate/Queue/Console/WorkCommand->runWorker('database', 'default')
#24 D:/DS-TI/CRM-DIMSUM/opm-digemid/vendor/laravel/framework/src/Illuminate/Container/BoundMethod.php(36): Illuminate/Queue/Console/WorkCommand->handle()
#25 D:/DS-TI/CRM-DIMSUM/opm-digemid/vendor/laravel/framework/src/Illuminate/Container/Util.php(43): Illuminate/Container/BoundMethod::Illuminate/Container/{closure}()
#26 D:/DS-TI/CRM-DIMSUM/opm-digemid/vendor/laravel/framework/src/Illuminate/Container/BoundMethod.php(95): Illuminate/Container/Util::unwrapIfClosure(Object(Closure))
#27 D:/DS-TI/CRM-DIMSUM/opm-digemid/vendor/laravel/framework/src/Illuminate/Container/BoundMethod.php(35): Illuminate/Container/BoundMethod::callBoundMethod(Object(Illuminate/Foundation/Application), Array, Object(Closure))
#28 D:/DS-TI/CRM-DIMSUM/opm-digemid/vendor/laravel/framework/src/Illuminate/Container/Container.php(696): Illuminate/Container/BoundMethod::call(Object(Illuminate/Foundation/Application), Array, Array, NULL)
#29 D:/DS-TI/CRM-DIMSUM/opm-digemid/vendor/laravel/framework/src/Illuminate/Console/Command.php(213): Illuminate/Container/Container->call(Array)
#30 D:/DS-TI/CRM-DIMSUM/opm-digemid/vendor/symfony/console/Command/Command.php(341): Illuminate/Console/Command->execute(Object(Symfony/Component/Console/Input/ArgvInput), Object(Illuminate/Console/OutputStyle))
#31 D:/DS-TI/CRM-DIMSUM/opm-digemid/vendor/laravel/framework/src/Illuminate/Console/Command.php(182): Symfony/Component/Console/Command/Command->run(Object(Symfony/Component/Console/Input/ArgvInput), Object(Illuminate/Console/OutputStyle))
#32 D:/DS-TI/CRM-DIMSUM/opm-digemid/vendor/symfony/console/Application.php(1117): Illuminate/Console/Command->run(Object(Symfony/Component/Console/Input/ArgvInput), Object(Symfony/Component/Console/Output/ConsoleOutput))
#33 D:/DS-TI/CRM-DIMSUM/opm-digemid/vendor/symfony/console/Application.php(356): Symfony/Component/Console/Application->doRunCommand(Object(Illuminate/Queue/Console/WorkCommand), Object(Symfony/Component/Console/Input/ArgvInput), Object(Symfony/Component/Console/Output/ConsoleOutput))
#34 D:/DS-TI/CRM-DIMSUM/opm-digemid/vendor/symfony/console/Application.php(195): Symfony/Component/Console/Application->doRun(Object(Symfony/Component/Console/Input/ArgvInput), Object(Symfony/Component/Console/Output/ConsoleOutput))
#35 D:/DS-TI/CRM-DIMSUM/opm-digemid/vendor/laravel/framework/src/Illuminate/Foundation/Console/Kernel.php(198): Symfony/Component/Console/Application->run(Object(Symfony/Component/Console/Input/ArgvInput), Object(Symfony/Component/Console/Output/ConsoleOutput))
#36 D:/DS-TI/CRM-DIMSUM/opm-digemid/vendor/laravel/framework/src/Illuminate/Foundation/Application.php(1235): Illuminate/Foundation/Console/Kernel->handle(Object(Symfony/Component/Console/Input/ArgvInput), Object(Symfony/Component/Console/Output/ConsoleOutput))
#37 D:/DS-TI/CRM-DIMSUM/opm-digemid/artisan(13): Illuminate/Foundation/Application->handleCommand(Object(Symfony/Component/Console/Input/ArgvInput))
#38 {main}
"} 
[2026-08-20 00:16:31] local.ERROR: No se pudo consultar Logística. Intenta nuevamente. {"exception":"[object] (RuntimeException(code: 0): No se pudo consultar Logística. Intenta nuevamente. at D:/DS-TI/CRM-DIMSUM/opm-digemid/app/Services/SalesGatewayClient.php:48)
[stacktrace]
#0 D:/DS-TI/CRM-DIMSUM/opm-digemid/app/Services/SalesGatewayClient.php(39): App/Services/SalesGatewayClient->get('/api/ventas/661...')
#1 D:/DS-TI/CRM-DIMSUM/opm-digemid/app/Jobs/ExtraerVentasJob.php(98): App/Services/SalesGatewayClient->saleDetail('661240')
#2 D:/DS-TI/CRM-DIMSUM/opm-digemid/app/Jobs/ExtraerVentasJob.php(65): App/Jobs/ExtraerVentasJob->procesarVenta(Object(App/Models/VentaExtraccion), Object(App/Services/SalesGatewayClient), Array)
#3 D:/DS-TI/CRM-DIMSUM/opm-digemid/app/Jobs/ExtraerVentasJob.php(36): App/Jobs/ExtraerVentasJob->procesar(Object(App/Models/VentaExtraccion), Object(App/Services/SalesGatewayClient))
#4 D:/DS-TI/CRM-DIMSUM/opm-digemid/vendor/laravel/framework/src/Illuminate/Container/BoundMethod.php(36): App/Jobs/ExtraerVentasJob->handle(Object(App/Services/SalesGatewayClient))
#5 D:/DS-TI/CRM-DIMSUM/opm-digemid/vendor/laravel/framework/src/Illuminate/Container/Util.php(43): Illuminate/Container/BoundMethod::Illuminate/Container/{closure}()
#6 D:/DS-TI/CRM-DIMSUM/opm-digemid/vendor/laravel/framework/src/Illuminate/Container/BoundMethod.php(95): Illuminate/Container/Util::unwrapIfClosure(Object(Closure))
#7 D:/DS-TI/CRM-DIMSUM/opm-digemid/vendor/laravel/framework/src/Illuminate/Container/BoundMethod.php(35): Illuminate/Container/BoundMethod::callBoundMethod(Object(Illuminate/Foundation/Application), Array, Object(Closure))
#8 D:/DS-TI/CRM-DIMSUM/opm-digemid/vendor/laravel/framework/src/Illuminate/Container/Container.php(696): Illuminate/Container/BoundMethod::call(Object(Illuminate/Foundation/Application), Array, Array, NULL)
#9 D:/DS-TI/CRM-DIMSUM/opm-digemid/vendor/laravel/framework/src/Illuminate/Bus/Dispatcher.php(126): Illuminate/Container/Container->call(Array)
#10 D:/DS-TI/CRM-DIMSUM/opm-digemid/vendor/laravel/framework/src/Illuminate/Pipeline/Pipeline.php(170): Illuminate/Bus/Dispatcher->Illuminate/Bus/{closure}(Object(App/Jobs/ExtraerVentasJob))
#11 D:/DS-TI/CRM-DIMSUM/opm-digemid/vendor/laravel/framework/src/Illuminate/Pipeline/Pipeline.php(127): Illuminate/Pipeline/Pipeline->Illuminate/Pipeline/{closure}(Object(App/Jobs/ExtraerVentasJob))
#12 D:/DS-TI/CRM-DIMSUM/opm-digemid/vendor/laravel/framework/src/Illuminate/Bus/Dispatcher.php(130): Illuminate/Pipeline/Pipeline->then(Object(Closure))
#13 D:/DS-TI/CRM-DIMSUM/opm-digemid/vendor/laravel/framework/src/Illuminate/Queue/CallQueuedHandler.php(126): Illuminate/Bus/Dispatcher->dispatchNow(Object(App/Jobs/ExtraerVentasJob), false)
#14 D:/DS-TI/CRM-DIMSUM/opm-digemid/vendor/laravel/framework/src/Illuminate/Pipeline/Pipeline.php(170): Illuminate/Queue/CallQueuedHandler->Illuminate/Queue/{closure}(Object(App/Jobs/ExtraerVentasJob))
#15 D:/DS-TI/CRM-DIMSUM/opm-digemid/vendor/laravel/framework/src/Illuminate/Pipeline/Pipeline.php(127): Illuminate/Pipeline/Pipeline->Illuminate/Pipeline/{closure}(Object(App/Jobs/ExtraerVentasJob))
#16 D:/DS-TI/CRM-DIMSUM/opm-digemid/vendor/laravel/framework/src/Illuminate/Queue/CallQueuedHandler.php(121): Illuminate/Pipeline/Pipeline->then(Object(Closure))
#17 D:/DS-TI/CRM-DIMSUM/opm-digemid/vendor/laravel/framework/src/Illuminate/Queue/CallQueuedHandler.php(69): Illuminate/Queue/CallQueuedHandler->dispatchThroughMiddleware(Object(Illuminate/Queue/Jobs/DatabaseJob), Object(App/Jobs/ExtraerVentasJob))
#18 D:/DS-TI/CRM-DIMSUM/opm-digemid/vendor/laravel/framework/src/Illuminate/Queue/Jobs/Job.php(102): Illuminate/Queue/CallQueuedHandler->call(Object(Illuminate/Queue/Jobs/DatabaseJob), Array)
#19 D:/DS-TI/CRM-DIMSUM/opm-digemid/vendor/laravel/framework/src/Illuminate/Queue/Worker.php(461): Illuminate/Queue/Jobs/Job->fire()
#20 D:/DS-TI/CRM-DIMSUM/opm-digemid/vendor/laravel/framework/src/Illuminate/Queue/Worker.php(411): Illuminate/Queue/Worker->process('database', Object(Illuminate/Queue/Jobs/DatabaseJob), Object(Illuminate/Queue/WorkerOptions))
#21 D:/DS-TI/CRM-DIMSUM/opm-digemid/vendor/laravel/framework/src/Illuminate/Queue/Worker.php(189): Illuminate/Queue/Worker->runJob(Object(Illuminate/Queue/Jobs/DatabaseJob), 'database', Object(Illuminate/Queue/WorkerOptions))
#22 D:/DS-TI/CRM-DIMSUM/opm-digemid/vendor/laravel/framework/src/Illuminate/Queue/Console/WorkCommand.php(150): Illuminate/Queue/Worker->daemon('database', 'default', Object(Illuminate/Queue/WorkerOptions))
#23 D:/DS-TI/CRM-DIMSUM/opm-digemid/vendor/laravel/framework/src/Illuminate/Queue/Console/WorkCommand.php(133): Illuminate/Queue/Console/WorkCommand->runWorker('database', 'default')
#24 D:/DS-TI/CRM-DIMSUM/opm-digemid/vendor/laravel/framework/src/Illuminate/Container/BoundMethod.php(36): Illuminate/Queue/Console/WorkCommand->handle()
#25 D:/DS-TI/CRM-DIMSUM/opm-digemid/vendor/laravel/framework/src/Illuminate/Container/Util.php(43): Illuminate/Container/BoundMethod::Illuminate/Container/{closure}()
#26 D:/DS-TI/CRM-DIMSUM/opm-digemid/vendor/laravel/framework/src/Illuminate/Container/BoundMethod.php(95): Illuminate/Container/Util::unwrapIfClosure(Object(Closure))
#27 D:/DS-TI/CRM-DIMSUM/opm-digemid/vendor/laravel/framework/src/Illuminate/Container/BoundMethod.php(35): Illuminate/Container/BoundMethod::callBoundMethod(Object(Illuminate/Foundation/Application), Array, Object(Closure))
#28 D:/DS-TI/CRM-DIMSUM/opm-digemid/vendor/laravel/framework/src/Illuminate/Container/Container.php(696): Illuminate/Container/BoundMethod::call(Object(Illuminate/Foundation/Application), Array, Array, NULL)
#29 D:/DS-TI/CRM-DIMSUM/opm-digemid/vendor/laravel/framework/src/Illuminate/Console/Command.php(213): Illuminate/Container/Container->call(Array)
#30 D:/DS-TI/CRM-DIMSUM/opm-digemid/vendor/symfony/console/Command/Command.php(341): Illuminate/Console/Command->execute(Object(Symfony/Component/Console/Input/ArgvInput), Object(Illuminate/Console/OutputStyle))
#31 D:/DS-TI/CRM-DIMSUM/opm-digemid/vendor/laravel/framework/src/Illuminate/Console/Command.php(182): Symfony/Component/Console/Command/Command->run(Object(Symfony/Component/Console/Input/ArgvInput), Object(Illuminate/Console/OutputStyle))
#32 D:/DS-TI/CRM-DIMSUM/opm-digemid/vendor/symfony/console/Application.php(1117): Illuminate/Console/Command->run(Object(Symfony/Component/Console/Input/ArgvInput), Object(Symfony/Component/Console/Output/ConsoleOutput))
#33 D:/DS-TI/CRM-DIMSUM/opm-digemid/vendor/symfony/console/Application.php(356): Symfony/Component/Console/Application->doRunCommand(Object(Illuminate/Queue/Console/WorkCommand), Object(Symfony/Component/Console/Input/ArgvInput), Object(Symfony/Component/Console/Output/ConsoleOutput))
#34 D:/DS-TI/CRM-DIMSUM/opm-digemid/vendor/symfony/console/Application.php(195): Symfony/Component/Console/Application->doRun(Object(Symfony/Component/Console/Input/ArgvInput), Object(Symfony/Component/Console/Output/ConsoleOutput))
#35 D:/DS-TI/CRM-DIMSUM/opm-digemid/vendor/laravel/framework/src/Illuminate/Foundation/Console/Kernel.php(198): Symfony/Component/Console/Application->run(Object(Symfony/Component/Console/Input/ArgvInput), Object(Symfony/Component/Console/Output/ConsoleOutput))
#36 D:/DS-TI/CRM-DIMSUM/opm-digemid/vendor/laravel/framework/src/Illuminate/Foundation/Application.php(1235): Illuminate/Foundation/Console/Kernel->handle(Object(Symfony/Component/Console/Input/ArgvInput), Object(Symfony/Component/Console/Output/ConsoleOutput))
#37 D:/DS-TI/CRM-DIMSUM/opm-digemid/artisan(13): Illuminate/Foundation/Application->handleCommand(Object(Symfony/Component/Console/Input/ArgvInput))
#38 {main}
"} 
[2026-08-20 00:16:31] local.ERROR: No se pudo consultar Logística. Intenta nuevamente. {"exception":"[object] (RuntimeException(code: 0): No se pudo consultar Logística. Intenta nuevamente. at D:/DS-TI/CRM-DIMSUM/opm-digemid/app/Services/SalesGatewayClient.php:48)
[stacktrace]
#0 D:/DS-TI/CRM-DIMSUM/opm-digemid/app/Services/SalesGatewayClient.php(39): App/Services/SalesGatewayClient->get('/api/ventas/661...')
#1 D:/DS-TI/CRM-DIMSUM/opm-digemid/app/Jobs/ExtraerVentasJob.php(98): App/Services/SalesGatewayClient->saleDetail('661239')
#2 D:/DS-TI/CRM-DIMSUM/opm-digemid/app/Jobs/ExtraerVentasJob.php(65): App/Jobs/ExtraerVentasJob->procesarVenta(Object(App/Models/VentaExtraccion), Object(App/Services/SalesGatewayClient), Array)
#3 D:/DS-TI/CRM-DIMSUM/opm-digemid/app/Jobs/ExtraerVentasJob.php(36): App/Jobs/ExtraerVentasJob->procesar(Object(App/Models/VentaExtraccion), Object(App/Services/SalesGatewayClient))
#4 D:/DS-TI/CRM-DIMSUM/opm-digemid/vendor/laravel/framework/src/Illuminate/Container/BoundMethod.php(36): App/Jobs/ExtraerVentasJob->handle(Object(App/Services/SalesGatewayClient))
#5 D:/DS-TI/CRM-DIMSUM/opm-digemid/vendor/laravel/framework/src/Illuminate/Container/Util.php(43): Illuminate/Container/BoundMethod::Illuminate/Container/{closure}()
#6 D:/DS-TI/CRM-DIMSUM/opm-digemid/vendor/laravel/framework/src/Illuminate/Container/BoundMethod.php(95): Illuminate/Container/Util::unwrapIfClosure(Object(Closure))
#7 D:/DS-TI/CRM-DIMSUM/opm-digemid/vendor/laravel/framework/src/Illuminate/Container/BoundMethod.php(35): Illuminate/Container/BoundMethod::callBoundMethod(Object(Illuminate/Foundation/Application), Array, Object(Closure))
#8 D:/DS-TI/CRM-DIMSUM/opm-digemid/vendor/laravel/framework/src/Illuminate/Container/Container.php(696): Illuminate/Container/BoundMethod::call(Object(Illuminate/Foundation/Application), Array, Array, NULL)
#9 D:/DS-TI/CRM-DIMSUM/opm-digemid/vendor/laravel/framework/src/Illuminate/Bus/Dispatcher.php(126): Illuminate/Container/Container->call(Array)
#10 D:/DS-TI/CRM-DIMSUM/opm-digemid/vendor/laravel/framework/src/Illuminate/Pipeline/Pipeline.php(170): Illuminate/Bus/Dispatcher->Illuminate/Bus/{closure}(Object(App/Jobs/ExtraerVentasJob))
#11 D:/DS-TI/CRM-DIMSUM/opm-digemid/vendor/laravel/framework/src/Illuminate/Pipeline/Pipeline.php(127): Illuminate/Pipeline/Pipeline->Illuminate/Pipeline/{closure}(Object(App/Jobs/ExtraerVentasJob))
#12 D:/DS-TI/CRM-DIMSUM/opm-digemid/vendor/laravel/framework/src/Illuminate/Bus/Dispatcher.php(130): Illuminate/Pipeline/Pipeline->then(Object(Closure))
#13 D:/DS-TI/CRM-DIMSUM/opm-digemid/vendor/laravel/framework/src/Illuminate/Queue/CallQueuedHandler.php(126): Illuminate/Bus/Dispatcher->dispatchNow(Object(App/Jobs/ExtraerVentasJob), false)
#14 D:/DS-TI/CRM-DIMSUM/opm-digemid/vendor/laravel/framework/src/Illuminate/Pipeline/Pipeline.php(170): Illuminate/Queue/CallQueuedHandler->Illuminate/Queue/{closure}(Object(App/Jobs/ExtraerVentasJob))
#15 D:/DS-TI/CRM-DIMSUM/opm-digemid/vendor/laravel/framework/src/Illuminate/Pipeline/Pipeline.php(127): Illuminate/Pipeline/Pipeline->Illuminate/Pipeline/{closure}(Object(App/Jobs/ExtraerVentasJob))
#16 D:/DS-TI/CRM-DIMSUM/opm-digemid/vendor/laravel/framework/src/Illuminate/Queue/CallQueuedHandler.php(121): Illuminate/Pipeline/Pipeline->then(Object(Closure))
#17 D:/DS-TI/CRM-DIMSUM/opm-digemid/vendor/laravel/framework/src/Illuminate/Queue/CallQueuedHandler.php(69): Illuminate/Queue/CallQueuedHandler->dispatchThroughMiddleware(Object(Illuminate/Queue/Jobs/DatabaseJob), Object(App/Jobs/ExtraerVentasJob))
#18 D:/DS-TI/CRM-DIMSUM/opm-digemid/vendor/laravel/framework/src/Illuminate/Queue/Jobs/Job.php(102): Illuminate/Queue/CallQueuedHandler->call(Object(Illuminate/Queue/Jobs/DatabaseJob), Array)
#19 D:/DS-TI/CRM-DIMSUM/opm-digemid/vendor/laravel/framework/src/Illuminate/Queue/Worker.php(461): Illuminate/Queue/Jobs/Job->fire()
#20 D:/DS-TI/CRM-DIMSUM/opm-digemid/vendor/laravel/framework/src/Illuminate/Queue/Worker.php(411): Illuminate/Queue/Worker->process('database', Object(Illuminate/Queue/Jobs/DatabaseJob), Object(Illuminate/Queue/WorkerOptions))
#21 D:/DS-TI/CRM-DIMSUM/opm-digemid/vendor/laravel/framework/src/Illuminate/Queue/Worker.php(189): Illuminate/Queue/Worker->runJob(Object(Illuminate/Queue/Jobs/DatabaseJob), 'database', Object(Illuminate/Queue/WorkerOptions))
#22 D:/DS-TI/CRM-DIMSUM/opm-digemid/vendor/laravel/framework/src/Illuminate/Queue/Console/WorkCommand.php(150): Illuminate/Queue/Worker->daemon('database', 'default', Object(Illuminate/Queue/WorkerOptions))
#23 D:/DS-TI/CRM-DIMSUM/opm-digemid/vendor/laravel/framework/src/Illuminate/Queue/Console/WorkCommand.php(133): Illuminate/Queue/Console/WorkCommand->runWorker('database', 'default')
#24 D:/DS-TI/CRM-DIMSUM/opm-digemid/vendor/laravel/framework/src/Illuminate/Container/BoundMethod.php(36): Illuminate/Queue/Console/WorkCommand->handle()
#25 D:/DS-TI/CRM-DIMSUM/opm-digemid/vendor/laravel/framework/src/Illuminate/Container/Util.php(43): Illuminate/Container/BoundMethod::Illuminate/Container/{closure}()
#26 D:/DS-TI/CRM-DIMSUM/opm-digemid/vendor/laravel/framework/src/Illuminate/Container/BoundMethod.php(95): Illuminate/Container/Util::unwrapIfClosure(Object(Closure))
#27 D:/DS-TI/CRM-DIMSUM/opm-digemid/vendor/laravel/framework/src/Illuminate/Container/BoundMethod.php(35): Illuminate/Container/BoundMethod::callBoundMethod(Object(Illuminate/Foundation/Application), Array, Object(Closure))
#28 D:/DS-TI/CRM-DIMSUM/opm-digemid/vendor/laravel/framework/src/Illuminate/Container/Container.php(696): Illuminate/Container/BoundMethod::call(Object(Illuminate/Foundation/Application), Array, Array, NULL)
#29 D:/DS-TI/CRM-DIMSUM/opm-digemid/vendor/laravel/framework/src/Illuminate/Console/Command.php(213): Illuminate/Container/Container->call(Array)
#30 D:/DS-TI/CRM-DIMSUM/opm-digemid/vendor/symfony/console/Command/Command.php(341): Illuminate/Console/Command->execute(Object(Symfony/Component/Console/Input/ArgvInput), Object(Illuminate/Console/OutputStyle))
#31 D:/DS-TI/CRM-DIMSUM/opm-digemid/vendor/laravel/framework/src/Illuminate/Console/Command.php(182): Symfony/Component/Console/Command/Command->run(Object(Symfony/Component/Console/Input/ArgvInput), Object(Illuminate/Console/OutputStyle))
#32 D:/DS-TI/CRM-DIMSUM/opm-digemid/vendor/symfony/console/Application.php(1117): Illuminate/Console/Command->run(Object(Symfony/Component/Console/Input/ArgvInput), Object(Symfony/Component/Console/Output/ConsoleOutput))
#33 D:/DS-TI/CRM-DIMSUM/opm-digemid/vendor/symfony/console/Application.php(356): Symfony/Component/Console/Application->doRunCommand(Object(Illuminate/Queue/Console/WorkCommand), Object(Symfony/Component/Console/Input/ArgvInput), Object(Symfony/Component/Console/Output/ConsoleOutput))
#34 D:/DS-TI/CRM-DIMSUM/opm-digemid/vendor/symfony/console/Application.php(195): Symfony/Component/Console/Application->doRun(Object(Symfony/Component/Console/Input/ArgvInput), Object(Symfony/Component/Console/Output/ConsoleOutput))
#35 D:/DS-TI/CRM-DIMSUM/opm-digemid/vendor/laravel/framework/src/Illuminate/Foundation/Console/Kernel.php(198): Symfony/Component/Console/Application->run(Object(Symfony/Component/Console/Input/ArgvInput), Object(Symfony/Component/Console/Output/ConsoleOutput))
#36 D:/DS-TI/CRM-DIMSUM/opm-digemid/vendor/laravel/framework/src/Illuminate/Foundation/Application.php(1235): Illuminate/Foundation/Console/Kernel->handle(Object(Symfony/Component/Console/Input/ArgvInput), Object(Symfony/Component/Console/Output/ConsoleOutput))
#37 D:/DS-TI/CRM-DIMSUM/opm-digemid/artisan(13): Illuminate/Foundation/Application->handleCommand(Object(Symfony/Component/Console/Input/ArgvInput))
#38 {main}
"} 
[2026-08-20 00:16:31] local.ERROR: No se pudo consultar Logística. Intenta nuevamente. {"exception":"[object] (RuntimeException(code: 0): No se pudo consultar Logística. Intenta nuevamente. at D:/DS-TI/CRM-DIMSUM/opm-digemid/app/Services/SalesGatewayClient.php:48)
[stacktrace]
#0 D:/DS-TI/CRM-DIMSUM/opm-digemid/app/Services/SalesGatewayClient.php(39): App/Services/SalesGatewayClient->get('/api/ventas/661...')
#1 D:/DS-TI/CRM-DIMSUM/opm-digemid/app/Jobs/ExtraerVentasJob.php(98): App/Services/SalesGatewayClient->saleDetail('661238')
#2 D:/DS-TI/CRM-DIMSUM/opm-digemid/app/Jobs/ExtraerVentasJob.php(65): App/Jobs/ExtraerVentasJob->procesarVenta(Object(App/Models/VentaExtraccion), Object(App/Services/SalesGatewayClient), Array)
#3 D:/DS-TI/CRM-DIMSUM/opm-digemid/app/Jobs/ExtraerVentasJob.php(36): App/Jobs/ExtraerVentasJob->procesar(Object(App/Models/VentaExtraccion), Object(App/Services/SalesGatewayClient))
#4 D:/DS-TI/CRM-DIMSUM/opm-digemid/vendor/laravel/framework/src/Illuminate/Container/BoundMethod.php(36): App/Jobs/ExtraerVentasJob->handle(Object(App/Services/SalesGatewayClient))
#5 D:/DS-TI/CRM-DIMSUM/opm-digemid/vendor/laravel/framework/src/Illuminate/Container/Util.php(43): Illuminate/Container/BoundMethod::Illuminate/Container/{closure}()
#6 D:/DS-TI/CRM-DIMSUM/opm-digemid/vendor/laravel/framework/src/Illuminate/Container/BoundMethod.php(95): Illuminate/Container/Util::unwrapIfClosure(Object(Closure))
#7 D:/DS-TI/CRM-DIMSUM/opm-digemid/vendor/laravel/framework/src/Illuminate/Container/BoundMethod.php(35): Illuminate/Container/BoundMethod::callBoundMethod(Object(Illuminate/Foundation/Application), Array, Object(Closure))
#8 D:/DS-TI/CRM-DIMSUM/opm-digemid/vendor/laravel/framework/src/Illuminate/Container/Container.php(696): Illuminate/Container/BoundMethod::call(Object(Illuminate/Foundation/Application), Array, Array, NULL)
#9 D:/DS-TI/CRM-DIMSUM/opm-digemid/vendor/laravel/framework/src/Illuminate/Bus/Dispatcher.php(126): Illuminate/Container/Container->call(Array)
#10 D:/DS-TI/CRM-DIMSUM/opm-digemid/vendor/laravel/framework/src/Illuminate/Pipeline/Pipeline.php(170): Illuminate/Bus/Dispatcher->Illuminate/Bus/{closure}(Object(App/Jobs/ExtraerVentasJob))
#11 D:/DS-TI/CRM-DIMSUM/opm-digemid/vendor/laravel/framework/src/Illuminate/Pipeline/Pipeline.php(127): Illuminate/Pipeline/Pipeline->Illuminate/Pipeline/{closure}(Object(App/Jobs/ExtraerVentasJob))
#12 D:/DS-TI/CRM-DIMSUM/opm-digemid/vendor/laravel/framework/src/Illuminate/Bus/Dispatcher.php(130): Illuminate/Pipeline/Pipeline->then(Object(Closure))
#13 D:/DS-TI/CRM-DIMSUM/opm-digemid/vendor/laravel/framework/src/Illuminate/Queue/CallQueuedHandler.php(126): Illuminate/Bus/Dispatcher->dispatchNow(Object(App/Jobs/ExtraerVentasJob), false)
#14 D:/DS-TI/CRM-DIMSUM/opm-digemid/vendor/laravel/framework/src/Illuminate/Pipeline/Pipeline.php(170): Illuminate/Queue/CallQueuedHandler->Illuminate/Queue/{closure}(Object(App/Jobs/ExtraerVentasJob))
#15 D:/DS-TI/CRM-DIMSUM/opm-digemid/vendor/laravel/framework/src/Illuminate/Pipeline/Pipeline.php(127): Illuminate/Pipeline/Pipeline->Illuminate/Pipeline/{closure}(Object(App/Jobs/ExtraerVentasJob))
#16 D:/DS-TI/CRM-DIMSUM/opm-digemid/vendor/laravel/framework/src/Illuminate/Queue/CallQueuedHandler.php(121): Illuminate/Pipeline/Pipeline->then(Object(Closure))
#17 D:/DS-TI/CRM-DIMSUM/opm-digemid/vendor/laravel/framework/src/Illuminate/Queue/CallQueuedHandler.php(69): Illuminate/Queue/CallQueuedHandler->dispatchThroughMiddleware(Object(Illuminate/Queue/Jobs/DatabaseJob), Object(App/Jobs/ExtraerVentasJob))
#18 D:/DS-TI/CRM-DIMSUM/opm-digemid/vendor/laravel/framework/src/Illuminate/Queue/Jobs/Job.php(102): Illuminate/Queue/CallQueuedHandler->call(Object(Illuminate/Queue/Jobs/DatabaseJob), Array)
#19 D:/DS-TI/CRM-DIMSUM/opm-digemid/vendor/laravel/framework/src/Illuminate/Queue/Worker.php(461): Illuminate/Queue/Jobs/Job->fire()
#20 D:/DS-TI/CRM-DIMSUM/opm-digemid/vendor/laravel/framework/src/Illuminate/Queue/Worker.php(411): Illuminate/Queue/Worker->process('database', Object(Illuminate/Queue/Jobs/DatabaseJob), Object(Illuminate/Queue/WorkerOptions))
#21 D:/DS-TI/CRM-DIMSUM/opm-digemid/vendor/laravel/framework/src/Illuminate/Queue/Worker.php(189): Illuminate/Queue/Worker->runJob(Object(Illuminate/Queue/Jobs/DatabaseJob), 'database', Object(Illuminate/Queue/WorkerOptions))
#22 D:/DS-TI/CRM-DIMSUM/opm-digemid/vendor/laravel/framework/src/Illuminate/Queue/Console/WorkCommand.php(150): Illuminate/Queue/Worker->daemon('database', 'default', Object(Illuminate/Queue/WorkerOptions))
#23 D:/DS-TI/CRM-DIMSUM/opm-digemid/vendor/laravel/framework/src/Illuminate/Queue/Console/WorkCommand.php(133): Illuminate/Queue/Console/WorkCommand->runWorker('database', 'default')
#24 D:/DS-TI/CRM-DIMSUM/opm-digemid/vendor/laravel/framework/src/Illuminate/Container/BoundMethod.php(36): Illuminate/Queue/Console/WorkCommand->handle()
#25 D:/DS-TI/CRM-DIMSUM/opm-digemid/vendor/laravel/framework/src/Illuminate/Container/Util.php(43): Illuminate/Container/BoundMethod::Illuminate/Container/{closure}()
#26 D:/DS-TI/CRM-DIMSUM/opm-digemid/vendor/laravel/framework/src/Illuminate/Container/BoundMethod.php(95): Illuminate/Container/Util::unwrapIfClosure(Object(Closure))
#27 D:/DS-TI/CRM-DIMSUM/opm-digemid/vendor/laravel/framework/src/Illuminate/Container/BoundMethod.php(35): Illuminate/Container/BoundMethod::callBoundMethod(Object(Illuminate/Foundation/Application), Array, Object(Closure))
#28 D:/DS-TI/CRM-DIMSUM/opm-digemid/vendor/laravel/framework/src/Illuminate/Container/Container.php(696): Illuminate/Container/BoundMethod::call(Object(Illuminate/Foundation/Application), Array, Array, NULL)
#29 D:/DS-TI/CRM-DIMSUM/opm-digemid/vendor/laravel/framework/src/Illuminate/Console/Command.php(213): Illuminate/Container/Container->call(Array)
#30 D:/DS-TI/CRM-DIMSUM/opm-digemid/vendor/symfony/console/Command/Command.php(341): Illuminate/Console/Command->execute(Object(Symfony/Component/Console/Input/ArgvInput), Object(Illuminate/Console/OutputStyle))
#31 D:/DS-TI/CRM-DIMSUM/opm-digemid/vendor/laravel/framework/src/Illuminate/Console/Command.php(182): Symfony/Component/Console/Command/Command->run(Object(Symfony/Component/Console/Input/ArgvInput), Object(Illuminate/Console/OutputStyle))
#32 D:/DS-TI/CRM-DIMSUM/opm-digemid/vendor/symfony/console/Application.php(1117): Illuminate/Console/Command->run(Object(Symfony/Component/Console/Input/ArgvInput), Object(Symfony/Component/Console/Output/ConsoleOutput))
#33 D:/DS-TI/CRM-DIMSUM/opm-digemid/vendor/symfony/console/Application.php(356): Symfony/Component/Console/Application->doRunCommand(Object(Illuminate/Queue/Console/WorkCommand), Object(Symfony/Component/Console/Input/ArgvInput), Object(Symfony/Component/Console/Output/ConsoleOutput))
#34 D:/DS-TI/CRM-DIMSUM/opm-digemid/vendor/symfony/console/Application.php(195): Symfony/Component/Console/Application->doRun(Object(Symfony/Component/Console/Input/ArgvInput), Object(Symfony/Component/Console/Output/ConsoleOutput))
#35 D:/DS-TI/CRM-DIMSUM/opm-digemid/vendor/laravel/framework/src/Illuminate/Foundation/Console/Kernel.php(198): Symfony/Component/Console/Application->run(Object(Symfony/Component/Console/Input/ArgvInput), Object(Symfony/Component/Console/Output/ConsoleOutput))
#36 D:/DS-TI/CRM-DIMSUM/opm-digemid/vendor/laravel/framework/src/Illuminate/Foundation/Application.php(1235): Illuminate/Foundation/Console/Kernel->handle(Object(Symfony/Component/Console/Input/ArgvInput), Object(Symfony/Component/Console/Output/ConsoleOutput))
#37 D:/DS-TI/CRM-DIMSUM/opm-digemid/artisan(13): Illuminate/Foundation/Application->handleCommand(Object(Symfony/Component/Console/Input/ArgvInput))
#38 {main}
"} 
[2026-08-20 10:23:42] local.ERROR: cURL error 28: Operation timed out after 35539287 milliseconds with 0 bytes received (see https://curl.se/libcurl/c/libcurl-errors.html) for http://127.0.0.1:3000/ventas/api/ventas/661237 {"exception":"[object] (Illuminate\\Http\\Client\\ConnectionException(code: 0): cURL error 28: Operation timed out after 35539287 milliseconds with 0 bytes received (see https://curl.se/libcurl/c/libcurl-errors.html) for http://127.0.0.1:3000/ventas/api/ventas/661237 at D:/DS-TI/CRM-DIMSUM/opm-digemid/vendor/laravel/framework/src/Illuminate/Http/Client/PendingRequest.php:941)
[stacktrace]
#0 D:/DS-TI/CRM-DIMSUM/opm-digemid/vendor/laravel/framework/src/Illuminate/Support/helpers.php(338): Illuminate/Http/Client/PendingRequest->Illuminate/Http/Client/{closure}(1)
#1 D:/DS-TI/CRM-DIMSUM/opm-digemid/vendor/laravel/framework/src/Illuminate/Http/Client/PendingRequest.php(905): retry(0, Object(Closure), 100, Object(Closure))
#2 D:/DS-TI/CRM-DIMSUM/opm-digemid/vendor/laravel/framework/src/Illuminate/Http/Client/PendingRequest.php(772): Illuminate/Http/Client/PendingRequest->send('GET', 'http://127.0.0....', Array)
#3 D:/DS-TI/CRM-DIMSUM/opm-digemid/app/Services/SalesGatewayClient.php(44): Illuminate/Http/Client/PendingRequest->get('/api/ventas/661...', Array)
#4 D:/DS-TI/CRM-DIMSUM/opm-digemid/app/Services/SalesGatewayClient.php(39): App/Services/SalesGatewayClient->get('/api/ventas/661...')
#5 D:/DS-TI/CRM-DIMSUM/opm-digemid/app/Jobs/ExtraerVentasJob.php(98): App/Services/SalesGatewayClient->saleDetail('661237')
#6 D:/DS-TI/CRM-DIMSUM/opm-digemid/app/Jobs/ExtraerVentasJob.php(65): App/Jobs/ExtraerVentasJob->procesarVenta(Object(App/Models/VentaExtraccion), Object(App/Services/SalesGatewayClient), Array)
#7 D:/DS-TI/CRM-DIMSUM/opm-digemid/app/Jobs/ExtraerVentasJob.php(36): App/Jobs/ExtraerVentasJob->procesar(Object(App/Models/VentaExtraccion), Object(App/Services/SalesGatewayClient))
#8 D:/DS-TI/CRM-DIMSUM/opm-digemid/vendor/laravel/framework/src/Illuminate/Container/BoundMethod.php(36): App/Jobs/ExtraerVentasJob->handle(Object(App/Services/SalesGatewayClient))
#9 D:/DS-TI/CRM-DIMSUM/opm-digemid/vendor/laravel/framework/src/Illuminate/Container/Util.php(43): Illuminate/Container/BoundMethod::Illuminate/Container/{closure}()
#10 D:/DS-TI/CRM-DIMSUM/opm-digemid/vendor/laravel/framework/src/Illuminate/Container/BoundMethod.php(95): Illuminate/Container/Util::unwrapIfClosure(Object(Closure))
#11 D:/DS-TI/CRM-DIMSUM/opm-digemid/vendor/laravel/framework/src/Illuminate/Container/BoundMethod.php(35): Illuminate/Container/BoundMethod::callBoundMethod(Object(Illuminate/Foundation/Application), Array, Object(Closure))
#12 D:/DS-TI/CRM-DIMSUM/opm-digemid/vendor/laravel/framework/src/Illuminate/Container/Container.php(696): Illuminate/Container/BoundMethod::call(Object(Illuminate/Foundation/Application), Array, Array, NULL)
#13 D:/DS-TI/CRM-DIMSUM/opm-digemid/vendor/laravel/framework/src/Illuminate/Bus/Dispatcher.php(126): Illuminate/Container/Container->call(Array)
#14 D:/DS-TI/CRM-DIMSUM/opm-digemid/vendor/laravel/framework/src/Illuminate/Pipeline/Pipeline.php(170): Illuminate/Bus/Dispatcher->Illuminate/Bus/{closure}(Object(App/Jobs/ExtraerVentasJob))
#15 D:/DS-TI/CRM-DIMSUM/opm-digemid/vendor/laravel/framework/src/Illuminate/Pipeline/Pipeline.php(127): Illuminate/Pipeline/Pipeline->Illuminate/Pipeline/{closure}(Object(App/Jobs/ExtraerVentasJob))
#16 D:/DS-TI/CRM-DIMSUM/opm-digemid/vendor/laravel/framework/src/Illuminate/Bus/Dispatcher.php(130): Illuminate/Pipeline/Pipeline->then(Object(Closure))
#17 D:/DS-TI/CRM-DIMSUM/opm-digemid/vendor/laravel/framework/src/Illuminate/Queue/CallQueuedHandler.php(126): Illuminate/Bus/Dispatcher->dispatchNow(Object(App/Jobs/ExtraerVentasJob), false)
#18 D:/DS-TI/CRM-DIMSUM/opm-digemid/vendor/laravel/framework/src/Illuminate/Pipeline/Pipeline.php(170): Illuminate/Queue/CallQueuedHandler->Illuminate/Queue/{closure}(Object(App/Jobs/ExtraerVentasJob))
#19 D:/DS-TI/CRM-DIMSUM/opm-digemid/vendor/laravel/framework/src/Illuminate/Pipeline/Pipeline.php(127): Illuminate/Pipeline/Pipeline->Illuminate/Pipeline/{closure}(Object(App/Jobs/ExtraerVentasJob))
#20 D:/DS-TI/CRM-DIMSUM/opm-digemid/vendor/laravel/framework/src/Illuminate/Queue/CallQueuedHandler.php(121): Illuminate/Pipeline/Pipeline->then(Object(Closure))
#21 D:/DS-TI/CRM-DIMSUM/opm-digemid/vendor/laravel/framework/src/Illuminate/Queue/CallQueuedHandler.php(69): Illuminate/Queue/CallQueuedHandler->dispatchThroughMiddleware(Object(Illuminate/Queue/Jobs/DatabaseJob), Object(App/Jobs/ExtraerVentasJob))
#22 D:/DS-TI/CRM-DIMSUM/opm-digemid/vendor/laravel/framework/src/Illuminate/Queue/Jobs/Job.php(102): Illuminate/Queue/CallQueuedHandler->call(Object(Illuminate/Queue/Jobs/DatabaseJob), Array)
#23 D:/DS-TI/CRM-DIMSUM/opm-digemid/vendor/laravel/framework/src/Illuminate/Queue/Worker.php(461): Illuminate/Queue/Jobs/Job->fire()
#24 D:/DS-TI/CRM-DIMSUM/opm-digemid/vendor/laravel/framework/src/Illuminate/Queue/Worker.php(411): Illuminate/Queue/Worker->process('database', Object(Illuminate/Queue/Jobs/DatabaseJob), Object(Illuminate/Queue/WorkerOptions))
#25 D:/DS-TI/CRM-DIMSUM/opm-digemid/vendor/laravel/framework/src/Illuminate/Queue/Worker.php(189): Illuminate/Queue/Worker->runJob(Object(Illuminate/Queue/Jobs/DatabaseJob), 'database', Object(Illuminate/Queue/WorkerOptions))
#26 D:/DS-TI/CRM-DIMSUM/opm-digemid/vendor/laravel/framework/src/Illuminate/Queue/Console/WorkCommand.php(150): Illuminate/Queue/Worker->daemon('database', 'default', Object(Illuminate/Queue/WorkerOptions))
#27 D:/DS-TI/CRM-DIMSUM/opm-digemid/vendor/laravel/framework/src/Illuminate/Queue/Console/WorkCommand.php(133): Illuminate/Queue/Console/WorkCommand->runWorker('database', 'default')
#28 D:/DS-TI/CRM-DIMSUM/opm-digemid/vendor/laravel/framework/src/Illuminate/Container/BoundMethod.php(36): Illuminate/Queue/Console/WorkCommand->handle()
#29 D:/DS-TI/CRM-DIMSUM/opm-digemid/vendor/laravel/framework/src/Illuminate/Container/Util.php(43): Illuminate/Container/BoundMethod::Illuminate/Container/{closure}()
#30 D:/DS-TI/CRM-DIMSUM/opm-digemid/vendor/laravel/framework/src/Illuminate/Container/BoundMethod.php(95): Illuminate/Container/Util::unwrapIfClosure(Object(Closure))
#31 D:/DS-TI/CRM-DIMSUM/opm-digemid/vendor/laravel/framework/src/Illuminate/Container/BoundMethod.php(35): Illuminate/Container/BoundMethod::callBoundMethod(Object(Illuminate/Foundation/Application), Array, Object(Closure))
#32 D:/DS-TI/CRM-DIMSUM/opm-digemid/vendor/laravel/framework/src/Illuminate/Container/Container.php(696): Illuminate/Container/BoundMethod::call(Object(Illuminate/Foundation/Application), Array, Array, NULL)
#33 D:/DS-TI/CRM-DIMSUM/opm-digemid/vendor/laravel/framework/src/Illuminate/Console/Command.php(213): Illuminate/Container/Container->call(Array)
#34 D:/DS-TI/CRM-DIMSUM/opm-digemid/vendor/symfony/console/Command/Command.php(341): Illuminate/Console/Command->execute(Object(Symfony/Component/Console/Input/ArgvInput), Object(Illuminate/Console/OutputStyle))
#35 D:/DS-TI/CRM-DIMSUM/opm-digemid/vendor/laravel/framework/src/Illuminate/Console/Command.php(182): Symfony/Component/Console/Command/Command->run(Object(Symfony/Component/Console/Input/ArgvInput), Object(Illuminate/Console/OutputStyle))
#36 D:/DS-TI/CRM-DIMSUM/opm-digemid/vendor/symfony/console/Application.php(1117): Illuminate/Console/Command->run(Object(Symfony/Component/Console/Input/ArgvInput), Object(Symfony/Component/Console/Output/ConsoleOutput))
#37 D:/DS-TI/CRM-DIMSUM/opm-digemid/vendor/symfony/console/Application.php(356): Symfony/Component/Console/Application->doRunCommand(Object(Illuminate/Queue/Console/WorkCommand), Object(Symfony/Component/Console/Input/ArgvInput), Object(Symfony/Component/Console/Output/ConsoleOutput))
#38 D:/DS-TI/CRM-DIMSUM/opm-digemid/vendor/symfony/console/Application.php(195): Symfony/Component/Console/Application->doRun(Object(Symfony/Component/Console/Input/ArgvInput), Object(Symfony/Component/Console/Output/ConsoleOutput))
#39 D:/DS-TI/CRM-DIMSUM/opm-digemid/vendor/laravel/framework/src/Illuminate/Foundation/Console/Kernel.php(198): Symfony/Component/Console/Application->run(Object(Symfony/Component/Console/Input/ArgvInput), Object(Symfony/Component/Console/Output/ConsoleOutput))
#40 D:/DS-TI/CRM-DIMSUM/opm-digemid/vendor/laravel/framework/src/Illuminate/Foundation/Application.php(1235): Illuminate/Foundation/Console/Kernel->handle(Object(Symfony/Component/Console/Input/ArgvInput), Object(Symfony/Component/Console/Output/ConsoleOutput))
#41 D:/DS-TI/CRM-DIMSUM/opm-digemid/artisan(13): Illuminate/Foundation/Application->handleCommand(Object(Symfony/Component/Console/Input/ArgvInput))
#42 {main}

[previous exception] [object] (GuzzleHttp\\Exception\\ConnectException(code: 0): cURL error 28: Operation timed out after 35539287 milliseconds with 0 bytes received (see https://curl.se/libcurl/c/libcurl-errors.html) for http://127.0.0.1:3000/ventas/api/ventas/661237 at D:/DS-TI/CRM-DIMSUM/opm-digemid/vendor/guzzlehttp/guzzle/src/Handler/CurlFactory.php:1140)
[stacktrace]
#0 D:/DS-TI/CRM-DIMSUM/opm-digemid/vendor/guzzlehttp/guzzle/src/Handler/CurlFactory.php(1077): GuzzleHttp/Handler/CurlFactory::createRejection(Object(GuzzleHttp/Handler/EasyHandle), Array)
#1 D:/DS-TI/CRM-DIMSUM/opm-digemid/vendor/guzzlehttp/guzzle/src/Handler/CurlFactory.php(1014): GuzzleHttp/Handler/CurlFactory::finishError(Object(GuzzleHttp/Handler/CurlHandler), Object(GuzzleHttp/Handler/EasyHandle), Object(GuzzleHttp/Handler/CurlFactory))
#2 D:/DS-TI/CRM-DIMSUM/opm-digemid/vendor/guzzlehttp/guzzle/src/Handler/CurlHandler.php(86): GuzzleHttp/Handler/CurlFactory::finish(Object(GuzzleHttp/Handler/CurlHandler), Object(GuzzleHttp/Handler/EasyHandle), Object(GuzzleHttp/Handler/CurlFactory))
#3 D:/DS-TI/CRM-DIMSUM/opm-digemid/vendor/guzzlehttp/guzzle/src/Handler/Proxy.php(28): GuzzleHttp/Handler/CurlHandler->__invoke(Object(GuzzleHttp/Psr7/Request), Array)
#4 D:/DS-TI/CRM-DIMSUM/opm-digemid/vendor/guzzlehttp/guzzle/src/Handler/Proxy.php(68): GuzzleHttp/Handler/Proxy::GuzzleHttp/Handler/{closure}(Object(GuzzleHttp/Psr7/Request), Array)
#5 D:/DS-TI/CRM-DIMSUM/opm-digemid/vendor/guzzlehttp/guzzle/src/Handler/Proxy.php(48): GuzzleHttp/Handler/Proxy::GuzzleHttp/Handler/{closure}(Object(GuzzleHttp/Psr7/Request), Array)
#6 D:/DS-TI/CRM-DIMSUM/opm-digemid/vendor/laravel/framework/src/Illuminate/Http/Client/PendingRequest.php(1340): GuzzleHttp/Handler/Proxy::GuzzleHttp/Handler/{closure}(Object(GuzzleHttp/Psr7/Request), Array)
#7 D:/DS-TI/CRM-DIMSUM/opm-digemid/vendor/laravel/framework/src/Illuminate/Http/Client/PendingRequest.php(1306): Illuminate/Http/Client/PendingRequest->Illuminate/Http/Client/{closure}(Object(GuzzleHttp/Psr7/Request), Array)
#8 D:/DS-TI/CRM-DIMSUM/opm-digemid/vendor/laravel/framework/src/Illuminate/Http/Client/PendingRequest.php(1292): Illuminate/Http/Client/PendingRequest->Illuminate/Http/Client/{closure}(Object(GuzzleHttp/Psr7/Request), Array)
#9 D:/DS-TI/CRM-DIMSUM/opm-digemid/vendor/guzzlehttp/guzzle/src/PrepareBodyMiddleware.php(35): Illuminate/Http/Client/PendingRequest->Illuminate/Http/Client/{closure}(Object(GuzzleHttp/Psr7/Request), Array)
#10 D:/DS-TI/CRM-DIMSUM/opm-digemid/vendor/guzzlehttp/guzzle/src/Middleware.php(38): GuzzleHttp/PrepareBodyMiddleware->__invoke(Object(GuzzleHttp/Psr7/Request), Array)
#11 D:/DS-TI/CRM-DIMSUM/opm-digemid/vendor/guzzlehttp/guzzle/src/RedirectMiddleware.php(72): GuzzleHttp/Middleware::GuzzleHttp/{closure}(Object(GuzzleHttp/Psr7/Request), Array)
#12 D:/DS-TI/CRM-DIMSUM/opm-digemid/vendor/guzzlehttp/guzzle/src/Middleware.php(63): GuzzleHttp/RedirectMiddleware->__invoke(Object(GuzzleHttp/Psr7/Request), Array)
#13 D:/DS-TI/CRM-DIMSUM/opm-digemid/vendor/guzzlehttp/guzzle/src/HandlerStack.php(75): GuzzleHttp/Middleware::GuzzleHttp/{closure}(Object(GuzzleHttp/Psr7/Request), Array)
#14 D:/DS-TI/CRM-DIMSUM/opm-digemid/vendor/guzzlehttp/guzzle/src/Client.php(1085): GuzzleHttp/HandlerStack->__invoke(Object(GuzzleHttp/Psr7/Request), Array)
#15 D:/DS-TI/CRM-DIMSUM/opm-digemid/vendor/guzzlehttp/guzzle/src/Client.php(243): GuzzleHttp/Client->transfer(Object(GuzzleHttp/Psr7/Request), Array)
#16 D:/DS-TI/CRM-DIMSUM/opm-digemid/vendor/guzzlehttp/guzzle/src/Client.php(273): GuzzleHttp/Client->requestAsync('GET', Object(GuzzleHttp/Psr7/Uri), Array)
#17 D:/DS-TI/CRM-DIMSUM/opm-digemid/vendor/laravel/framework/src/Illuminate/Http/Client/PendingRequest.php(1138): GuzzleHttp/Client->request('GET', 'http://127.0.0....', Array)
#18 D:/DS-TI/CRM-DIMSUM/opm-digemid/vendor/laravel/framework/src/Illuminate/Http/Client/PendingRequest.php(907): Illuminate/Http/Client/PendingRequest->sendRequest('GET', 'http://127.0.0....', Array)
#19 D:/DS-TI/CRM-DIMSUM/opm-digemid/vendor/laravel/framework/src/Illuminate/Support/helpers.php(338): Illuminate/Http/Client/PendingRequest->Illuminate/Http/Client/{closure}(1)
#20 D:/DS-TI/CRM-DIMSUM/opm-digemid/vendor/laravel/framework/src/Illuminate/Http/Client/PendingRequest.php(905): retry(0, Object(Closure), 100, Object(Closure))
#21 D:/DS-TI/CRM-DIMSUM/opm-digemid/vendor/laravel/framework/src/Illuminate/Http/Client/PendingRequest.php(772): Illuminate/Http/Client/PendingRequest->send('GET', 'http://127.0.0....', Array)
#22 D:/DS-TI/CRM-DIMSUM/opm-digemid/app/Services/SalesGatewayClient.php(44): Illuminate/Http/Client/PendingRequest->get('/api/ventas/661...', Array)
#23 D:/DS-TI/CRM-DIMSUM/opm-digemid/app/Services/SalesGatewayClient.php(39): App/Services/SalesGatewayClient->get('/api/ventas/661...')
#24 D:/DS-TI/CRM-DIMSUM/opm-digemid/app/Jobs/ExtraerVentasJob.php(98): App/Services/SalesGatewayClient->saleDetail('661237')
#25 D:/DS-TI/CRM-DIMSUM/opm-digemid/app/Jobs/ExtraerVentasJob.php(65): App/Jobs/ExtraerVentasJob->procesarVenta(Object(App/Models/VentaExtraccion), Object(App/Services/SalesGatewayClient), Array)
#26 D:/DS-TI/CRM-DIMSUM/opm-digemid/app/Jobs/ExtraerVentasJob.php(36): App/Jobs/ExtraerVentasJob->procesar(Object(App/Models/VentaExtraccion), Object(App/Services/SalesGatewayClient))
#27 D:/DS-TI/CRM-DIMSUM/opm-digemid/vendor/laravel/framework/src/Illuminate/Container/BoundMethod.php(36): App/Jobs/ExtraerVentasJob->handle(Object(App/Services/SalesGatewayClient))
#28 D:/DS-TI/CRM-DIMSUM/opm-digemid/vendor/laravel/framework/src/Illuminate/Container/Util.php(43): Illuminate/Container/BoundMethod::Illuminate/Container/{closure}()
#29 D:/DS-TI/CRM-DIMSUM/opm-digemid/vendor/laravel/framework/src/Illuminate/Container/BoundMethod.php(95): Illuminate/Container/Util::unwrapIfClosure(Object(Closure))
#30 D:/DS-TI/CRM-DIMSUM/opm-digemid/vendor/laravel/framework/src/Illuminate/Container/BoundMethod.php(35): Illuminate/Container/BoundMethod::callBoundMethod(Object(Illuminate/Foundation/Application), Array, Object(Closure))
#31 D:/DS-TI/CRM-DIMSUM/opm-digemid/vendor/laravel/framework/src/Illuminate/Container/Container.php(696): Illuminate/Container/BoundMethod::call(Object(Illuminate/Foundation/Application), Array, Array, NULL)
#32 D:/DS-TI/CRM-DIMSUM/opm-digemid/vendor/laravel/framework/src/Illuminate/Bus/Dispatcher.php(126): Illuminate/Container/Container->call(Array)
#33 D:/DS-TI/CRM-DIMSUM/opm-digemid/vendor/laravel/framework/src/Illuminate/Pipeline/Pipeline.php(170): Illuminate/Bus/Dispatcher->Illuminate/Bus/{closure}(Object(App/Jobs/ExtraerVentasJob))
#34 D:/DS-TI/CRM-DIMSUM/opm-digemid/vendor/laravel/framework/src/Illuminate/Pipeline/Pipeline.php(127): Illuminate/Pipeline/Pipeline->Illuminate/Pipeline/{closure}(Object(App/Jobs/ExtraerVentasJob))
#35 D:/DS-TI/CRM-DIMSUM/opm-digemid/vendor/laravel/framework/src/Illuminate/Bus/Dispatcher.php(130): Illuminate/Pipeline/Pipeline->then(Object(Closure))
#36 D:/DS-TI/CRM-DIMSUM/opm-digemid/vendor/laravel/framework/src/Illuminate/Queue/CallQueuedHandler.php(126): Illuminate/Bus/Dispatcher->dispatchNow(Object(App/Jobs/ExtraerVentasJob), false)
#37 D:/DS-TI/CRM-DIMSUM/opm-digemid/vendor/laravel/framework/src/Illuminate/Pipeline/Pipeline.php(170): Illuminate/Queue/CallQueuedHandler->Illuminate/Queue/{closure}(Object(App/Jobs/ExtraerVentasJob))
#38 D:/DS-TI/CRM-DIMSUM/opm-digemid/vendor/laravel/framework/src/Illuminate/Pipeline/Pipeline.php(127): Illuminate/Pipeline/Pipeline->Illuminate/Pipeline/{closure}(Object(App/Jobs/ExtraerVentasJob))
#39 D:/DS-TI/CRM-DIMSUM/opm-digemid/vendor/laravel/framework/src/Illuminate/Queue/CallQueuedHandler.php(121): Illuminate/Pipeline/Pipeline->then(Object(Closure))
#40 D:/DS-TI/CRM-DIMSUM/opm-digemid/vendor/laravel/framework/src/Illuminate/Queue/CallQueuedHandler.php(69): Illuminate/Queue/CallQueuedHandler->dispatchThroughMiddleware(Object(Illuminate/Queue/Jobs/DatabaseJob), Object(App/Jobs/ExtraerVentasJob))
#41 D:/DS-TI/CRM-DIMSUM/opm-digemid/vendor/laravel/framework/src/Illuminate/Queue/Jobs/Job.php(102): Illuminate/Queue/CallQueuedHandler->call(Object(Illuminate/Queue/Jobs/DatabaseJob), Array)
#42 D:/DS-TI/CRM-DIMSUM/opm-digemid/vendor/laravel/framework/src/Illuminate/Queue/Worker.php(461): Illuminate/Queue/Jobs/Job->fire()
#43 D:/DS-TI/CRM-DIMSUM/opm-digemid/vendor/laravel/framework/src/Illuminate/Queue/Worker.php(411): Illuminate/Queue/Worker->process('database', Object(Illuminate/Queue/Jobs/DatabaseJob), Object(Illuminate/Queue/WorkerOptions))
#44 D:/DS-TI/CRM-DIMSUM/opm-digemid/vendor/laravel/framework/src/Illuminate/Queue/Worker.php(189): Illuminate/Queue/Worker->runJob(Object(Illuminate/Queue/Jobs/DatabaseJob), 'database', Object(Illuminate/Queue/WorkerOptions))
#45 D:/DS-TI/CRM-DIMSUM/opm-digemid/vendor/laravel/framework/src/Illuminate/Queue/Console/WorkCommand.php(150): Illuminate/Queue/Worker->daemon('database', 'default', Object(Illuminate/Queue/WorkerOptions))
#46 D:/DS-TI/CRM-DIMSUM/opm-digemid/vendor/laravel/framework/src/Illuminate/Queue/Console/WorkCommand.php(133): Illuminate/Queue/Console/WorkCommand->runWorker('database', 'default')
#47 D:/DS-TI/CRM-DIMSUM/opm-digemid/vendor/laravel/framework/src/Illuminate/Container/BoundMethod.php(36): Illuminate/Queue/Console/WorkCommand->handle()
#48 D:/DS-TI/CRM-DIMSUM/opm-digemid/vendor/laravel/framework/src/Illuminate/Container/Util.php(43): Illuminate/Container/BoundMethod::Illuminate/Container/{closure}()
#49 D:/DS-TI/CRM-DIMSUM/opm-digemid/vendor/laravel/framework/src/Illuminate/Container/BoundMethod.php(95): Illuminate/Container/Util::unwrapIfClosure(Object(Closure))
#50 D:/DS-TI/CRM-DIMSUM/opm-digemid/vendor/laravel/framework/src/Illuminate/Container/BoundMethod.php(35): Illuminate/Container/BoundMethod::callBoundMethod(Object(Illuminate/Foundation/Application), Array, Object(Closure))
#51 D:/DS-TI/CRM-DIMSUM/opm-digemid/vendor/laravel/framework/src/Illuminate/Container/Container.php(696): Illuminate/Container/BoundMethod::call(Object(Illuminate/Foundation/Application), Array, Array, NULL)
#52 D:/DS-TI/CRM-DIMSUM/opm-digemid/vendor/laravel/framework/src/Illuminate/Console/Command.php(213): Illuminate/Container/Container->call(Array)
#53 D:/DS-TI/CRM-DIMSUM/opm-digemid/vendor/symfony/console/Command/Command.php(341): Illuminate/Console/Command->execute(Object(Symfony/Component/Console/Input/ArgvInput), Object(Illuminate/Console/OutputStyle))
#54 D:/DS-TI/CRM-DIMSUM/opm-digemid/vendor/laravel/framework/src/Illuminate/Console/Command.php(182): Symfony/Component/Console/Command/Command->run(Object(Symfony/Component/Console/Input/ArgvInput), Object(Illuminate/Console/OutputStyle))
#55 D:/DS-TI/CRM-DIMSUM/opm-digemid/vendor/symfony/console/Application.php(1117): Illuminate/Console/Command->run(Object(Symfony/Component/Console/Input/ArgvInput), Object(Symfony/Component/Console/Output/ConsoleOutput))
#56 D:/DS-TI/CRM-DIMSUM/opm-digemid/vendor/symfony/console/Application.php(356): Symfony/Component/Console/Application->doRunCommand(Object(Illuminate/Queue/Console/WorkCommand), Object(Symfony/Component/Console/Input/ArgvInput), Object(Symfony/Component/Console/Output/ConsoleOutput))
#57 D:/DS-TI/CRM-DIMSUM/opm-digemid/vendor/symfony/console/Application.php(195): Symfony/Component/Console/Application->doRun(Object(Symfony/Component/Console/Input/ArgvInput), Object(Symfony/Component/Console/Output/ConsoleOutput))
#58 D:/DS-TI/CRM-DIMSUM/opm-digemid/vendor/laravel/framework/src/Illuminate/Foundation/Console/Kernel.php(198): Symfony/Component/Console/Application->run(Object(Symfony/Component/Console/Input/ArgvInput), Object(Symfony/Component/Console/Output/ConsoleOutput))
#59 D:/DS-TI/CRM-DIMSUM/opm-digemid/vendor/laravel/framework/src/Illuminate/Foundation/Application.php(1235): Illuminate/Foundation/Console/Kernel->handle(Object(Symfony/Component/Console/Input/ArgvInput), Object(Symfony/Component/Console/Output/ConsoleOutput))
#60 D:/DS-TI/CRM-DIMSUM/opm-digemid/artisan(13): Illuminate/Foundation/Application->handleCommand(Object(Symfony/Component/Console/Input/ArgvInput))
#61 {main}
"} 
[2026-08-20 10:30:34] local.ERROR: App\Jobs\ExtraerVentasJob has been attempted too many times. {"exception":"[object] (Illuminate\\Queue\\MaxAttemptsExceededException(code: 0): App\\Jobs\\ExtraerVentasJob has been attempted too many times. at D:/DS-TI/CRM-DIMSUM/opm-digemid/vendor/laravel/framework/src/Illuminate/Queue/MaxAttemptsExceededException.php:24)
[stacktrace]
#0 D:/DS-TI/CRM-DIMSUM/opm-digemid/vendor/laravel/framework/src/Illuminate/Queue/Worker.php(815): Illuminate/Queue/MaxAttemptsExceededException::forJob(Object(Illuminate/Queue/Jobs/DatabaseJob))
#1 D:/DS-TI/CRM-DIMSUM/opm-digemid/vendor/laravel/framework/src/Illuminate/Queue/Worker.php(547): Illuminate/Queue/Worker->maxAttemptsExceededException(Object(Illuminate/Queue/Jobs/DatabaseJob))
#2 D:/DS-TI/CRM-DIMSUM/opm-digemid/vendor/laravel/framework/src/Illuminate/Queue/Worker.php(450): Illuminate/Queue/Worker->markJobAsFailedIfAlreadyExceedsMaxAttempts('database', Object(Illuminate/Queue/Jobs/DatabaseJob), 1)
#3 D:/DS-TI/CRM-DIMSUM/opm-digemid/vendor/laravel/framework/src/Illuminate/Queue/Worker.php(411): Illuminate/Queue/Worker->process('database', Object(Illuminate/Queue/Jobs/DatabaseJob), Object(Illuminate/Queue/WorkerOptions))
#4 D:/DS-TI/CRM-DIMSUM/opm-digemid/vendor/laravel/framework/src/Illuminate/Queue/Worker.php(189): Illuminate/Queue/Worker->runJob(Object(Illuminate/Queue/Jobs/DatabaseJob), 'database', Object(Illuminate/Queue/WorkerOptions))
#5 D:/DS-TI/CRM-DIMSUM/opm-digemid/vendor/laravel/framework/src/Illuminate/Queue/Console/WorkCommand.php(150): Illuminate/Queue/Worker->daemon('database', 'default', Object(Illuminate/Queue/WorkerOptions))
#6 D:/DS-TI/CRM-DIMSUM/opm-digemid/vendor/laravel/framework/src/Illuminate/Queue/Console/WorkCommand.php(133): Illuminate/Queue/Console/WorkCommand->runWorker('database', 'default')
#7 D:/DS-TI/CRM-DIMSUM/opm-digemid/vendor/laravel/framework/src/Illuminate/Container/BoundMethod.php(36): Illuminate/Queue/Console/WorkCommand->handle()
#8 D:/DS-TI/CRM-DIMSUM/opm-digemid/vendor/laravel/framework/src/Illuminate/Container/Util.php(43): Illuminate/Container/BoundMethod::Illuminate/Container/{closure}()
#9 D:/DS-TI/CRM-DIMSUM/opm-digemid/vendor/laravel/framework/src/Illuminate/Container/BoundMethod.php(95): Illuminate/Container/Util::unwrapIfClosure(Object(Closure))
#10 D:/DS-TI/CRM-DIMSUM/opm-digemid/vendor/laravel/framework/src/Illuminate/Container/BoundMethod.php(35): Illuminate/Container/BoundMethod::callBoundMethod(Object(Illuminate/Foundation/Application), Array, Object(Closure))
#11 D:/DS-TI/CRM-DIMSUM/opm-digemid/vendor/laravel/framework/src/Illuminate/Container/Container.php(696): Illuminate/Container/BoundMethod::call(Object(Illuminate/Foundation/Application), Array, Array, NULL)
#12 D:/DS-TI/CRM-DIMSUM/opm-digemid/vendor/laravel/framework/src/Illuminate/Console/Command.php(213): Illuminate/Container/Container->call(Array)
#13 D:/DS-TI/CRM-DIMSUM/opm-digemid/vendor/symfony/console/Command/Command.php(341): Illuminate/Console/Command->execute(Object(Symfony/Component/Console/Input/ArgvInput), Object(Illuminate/Console/OutputStyle))
#14 D:/DS-TI/CRM-DIMSUM/opm-digemid/vendor/laravel/framework/src/Illuminate/Console/Command.php(182): Symfony/Component/Console/Command/Command->run(Object(Symfony/Component/Console/Input/ArgvInput), Object(Illuminate/Console/OutputStyle))
#15 D:/DS-TI/CRM-DIMSUM/opm-digemid/vendor/symfony/console/Application.php(1117): Illuminate/Console/Command->run(Object(Symfony/Component/Console/Input/ArgvInput), Object(Symfony/Component/Console/Output/ConsoleOutput))
#16 D:/DS-TI/CRM-DIMSUM/opm-digemid/vendor/symfony/console/Application.php(356): Symfony/Component/Console/Application->doRunCommand(Object(Illuminate/Queue/Console/WorkCommand), Object(Symfony/Component/Console/Input/ArgvInput), Object(Symfony/Component/Console/Output/ConsoleOutput))
#17 D:/DS-TI/CRM-DIMSUM/opm-digemid/vendor/symfony/console/Application.php(195): Symfony/Component/Console/Application->doRun(Object(Symfony/Component/Console/Input/ArgvInput), Object(Symfony/Component/Console/Output/ConsoleOutput))
#18 D:/DS-TI/CRM-DIMSUM/opm-digemid/vendor/laravel/framework/src/Illuminate/Foundation/Console/Kernel.php(198): Symfony/Component/Console/Application->run(Object(Symfony/Component/Console/Input/ArgvInput), Object(Symfony/Component/Console/Output/ConsoleOutput))
#19 D:/DS-TI/CRM-DIMSUM/opm-digemid/vendor/laravel/framework/src/Illuminate/Foundation/Application.php(1235): Illuminate/Foundation/Console/Kernel->handle(Object(Symfony/Component/Console/Input/ArgvInput), Object(Symfony/Component/Console/Output/ConsoleOutput))
#20 D:/DS-TI/CRM-DIMSUM/opm-digemid/artisan(13): Illuminate/Foundation/Application->handleCommand(Object(Symfony/Component/Console/Input/ArgvInput))
#21 {main}
"} 
